symbol,name,type,sector,exchange
24H,CTCP Quảng cáo trực tuyến 24H,Stock,Công nghệ,OTC
A32,Công ty cổ phần 32,Stock,Hàng tiêu dùng,UPCOM
AAA,Công ty Cổ phần Nhựa An Phát Xanh,Stock,Nguyên vật liệu,HOSE
AAH,Công ty cổ phần Hợp Nhất,Stock,,UPCOM
AAM,Công ty Cổ phần Thủy sản Mekong,Stock,Nông nghiệp,HOSE
AAN,Công ty cổ phần Lương thực A An,Stock,,OTC
AAS,Công ty cổ phần Chứng khoán SmartInvest,Stock,Tài chính,UPCOM
AAT,Công ty Cổ phần Tập đoàn Tiên Sơn Thanh Hóa,Stock,Hàng tiêu dùng,HOSE
AAV,Công ty Cổ phần AAV Group,Stock,Bất động sản và Xây dựng,HNX
ABA,#N/A,Stock,,OTC
ABB,Ngân hàng Thương mại cổ phần An Bình,Stock,Tài chính,UPCOM
ABC,Công ty cổ phần Truyền thông VMG,Stock,Viễn thông,UPCOM
ABF,Công ty cổ phần Quản lý quỹ đầu tư Chứng khoán An Bình,Stock,Tài chính,OTC
ABI,Công ty Cổ phần Bảo hiểm Ngân hàng Nông nghiệp,Stock,Tài chính,UPCOM
ABR,Công ty Cổ phần Đầu tư Nhãn hiệu Việt,Stock,Hàng tiêu dùng,HOSE
ABS,Công ty cổ phần Dịch vụ Nông nghiệp Bình Thuận,Stock,Nông nghiệp,HOSE
ABT,Công ty Cổ phần Xuất nhập khẩu Thủy sản Bến Tre,Stock,Nông nghiệp,HOSE
ABW,CTCP Chứng khoán An Bình,Stock,,UPCOM
ACB,Ngân hàng Thương mại Cổ phần Á Châu,Stock,Tài chính,HOSE
ACC,Công ty Cổ phần Đầu tư và Xây dựng Bình Dương ACC,Stock,Bất động sản và Xây dựng,HOSE
ACE,Công ty Cổ phần Bê tông ly tâm An Giang,Stock,Công nghiệp,UPCOM
ACG,Công ty Cổ phần Gỗ An Cường,Stock,Hàng tiêu dùng,HOSE
ACL,Công ty cổ phần Xuất nhập khẩu Thủy sản Cửu Long An Giang,Stock,Nông nghiệp,HOSE
ACM,Công ty cổ phần Tập đoàn Khoáng sản Á Cường,Stock,Nguyên vật liệu,UPCOM
ACS,Công ty Cổ phần Xây lắp Thương mại 2,Stock,Bất động sản và Xây dựng,UPCOM
ACV,Tổng công ty Cảng hàng không Việt Nam - CTCP,Stock,Công nghiệp,UPCOM
ADC,Công ty Cổ phần Mĩ thuật và Truyền thông,Stock,Dịch vụ,HNX
ADG,Công ty cổ phần Clever Group,Stock,Dịch vụ,HOSE
ADP,Công ty Cổ phần Sơn Á Đông,Stock,Nguyên vật liệu,HOSE
ADS,Công ty cổ phần Damsan,Stock,Hàng tiêu dùng,HOSE
AFM,Công ty Cổ phần Quản lý quỹ AIC,Stock,,OTC
AFX,Công ty Cổ phần Xuất nhập khẩu Nông sản Thực phẩm An Giang,Stock,Nông nghiệp,HOSE
AG1,Công ty Cổ phần 28.1,Stock,Hàng tiêu dùng,UPCOM
AGF,Công ty Cổ phần Xuất nhập khẩu Thủy sản An Giang,Stock,Nông nghiệp,UPCOM
AGG,Công ty Cổ phần Đầu tư và Phát triển Bất động sản An Gia,Stock,Bất động sản và Xây dựng,HOSE
AGM,Công ty cổ phần Xuất nhập khẩu An Giang,Stock,Nông nghiệp,UPCOM
AGP,Công ty cổ phần Dược phẩm Agimexpharm,Stock,Y tế,UPCOM
AGR,Công ty Cổ phần Chứng khoán Agribank,Stock,Tài chính,HOSE
AGX,Công ty cổ phần Thực phẩm Nông sản Xuất khẩu Sài Gòn,Stock,Hàng tiêu dùng,UPCOM
AIC,Tổng Công ty cổ phần Bảo hiểm Hàng không,Stock,Tài chính,UPCOM
AIG,Công ty Cổ phần Nguyên liệu Á Châu AIG,Stock,,UPCOM
ALC,Công ty cổ phần Âu Lạc,Stock,Năng lượng,UPCOM
ALT,Công ty Cổ phần Văn hóa Tân Bình,Stock,Dịch vụ,HNX
ALV,Công ty Cổ phần Tập Đoàn MCST,Stock,Bất động sản và Xây dựng,UPCOM
AMC,Công ty cổ phần Khoáng sản Á Châu,Stock,Nguyên vật liệu,HNX
AMD,Công ty cổ phần Đầu tư và Khoáng sản FLC Stone,Stock,Công nghệ,UPCOM
AME,Công ty Cổ phần Alphanam E&C,Stock,Bất động sản và Xây dựng,HNX
AMP,Công ty Cổ phần Armephaco,Stock,Y tế,UPCOM
AMS,Công ty Cổ phần Cơ khí xây dựng AMECC,Stock,Công nghiệp,UPCOM
AMV,CTCP Sản xuất Kinh doanh Dược và Trang thiết bị Y,Stock,Y tế,HNX
ANT,Công ty cổ phần Rau quả Thực phẩm An Giang,Stock,Nông nghiệp,HOSE
ANV,Công ty Cổ phần Nam Việt,Stock,Nông nghiệp,HOSE
APC,Công ty Cổ phần Chiếu xạ An Phú,Stock,Nông nghiệp,UPCOM
APF,Công ty Cổ phần Nông sản thực phẩm Quảng Ngãi,Stock,Nông nghiệp,UPCOM
APG,Công ty Cổ phần Chứng khoán APG,Stock,Tài chính,HOSE
APH,Công ty Cổ phần Tập đoàn An Phát Holdings,Stock,Nguyên vật liệu,HOSE
API,Công ty Cổ phần Đầu tư Châu Á - Thái Bình Dương,Stock,Tài chính,HNX
APL,CTCP Cơ khí và Thiết bị áp lực - VVMI,Stock,Công nghiệp,UPCOM
APP,Công ty Cổ phần Phát triển Phụ gia và Sản phẩm Dầu mỏ,Stock,Nguyên vật liệu,UPCOM
APS,Công ty Cổ phần Chứng khoán Châu Á – Thái Bình Dương,Stock,Tài chính,HNX
APT,CTCP Kinh doanh Thủy Hải Sản Sài Gòn,Stock,Nông nghiệp,UPCOM
ARM,Công ty Cổ phần Xuất nhập khẩu Hàng không,Stock,Dịch vụ,HNX
ART,Công ty Cổ phần Chứng khoán Artex,Stock,Tài chính,UPCOM
ASA,CTCP ASA,Stock,Hàng tiêu dùng,UPCOM
ASC,Công ty Cổ phần Chứng khoán ASC,Stock,Tài chính,OTC
ASG,Cổ phiếu Công ty Cổ phần Tập đoàn ASG,Stock,Công nghiệp,HOSE
ASM,Công ty Cổ phần Tập đoàn Sao Mai,Stock,Bất động sản và Xây dựng,HOSE
ASP,Công ty Cổ phần Tập đoàn Dầu khí An Pha,Stock,Năng lượng,HOSE
AST,Công ty Cổ phần Dịch vụ Hàng không Taseco,Stock,Công nghiệp,HOSE
ATA,Công ty Cổ phần NTACO,Stock,Nông nghiệp,UPCOM
ATG,Công ty Cổ phần An Trường An,Stock,Nguyên vật liệu,UPCOM
ATS,Công ty cổ phần Tập đoàn Đầu tư ATS,Stock,Y tế,HNX
AVC,Công ty cổ phần Thuỷ điện A Vương,Stock,Năng lượng,UPCOM
AVF,CTCP Việt An,Stock,Hàng tiêu dùng,UPCOM
AVG,CTCP Phân bón Quốc tế Âu Việt,Stock,Dịch vụ,UPCOM
BAB,Ngân hàng Thương mại cổ phần Bắc Á,Stock,Tài chính,HNX
BAF,Công ty Cổ phần Nông nghiệp BaF Việt Nam,Stock,Nông nghiệp,HOSE
BAL,Công ty cổ phần Bao bì Bia – Rượu – Nước giải khát,Stock,Hàng tiêu dùng,UPCOM
BAX,Công ty Cổ phần Thống Nhất,Stock,Bất động sản và Xây dựng,HNX
BBC,Công ty Cổ phần Bibica,Stock,Hàng tiêu dùng,HOSE
BBH,CTCP Bao bì Hoàng Thạch,Stock,Nguyên vật liệu,UPCOM
BBM,Công ty Cổ phần Bia Hà Nội - Nam Định,Stock,Hàng tiêu dùng,UPCOM
BBS,Công ty cổ phần VICEM Bao bì Bút Sơn,Stock,Nguyên vật liệu,HNX
BBT,Công ty Cổ phần Bông Bạch Tuyết,Stock,Y tế,UPCOM
BCA,Công ty cổ phần B.C.H,Stock,Nguyên vật liệu,UPCOM
BCB,Công ty cổ phần 397,Stock,Năng lượng,UPCOM
BCC,Công ty Cổ phần Xi măng Bỉm Sơn,Stock,Bất động sản và Xây dựng,HNX
BCE,Công ty Cổ phần Xây dựng và Giao thông Bình Dương,Stock,Bất động sản và Xây dựng,HOSE
BCF,Công ty Cổ phần Thực phẩm Bích Chi,Stock,Hàng tiêu dùng,HNX
BCG,Công ty cổ phần Bamboo Capital,Stock,Tài chính,HOSE
BCM,Tập đoàn Đầu tư và Phát triển công nghiệp Becamex - CTCP,Stock,Bất động sản và Xây dựng,HOSE
BCP,Công ty cổ phần Dược Enlie,Stock,Nguyên vật liệu,UPCOM
BCR,Công ty cổ phần BCG Land,Stock,,UPCOM
BCV,CTCP Du lịch và Thương mại Bằng Giang Cao Bằng - Vimico,Stock,Dịch vụ,UPCOM
BDB,Công ty Cổ phần Sách và Thiết bị Bình Định,Stock,Dịch vụ,HNX
BDG,Công ty cổ phần May mặc Bình Dương,Stock,Hàng tiêu dùng,UPCOM
BDT,Công ty Cổ phần Xây lắp và Vật liệu Xây dựng Đồng Tháp,Stock,Bất động sản và Xây dựng,UPCOM
BDW,Công ty cổ phần Cấp thoát nước Bình Định,Stock,Dịch vụ,UPCOM
BED,Công ty Cổ phần Sách và Thiết bị trường học Đà Nẵng,Stock,Dịch vụ,HNX
BEL,CTCP Điện tử Biên Hòa,Stock,Công nghệ,UPCOM
BFC,Công ty cổ phần Phân bón Bình Điền,Stock,Nông nghiệp,HOSE
BFI,Công ty cổ phần Đầu tư tài chính BIDV,Stock,,OTC
BGE,Công ty cổ phần BCG Energy,Stock,,UPCOM
BGW,Công ty Cổ phần Nước sạch Bắc Giang,Stock,Dịch vụ,UPCOM
BHA,Công ty Cổ phần Thủy điện Bắc Hà,Stock,Năng lượng,UPCOM
BHC,Công ty Cổ phần Bê tông Biên Hòa,Stock,Bất động sản và Xây dựng,UPCOM
BHG,Công ty cổ phần Chè Biển Hồ,Stock,Nông nghiệp,UPCOM
BHH,Công ty cổ phần Thương mại Bia Hà Nội - Hưng Yên 89,Stock,,UPCOM
BHI,Tổng Công ty cổ phần Bảo hiểm Sài Gòn - Hà Nội,Stock,,UPCOM
BHK,Công ty Cổ phần Bia Hà Nội - Kim Bài,Stock,Hàng tiêu dùng,UPCOM
BHN,Tổng CTCP Bia - Rượu - Nước giải khát Hà Nội,Stock,Hàng tiêu dùng,HOSE
BHP,Công ty Cổ phần Bia Hà Nội - Hải Phòng,Stock,Hàng tiêu dùng,UPCOM
BIC,Tổng Công ty Cổ phần Bảo hiểm Ngân hàng Đầu tư và phát triển Việt Nam,Stock,Tài chính,HOSE
BID,Ngân hàng Thương mại cổ phần Đầu tư và Phát triển Việt Nam,Stock,Tài chính,HOSE
BIG,CTCP Big Invest Group,Stock,Bất động sản và Xây dựng,UPCOM
BII,Công ty cổ phần Đầu tư và Phát triển Công nghiệp Bảo Thư,Stock,Bất động sản và Xây dựng,UPCOM
BIO,Công ty cổ phần Vắc xin và Sinh phẩm Nha Trang,Stock,Y tế,UPCOM
BJC,Công Ty Cổ Phần VRG - Bảo Lộc,Stock,,OTC
BKC,Công ty Cổ phần Khoáng sản Bắc Kạn,Stock,Nguyên vật liệu,HNX
BKG,Công ty Cổ phần Đầu tư BKG Việt Nam,Stock,Dịch vụ,HOSE
BLF,Công ty Cổ phần Thủy sản Bạc Liêu,Stock,Nông nghiệp,UPCOM
BLI,Tổng Công ty cổ phần Bảo hiểm Bảo Long,Stock,Tài chính,UPCOM
BLN,CTCP Vận tải và Dịch vụ Liên Ninh,Stock,Công nghiệp,UPCOM
BLT,Công ty Cổ phần Lương thực Bình Định,Stock,Nông nghiệp,UPCOM
BLW,Công ty cổ phần Cấp nước Bạc Liêu,Stock,Dịch vụ,OTC
BMC,Công ty cổ phần Khoáng sản Bình Định,Stock,Nguyên vật liệu,HOSE
BMD,Công ty Cổ phần Môi trường và Dịch vụ đô thị Bình Thuận,Stock,Dịch vụ,UPCOM
BMF,Công ty cổ phần Vật liệu Xây dựng và Chất đốt Đồng Nai,Stock,Năng lượng,UPCOM
BMG,Công ty cổ phần May Bình Minh,Stock,Hàng tiêu dùng,UPCOM
BMI,Tổng Công ty Cổ phần Bảo Minh,Stock,Tài chính,HOSE
BMJ,Công ty Cổ phần Khoáng sản Miền Đông AHP,Stock,Bất động sản và Xây dựng,UPCOM
BMK,Công ty cổ phần Kỹ thuật nhiệt Mèo Đen,Stock,,UPCOM
BMP,Công ty Cổ phần Nhựa Bình Minh,Stock,Bất động sản và Xây dựng,HOSE
BMS,Công ty Cổ phần Chứng khoán Bảo Minh,Stock,Tài chính,UPCOM
BMV,Công ty Cổ phần Bột mỳ Vinafood 1,Stock,Nông nghiệp,UPCOM
BNA,Công ty cổ phần Tập đoàn Đầu tư Bảo Ngọc,Stock,Hàng tiêu dùng,HNX
BNC,Công ty cổ phần Dịch vụ Cáp treo Bà Nà,Stock,Dịch vụ,OTC
BNW,Công ty cổ phần Nước sạch Bắc Ninh,Stock,Dịch vụ,UPCOM
BOT,Công ty cổ phần BOT Cầu Thái Hà,Stock,Công nghiệp,UPCOM
BPC,Công ty cổ phần Vicem Bao bì Bỉm Sơn,Stock,Nguyên vật liệu,HNX
BQB,Công ty Cổ phần Bia Hà Nội - Quảng Bình,Stock,Hàng tiêu dùng,UPCOM
BQP,Công ty cổ phần Nhựa Chất lượng cao Bình Thuận,Stock,,UPCOM
BRC,Công ty Cổ phần Cao su Bến Thành,Stock,Nguyên vật liệu,HOSE
BRR,Công ty Cổ phần Cao su Bà Rịa,Stock,Nông nghiệp,UPCOM
BRS,Công ty Cổ phần Dịch vụ đô thị Bà Rịa,Stock,Dịch vụ,UPCOM
BSA,Công ty cổ phần Thủy điện Buôn Đôn,Stock,Năng lượng,UPCOM
BSC,Công ty Cổ phần Dịch vụ Bến Thành,Stock,Dịch vụ,HNX
BSD,"Công ty Cổ phần Bia, Rượu Sài Gòn - Đồng Xuân",Stock,Hàng tiêu dùng,UPCOM
BSG,Công ty Cổ phần Xe khách Sài Gòn,Stock,Công nghiệp,UPCOM
BSH,Công ty cổ phần Bia Sài Gòn - Hà Nội,Stock,Hàng tiêu dùng,UPCOM
BSI,Công ty cổ phần Chứng khoán BIDV,Stock,Tài chính,HOSE
BSL,Công ty Cổ phần Bia Sài Gòn - Sông Lam,Stock,Hàng tiêu dùng,UPCOM
BSP,Công ty cổ phần Bia Sài Gòn - Phú Thọ,Stock,Hàng tiêu dùng,UPCOM
BSQ,Công ty cổ phần Bia Sài Gòn - Quảng Ngãi,Stock,Hàng tiêu dùng,UPCOM
BSR,Công ty Cổ phần Lọc Hóa dầu Bình Sơn,Stock,Năng lượng,HOSE
BST,Công ty Cổ phần Sách - Thiết bị Bình Thuận,Stock,Dịch vụ,HNX
BT1,Công ty cổ phần Bảo vệ Thực vật 1 Trung ương,Stock,Nông nghiệp,UPCOM
BT6,CTCP Beton 6,Stock,Nguyên vật liệu,UPCOM
BTA,CTCP Bất động sản Bình Thiên An,Stock,Bất động sản và Xây dựng,OTC
BTB,Công ty Cổ phần Bia Hà Nội - Thái Bình,Stock,Hàng tiêu dùng,UPCOM
BTD,Công ty Cổ phần Bê tông Ly tâm Thủ Đức,Stock,Bất động sản và Xây dựng,UPCOM
BTG,Công ty Cổ phần Bao bì Tiền Giang,Stock,Nguyên vật liệu,UPCOM
BTH,Công ty Cổ phần Chế tạo Biến thế và Vật liệu điện Hà Nội,Stock,Công nghiệp,UPCOM
BTJ,CTCP Vàng bạc đá quý Bến Thành,Stock,Dịch vụ,OTC
BTL,Công ty Cổ phần Đầu tư Địa ốc Bến Thành,Stock,,OTC
BTN,Công ty Cổ phần Gạch Tuy Nen Bình Định,Stock,Bất động sản và Xây dựng,UPCOM
BTP,Công ty Cổ phần Nhiệt điện Bà Rịa,Stock,Năng lượng,HOSE
BTS,Công ty cổ phần Xi măng Vicem Bút Sơn,Stock,Bất động sản và Xây dựng,HNX
BTT,Công ty Cổ phần Thương mại - Dịch vụ Bến Thành,Stock,Dịch vụ,HOSE
BTU,CTCP Công trình Đô thị Bến Tre,Stock,Bất động sản và Xây dựng,UPCOM
BTV,Công ty Cổ phần Dịch vụ Du lịch Bến Thành,Stock,Dịch vụ,UPCOM
BTW,Công ty Cổ phần Cấp nước Bến Thành,Stock,Dịch vụ,HNX
BVB,Ngân hàng Thương mại cổ phần Bản Việt,Stock,Tài chính,UPCOM
BVF,Công ty TNHH Quản lý Quỹ Bảo Việt,Stock,Tài chính,OTC
BVG,Công ty Cổ phần GROUP Bắc Việt,Stock,Công nghiệp,UPCOM
BVH,Tập đoàn Bảo Việt,Stock,Tài chính,HOSE
BVL,Công ty cổ phần BV Land,Stock,Bất động sản và Xây dựng,UPCOM
BVN,Công ty cổ phần Bông Việt Nam,Stock,Hàng tiêu dùng,UPCOM
BVS,Công ty Cổ phần Chứng khoán Bảo Việt,Stock,Tài chính,HNX
BWA,Công ty Cổ phần Cấp thoát nước và Xây dựng Bảo Lộc,Stock,Dịch vụ,UPCOM
BWE,Công ty Cổ phần Nước – Môi trường Bình Dương,Stock,Dịch vụ,HOSE
BWS,Công ty cổ phần Cấp nước Bà Rịa - Vũng Tàu,Stock,Dịch vụ,UPCOM
BXH,Công ty cổ phần VICEM Bao bì Hải Phòng,Stock,Nguyên vật liệu,HNX
C12,CTCP Cầu 12,Stock,Bất động sản và Xây dựng,UPCOM
C21,Công ty cổ phần Thế kỷ 21,Stock,Bất động sản và Xây dựng,UPCOM
C22,Công ty Cổ phần 22,Stock,Nông nghiệp,UPCOM
C32,Công ty Cổ phần CIC39,Stock,Bất động sản và Xây dựng,HOSE
C47,Công ty Cổ phần Xây dựng 47,Stock,Bất động sản và Xây dựng,HOSE
C4G,Công ty cổ phần Tập đoàn CIENCO4,Stock,Bất động sản và Xây dựng,UPCOM
C69,Công ty Cổ phần Xây dựng 1369,Stock,Bất động sản và Xây dựng,HNX
C92,Công ty Cổ phần Xây dựng và Đầu tư 492,Stock,Bất động sản và Xây dựng,UPCOM
CAB,CTCP Tổng Công ty Truyền hình Cáp Việt Nam,Stock,Dịch vụ,UPCOM
CAD,Công ty Cổ phần Chế biến và Xuất nhập khẩu Thủy sản CADOVIMEX,Stock,Nông nghiệp,UPCOM
CAG,Công ty Cổ phần Cảng An Giang,Stock,Công nghiệp,HNX
CAN,Công ty Cổ phần Đồ hộp Hạ Long,Stock,Hàng tiêu dùng,HNX
CAP,Công ty Cổ phần Lâm Nông sản Thực phẩm Yên Bái,Stock,Nông nghiệp,HNX
CAR,Công ty Cổ phần Tập đoàn Giáo dục Trí Việt,Stock,Dịch vụ,HNX
CAT,Công ty Cổ phần Thủy sản Cà Mau,Stock,Nông nghiệp,UPCOM
CBI,Công ty Cổ phần Gang thép Cao Bằng,Stock,Bất động sản và Xây dựng,UPCOM
CBS,Công ty Cổ phần Mía đường Cao Bằng,Stock,Nông nghiệp,UPCOM
CC1,Tổng Công ty Xây dựng số 1 - CTCP,Stock,Bất động sản và Xây dựng,UPCOM
CCA,CTCP Xuất nhập khẩu Thủy sản Cần Thơ,Stock,Nông nghiệp,UPCOM
CCC,Công ty Cổ phần xây dựng CDC,Stock,,HOSE
CCI,Công ty Cổ phần Đầu tư Phát triển Công nghiệp - Thương mại Củ Chi,Stock,Bất động sản và Xây dựng,HOSE
CCL,Công ty cổ phần Đầu tư và Phát triển Đô thị Dầu khí Cửu Long,Stock,Bất động sản và Xây dựng,HOSE
CCM,Công ty Cổ phần Khoáng sản & Xi măng Cần Thơ,Stock,Bất động sản và Xây dựng,UPCOM
CCP,Công ty cổ phần Cảng Cửa Cấm Hải Phòng,Stock,Năng lượng,UPCOM
CCR,Công ty cổ phần Cảng Cam Ranh ,Stock,Công nghiệp,HNX
CCS,Công ty cổ phần Chíp Sáng,Stock,,UPCOM
CCT,Công ty Cổ phần Cảng Cần Thơ,Stock,Công nghiệp,UPCOM
CCV,Công ty cổ phần Tư vấn Xây dựng Công nghiệp và Đô thị Việt Nam,Stock,Bất động sản và Xây dựng,UPCOM
CDC,Công ty Cổ phần Chương Dương,Stock,Bất động sản và Xây dựng,HOSE
CDG,Công ty Cổ phần Cầu Đuống,Stock,Bất động sản và Xây dựng,UPCOM
CDH,CTCP Công trình công cộng Dịch vụ Du lịch Hải Phòng,Stock,Dịch vụ,UPCOM
CDN,Công ty cổ phần Cảng Đà Nẵng,Stock,Công nghiệp,HNX
CDO, Công ty Cổ phần Tư vấn thiết kế và Phát triển đô thị,Stock,Bất động sản và Xây dựng,UPCOM
CDP,Công ty cổ phần Dược phẩm Trung ương Codupha,Stock,Y tế,UPCOM
CDR,Công ty Cổ phần Xây dựng Cao su Đồng Nai,Stock,Bất động sản và Xây dựng,UPCOM
CE1,Công ty Cổ phần Xây dựng và Thiết bị Công nghiệp CIE1,Stock,Công nghiệp,UPCOM
CEG,Công ty Cổ phần Tập đoàn Xây dựng và Thiết bị Công nghiệp,Stock,Công nghiệp,UPCOM
CEN,Công ty Cổ phần CENCON Việt Nam,Stock,Doanh nghiệp Upcom,UPCOM
CEO,Công ty Cổ phần Tập đoàn C.E.O,Stock,Bất động sản và Xây dựng,HNX
CET,Công ty cổ phần HTC Holding,Stock,Công nghiệp,HNX
CFM,CTCP Đầu tư CFM,Stock,Dịch vụ,UPCOM
CFV,Công ty cổ phần Cà phê Thắng Lợi,Stock,Nông nghiệp,UPCOM
CGV,Công ty Cổ phần Sành sứ Thủy tinh Việt Nam,Stock,Bất động sản và Xây dựng,UPCOM
CH5,Công ty Cổ phần Xây dựng Số 5 Hà Nội,Stock,Bất động sản và Xây dựng,UPCOM
CHC,Công ty Cổ phần Cẩm Hà,Stock,Hàng tiêu dùng,UPCOM
CHP,Công ty Cổ phần Thủy điện miền Trung,Stock,Năng lượng,HOSE
CHS,Công ty Cổ phần Chiếu sáng Công cộng Thành phố Hồ Chí Minh,Stock,Năng lượng,UPCOM
CI5,Công ty cổ phần Đầu tư Xây dựng số 5,Stock,Bất động sản và Xây dựng,UPCOM
CIA,Công ty Cổ phần Dịch vụ Sân bay Quốc tế Cam Ranh,Stock,Công nghiệp,HNX
CID,Công ty Cổ phần Xây dựng và Phát triển Cơ sở Hạ tầng,Stock,Bất động sản và Xây dựng,UPCOM
CIG,Công ty Cổ phần COMA18,Stock,Bất động sản và Xây dựng,HOSE
CII,Công ty cổ phần Đầu tư Hạ tầng Kỹ thuật T.P Hồ Chí Minh,Stock,Công nghiệp,HOSE
CIP,Công ty Cổ phần Xây lắp và Sản xuất Công nghiệp,Stock,Bất động sản và Xây dựng,UPCOM
CJC,Công ty Cổ phần Cơ điện Miền Trung,Stock,Công nghiệp,HNX
CK8,Công ty Cổ phần Cơ khí 120,Stock,Công nghiệp,UPCOM
CKA,Công ty cổ phần Cơ khí An Giang,Stock,Công nghiệp,UPCOM
CKD,Công ty cổ phần Cơ khí Đông Anh Licogi,Stock,Nguyên vật liệu,UPCOM
CKG,Công ty Cổ phần Tập đoàn CIC,Stock,Bất động sản và Xây dựng,HOSE
CKV,Công ty Cổ phần COKYVINA,Stock,Dịch vụ,HNX
CLC,Công ty Cổ phần Cát Lợi,Stock,Nguyên vật liệu,HOSE
CLG,Công ty Cổ phần Đầu tư và Phát triển Nhà đất COTEC,Stock,Bất động sản và Xây dựng,UPCOM
CLH,Công ty cổ phần Xi măng La Hiên VVMI,Stock,Bất động sản và Xây dựng,HNX
CLL,Công ty cổ phần Cảng Cát Lái,Stock,Công nghiệp,HOSE
CLM,CTCP Xuất nhập khẩu Than - Vinacomin,Stock,Năng lượng,HNX
CLW,Công ty Cổ phần Cấp nước Chợ Lớn,Stock,Dịch vụ,HOSE
CLX,Công ty Cổ phần Xuất nhập khẩu và Đầu tư Chợ Lớn (Cholimex),Stock,Dịch vụ,UPCOM
CMC,Công ty Cổ phần Đầu tư CMC,Stock,Công nghiệp,HNX
CMD,CTCP Vật liệu Xây dựng và Trang trí Nội thất Thành phố Hồ Chí Minh,Stock,Bất động sản và Xây dựng,UPCOM
CMF,Công ty Cổ phần Thực phẩm Cholimex,Stock,Hàng tiêu dùng,UPCOM
CMG,Công ty Cổ phần Tập đoàn Công nghệ CMC,Stock,Công nghệ,HOSE
CMI,Công ty cổ phần CMISTONE Việt Nam,Stock,Nguyên vật liệu,UPCOM
CMK,Công ty cổ phần Cơ khí Mạo khê - Vinacomin,Stock,Công nghiệp,UPCOM
CMM,Công ty cổ phần Camimex,Stock,Nông nghiệp,UPCOM
CMN,Công ty Cổ phần Lương thực Thực phẩm Colusa-Miliket,Stock,Nông nghiệp,UPCOM
CMP,CTCP Cảng Chân Mây,Stock,Công nghiệp,UPCOM
CMS,Công ty cổ phần Tập đoàn CMH Việt Nam,Stock,Dịch vụ,HNX
CMT,Công ty Cổ phần Công nghệ Mạng và Truyền thông,Stock,Công nghệ,UPCOM
CMV,Công ty Cổ phần Thương nghiệp Cà Mau,Stock,Năng lượng,HOSE
CMW,Công ty Cổ phần Cấp nước Cà Mau,Stock,Dịch vụ,UPCOM
CMX,Công ty Cổ phần Camimex Group,Stock,Nông nghiệp,HOSE
CNA,Công ty cổ phần Tổng Công ty Chè Nghệ An,Stock,Nông nghiệp,UPCOM
CNC,Công ty cổ phần Công nghệ cao Traphaco,Stock,Y tế,UPCOM
CNG,Công ty cổ phần CNG Việt Nam,Stock,Năng lượng,HOSE
CNN,"CTCP Tư vấn công nghệ, thiết bị và kiểm định xây dựng - CONINCO",Stock,Bất động sản và Xây dựng,UPCOM
CNS,Tổng Công ty Công nghiệp Sài Gòn - TNHH Một thành viên,Stock,Công nghiệp,OTC
CNT,Công ty Cổ phần Tập đoàn CNT,Stock,Bất động sản và Xây dựng,UPCOM
COM,Công ty Cổ phần Vật tư - Xăng dầu ,Stock,Năng lượng,HOSE
CPA,Công ty cổ phần Cà phê Phước An,Stock,Nông nghiệp,UPCOM
CPC,Công ty Cổ phần Thuốc sát trùng Cần Thơ,Stock,Nông nghiệp,HNX
CPH,Công ty Cổ phần Mai táng Hải Phòng,Stock,Doanh nghiệp Upcom,UPCOM
CPI,Công ty Cổ phần Đầu tư Cảng Cái Lân,Stock,Công nghiệp,UPCOM
CQN,Công ty cổ phần Cảng Quảng Ninh,Stock,Công nghiệp,UPCOM
CQT,Công ty cổ phần Xi măng Quán Triều VVMI,Stock,Bất động sản và Xây dựng,UPCOM
CRC,Công ty Cổ phần Create Capital Việt Nam,Stock,Công nghiệp,HOSE
CRE,Công ty Cổ phần Bất động sản Thế Kỷ,Stock,Bất động sản và Xây dựng,HOSE
CRV,Công ty Cổ phần Tập đoàn Bất động sản CRV,Stock,,HOSE
CSC,Công ty Cổ phần Tập đoàn COTANA,Stock,Bất động sản và Xây dựng,HNX
CSI,Công ty cổ phần Chứng khoán Kiến thiết Việt Nam,Stock,Tài chính,UPCOM
CSM,Công ty Cổ phần Công nghiệp Cao su Miền Nam,Stock,Công nghiệp,HOSE
CST,Công ty cổ phần Than Cao Sơn - TKV,Stock,Năng lượng,HNX
CSV,Công ty Cổ phần Hóa chất Cơ bản miền Nam,Stock,Nguyên vật liệu,HOSE
CT3,Công ty Cổ phần Đầu tư và Xây dựng Công trình 3,Stock,Bất động sản và Xây dựng,UPCOM
CT6,Công ty Cổ phần Công trình 6,Stock,Bất động sản và Xây dựng,UPCOM
CTA,CTCP Vinavico,Stock,Bất động sản và Xây dựng,UPCOM
CTB,Công ty Cổ phần Chế tạo Bơm Hải Dương,Stock,Công nghiệp,HNX
CTC,Công ty Cổ phần Tập đoàn Hoàng Kim Tây Nguyên,Stock,Dịch vụ,HNX
CTD,Công ty Cổ phần Xây dựng Coteccons,Stock,Bất động sản và Xây dựng,HOSE
CTF,Công ty cổ phần City Auto,Stock,Công nghiệp,HOSE
CTG,Ngân hàng Thương mại Cổ phần Công thương Việt Nam,Stock,Tài chính,HOSE
CTI,Công ty Cổ phần Đầu tư Phát triển Cường Thuận IDICO,Stock,Bất động sản và Xây dựng,HOSE
CTP,Công ty cổ phần Hòa Bình Takara,Stock,Nông nghiệp,HNX
CTR,Tổng Công ty Cổ phần Công trình Viettel,Stock,,HOSE
CTS,Công ty cổ phần Chứng khoán VietinBank,Stock,Tài chính,HOSE
CTT,CTCP Chế tạo máy Vinacomin,Stock,Công nghiệp,HNX
CTW,CTCP Cấp thoát nước Cần Thơ,Stock,Dịch vụ,UPCOM
CTX,Tổng Công ty Cổ phần Đầu tư Xây dựng và Thương mại Việt Nam,Stock,Nguyên vật liệu,UPCOM
CVN,Công ty cổ phần Vinam,Stock,Bất động sản và Xây dựng,UPCOM
CVT,Công ty Cổ phần CMC,Stock,Bất động sản và Xây dựng,HOSE
CX8,Công ty cổ phần Đầu tư và Xây lắp Constrexim số 8,Stock,Bất động sản và Xây dựng,HNX
CYC,Công ty Cổ phần Gạch men Chang Yih ,Stock,Bất động sản và Xây dựng,UPCOM
D11,Công ty Cổ phần Địa ốc 11,Stock,Bất động sản và Xây dựng,HNX
D2D,Công ty Cổ phần Phát triển Đô thị Công nghiệp Số 2,Stock,Bất động sản và Xây dựng,HOSE
DAC,Công ty Cổ phần 382 Đông Anh,Stock,Bất động sản và Xây dựng,UPCOM
DAD,Công ty Cổ phần Đầu tư và Phát triển Giáo dục Đà Nẵng,Stock,Dịch vụ,HNX
DAE,Công ty Cổ phần Sách Giáo dục tại Tp. Đà Nẵng,Stock,Dịch vụ,HNX
DAF,Ngân hàng Thương mại cổ phần Đông Á,Stock,,OTC
DAG,CTCP Tập đoàn Nhựa Đông Á,Stock,Nguyên vật liệu,UPCOM
DAH,Công ty cổ phần Tập đoàn Khách sạn Đông Á,Stock,Dịch vụ,HOSE
DAN,Công ty cổ phần Dược Danapha,Stock,Y tế,UPCOM
DAS,Công ty Cổ phần Máy - Thiết bị Dầu khí Đà Nẵng,Stock,Hàng tiêu dùng,UPCOM
DAT,Công ty Cổ phần Đầu tư Du lịch và Phát triển Thủy sản,Stock,Nông nghiệp,HOSE
DBC,Công ty Cổ phần Tập đoàn Dabaco Việt Nam,Stock,Nông nghiệp,HOSE
DBD,Công ty Cổ phần Dược - Trang thiết bị Y tế Bình Định,Stock,Y tế,HOSE
DBM,Công ty Cổ phần Dược - Vật tư Y tế Đăk Lăk,Stock,Nguyên vật liệu,UPCOM
DBT,Công ty Cổ phần Dược phẩm Bến Tre,Stock,Y tế,HOSE
DC1,Công ty cổ phần Đầu tư Phát triển Xây dựng số 1,Stock,Bất động sản và Xây dựng,UPCOM
DC2,Công ty Cổ phần Đầu tư Phát triển - Xây dựng số 2,Stock,Bất động sản và Xây dựng,HNX
DC4,Công ty Cổ phần DICERA Holdings,Stock,Bất động sản và Xây dựng,HOSE
DCF,Công ty Cổ phần Xây dựng và Thiết kế số 1,Stock,Bất động sản và Xây dựng,UPCOM
DCG,Công ty cổ phần Tổng công ty May Đáp Cầu,Stock,Hàng tiêu dùng,UPCOM
DCH,Công ty Cổ phần Địa chính Hà Nội,Stock,Dịch vụ,UPCOM
DCL,Công ty Cổ phần Dược phẩm Cửu Long,Stock,Y tế,HOSE
DCM,Công ty Cổ phần Phân bón Dầu khí Cà Mau,Stock,Nông nghiệp,HOSE
DCR,Công ty cổ phần Gạch men Cosevco,Stock,Bất động sản và Xây dựng,UPCOM
DCS,Công ty Cổ phần Tập đoàn Đại Châu,Stock,Hàng tiêu dùng,UPCOM
DCT,Công ty Cổ phần Tấm lợp Vật liệu xây dựng Đồng Nai ,Stock,Bất động sản và Xây dựng,UPCOM
DCV,Công ty cổ phần Quản lý quỹ đầu tư Dragon Capital Việt Nam,Stock,,UPCOM
DDB,Công ty cổ phần Thương mại và Xây Dựng Đông Dương,Stock,,UPCOM
DDG,Công ty cổ phần Đầu tư Công nghiệp Xuất nhập khẩu Đông Dương,Stock,Năng lượng,HNX
DDH,CTCP Đảm bảo giao thông đường thủy Hải Phòng,Stock,Nông nghiệp,UPCOM
DDM,Công ty Cổ phần Hàng hải Đông Đô,Stock,Công nghiệp,UPCOM
DDN,Công ty Cổ phần Dược - Thiết bị Y tế Đà Nẵng,Stock,Y tế,UPCOM
DDS,Công ty Cổ phần Chứng khoán AIS,Stock,Tài chính,OTC
DDV,Công ty cổ phần DAP - VINACHEM,Stock,Nguyên vật liệu,UPCOM
DFC,Công ty Cổ phần Xích líp Đông Anh,Stock,Công nghiệp,UPCOM
DFF,Công ty cổ phần Tập đoàn Đua Fat,Stock,Bất động sản và Xây dựng,UPCOM
DGC,Công ty Cổ phần Tập đoàn Hóa chất Đức Giang,Stock,Nguyên vật liệu,HOSE
DGT,Công ty cổ phần Công trình Giao thông Đồng Nai,Stock,Bất động sản và Xây dựng,UPCOM
DGW,Công ty cổ phần Thế giới số,Stock,Công nghệ,HOSE
DHA,Công ty Cổ phần Hóa An,Stock,Bất động sản và Xây dựng,HOSE
DHB,Công ty Cổ phần Phân đạm và Hóa chất Hà Bắc,Stock,Nông nghiệp,UPCOM
DHC,Công ty Cổ phần Đông Hải Bến Tre,Stock,Nguyên vật liệu,HOSE
DHD,Công ty cổ phần Dược Vật tư Y tế Hải Dương,Stock,Y tế,UPCOM
DHG,Công ty Cổ phần Dược Hậu Giang,Stock,Y tế,HOSE
DHM,Công ty cổ phần Thương mại và Khai thác Khoáng sản Dương Hiếu,Stock,Dịch vụ,HOSE
DHN,Công ty Cổ phần Dược phẩm Hà Nội,Stock,Y tế,UPCOM
DHP,Công ty Cổ phần Điện Cơ Hải Phòng,Stock,Năng lượng,HNX
DHT,Công ty Cổ phần Dược phẩm Hà Tây,Stock,Y tế,HNX
DIC,Công ty Cổ phần Đầu tư và Thương mại DIC,Stock,Bất động sản và Xây dựng,UPCOM
DID,Công ty Cổ phần DIC - Đồng Tiến,Stock,Bất động sản và Xây dựng,UPCOM
DIG,Tổng Công ty Cổ phần Đầu tư Phát triển Xây dựng,Stock,Bất động sản và Xây dựng,HOSE
DIH,Công ty Cổ phần Đầu tư Phát triển Xây dựng - Hội An,Stock,Bất động sản và Xây dựng,HNX
DJL,Công ty TNHH Đầu tư Bất động sản Doji Land,Stock,,OTC
DKC,Công ty cổ phần Chợ Lạng Sơn,Stock,Bất động sản và Xây dựng,UPCOM
DKG,Công ty Cổ phần Tập đoàn DamiK,Stock,,UPCOM
DKW,Công ty cổ phần Cấp nước sinh hoạt Châu Thành,Stock,,UPCOM
DL1,Công ty cổ phần Tập đoàn Alpha Seven,Stock,Tài chính,HNX
DLD,Công ty Cổ phần Du lịch Đắk Lắk ,Stock,Dịch vụ,UPCOM
DLG,Công ty Cổ phần Tập đoàn Đức Long Gia Lai,Stock,Bất động sản và Xây dựng,HOSE
DLR,Công ty Cổ phần Địa ốc Đà Lạt,Stock,Bất động sản và Xây dựng,UPCOM
DLT,CTCP Du lịch và Thương mại – Vinacomin,Stock,Công nghiệp,UPCOM
DM7,Công ty cổ phần Dệt may 7,Stock,Hàng tiêu dùng,UPCOM
DMC,Công ty Cổ phần Xuất nhập khẩu Y tế Domesco,Stock,Y tế,HOSE
DMN,Công ty cổ phần Domenal,Stock,Nông nghiệp,UPCOM
DMS,Công ty cổ phần Hóa phẩm Dầu khí DMC - miền Nam,Stock,,UPCOM
DNA,Công ty Cổ phần Điện nước An Giang,Stock,Năng lượng,UPCOM
DNC,Công ty Cổ phần Điện nước Lắp máy Hải Phòng,Stock,Bất động sản và Xây dựng,HNX
DND,CTCP Đầu tư Xây dựng và Vật liệu Đồng Nai,Stock,Bất động sản và Xây dựng,UPCOM
DNE,Công ty Cổ phần Môi trường Đô thị Đà Nẵng,Stock,Dịch vụ,UPCOM
DNH,Công ty Cổ phần Thủy điện Đa Nhim - Hàm Thuận - Đa Mi,Stock,Năng lượng,UPCOM
DNL,Công ty cổ phần Logistic Cảng Đà Nẵng,Stock,Công nghiệp,UPCOM
DNM,Tổng Công ty cổ phần Y tế Danameco,Stock,Y tế,UPCOM
DNN,Công ty Cổ phần Cấp nước Đà Nẵng,Stock,Dịch vụ,UPCOM
DNP,Công ty Cổ phần DNP Holding,Stock,Bất động sản và Xây dựng,HNX
DNT,Công ty Cổ phần Du lịch Đồng Nai,Stock,Dịch vụ,UPCOM
DNV,CTCP Thương mại Dịch vụ VDA Đà Nẵng,Stock,,OTC
DNW,Công ty cổ phần Cấp nước Đồng Nai,Stock,Dịch vụ,UPCOM
DOC,Công ty cổ phần Vật tư nông nghiệp Đồng Nai,Stock,Nông nghiệp,UPCOM
DOP,CTCP Vận tải Xăng dầu Đồng Tháp ,Stock,Công nghiệp,UPCOM
DP1,Công ty Cổ phần dược phẩm Trung ương CPC1,Stock,Y tế,UPCOM
DP2,Công ty Cổ phần Dược phẩm Trung ương 2,Stock,Y tế,UPCOM
DP3,Công ty Cổ phần Dược phẩm Trung ương 3,Stock,Y tế,HNX
DPC,Công ty Cổ phần Nhựa Đà Nẵng,Stock,Bất động sản và Xây dựng,UPCOM
DPG,Công ty Cổ phần Tập đoàn Đạt Phương,Stock,Bất động sản và Xây dựng,HOSE
DPH,Công ty Cổ phần Dược phẩm Hải Phòng,Stock,Y tế,UPCOM
DPM,Tổng Công ty Phân bón và Hóa chất Dầu khí-CTCP,Stock,Nông nghiệp,HOSE
DPP,Công ty Cổ phần Dược Đồng Nai,Stock,Y tế,UPCOM
DPR,Công ty Cổ phần Cao su Đồng Phú,Stock,Nông nghiệp,HOSE
DPS,Công ty cổ phần Đầu tư Phát triển Sóc Sơn ,Stock,Bất động sản và Xây dựng,UPCOM
DQC,Công ty Cổ phần Bóng đèn Điện Quang,Stock,Hàng tiêu dùng,HOSE
DRC,Công ty Cổ phần Cao su Đà Nẵng,Stock,Công nghiệp,HOSE
DRG,Công ty cổ phần Cao su Đắk Lắk,Stock,Nông nghiệp,UPCOM
DRH,Công ty cổ phần DRH Holdings,Stock,Bất động sản và Xây dựng,HOSE
DRI,Công ty Cổ phần Đầu tư Cao su Đắk Lắk,Stock,Nông nghiệp,UPCOM
DRL,Công ty Cổ phần Thủy điện – Điện lực 3,Stock,Năng lượng,HOSE
DS3,Công ty Cổ phần DS3,Stock,Dịch vụ,HNX
DSC,Công ty Cổ phần Chứng khoán DSC,Stock,Tài chính,HOSE
DSD,Công ty cổ phần DHC Suối Đôi,Stock,Dịch vụ,UPCOM
DSE,Công ty Cổ phần Chứng khoán DNSE,Stock,,HOSE
DSG,Công ty Cổ phần Kính Viglacera Đáp Cầu,Stock,Bất động sản và Xây dựng,UPCOM
DSH,Công ty cổ phần Đầu tư Hạ tầng Đông Sơn,Stock,,UPCOM
DSN,Công ty Cổ phần Công viên nước Đầm Sen,Stock,Dịch vụ,HOSE
DSP,Công ty cổ phần Dịch vụ Du lịch Phú Thọ,Stock,Dịch vụ,UPCOM
DST,Công ty Cổ phần Đầu tư Sao Thăng Long,Stock,Dịch vụ,HNX
DTA,Công ty Cổ phần Đệ Tam,Stock,Bất động sản và Xây dựng,HOSE
DTB,Công ty cổ phần Công trình Đô thị Bảo Lộc,Stock,Dịch vụ,UPCOM
DTC,Công ty Cổ phần Viglacera Đông Triều,Stock,Bất động sản và Xây dựng,UPCOM
DTD,Công ty Cổ phần Đầu tư phát triển Thành Đạt,Stock,Bất động sản và Xây dựng,HNX
DTE,CTCP Đầu tư Năng lượng Đại Trường Thành Holdings,Stock,Năng lượng,UPCOM
DTG,Công ty Cổ phần Dược phẩm Tipharco,Stock,Y tế,HNX
DTH,Công ty Cổ phần Dược - Vật tư Y tế Thanh Hóa,Stock,Y tế,UPCOM
DTI,Công ty Cổ phần Đầu tư Đức Trung,Stock,Bất động sản và Xây dựng,UPCOM
DTK,Tổng công ty Điện lực TKV - CTCP,Stock,Năng lượng,HNX
DTL,Công ty Cổ phần Đại Thiên Lộc,Stock,Nguyên vật liệu,HOSE
DTP,Công ty cổ phần Dược phẩm CPC1 Hà Nội,Stock,Y tế,UPCOM
DTS,CTCP Dịch Vụ Du Lịch Đà Lạt ,Stock,,OTC
DTT,Công ty Cổ phần Kỹ nghệ Đô Thành,Stock,Nguyên vật liệu,HOSE
DUS,CTCP Dịch vụ Đô thị Đà Lạt,Stock,Dịch vụ,UPCOM
DVC,Công ty cổ phần Thương mại Dịch vụ Tổng hợp Cảng Hải Phòng,Stock,Năng lượng,UPCOM
DVG,Công ty Cổ phần Đại Việt Group DVG,Stock,Nguyên vật liệu,UPCOM
DVM,Công ty Cổ phần Dược liệu Việt Nam,Stock,Y tế,HNX
DVN,Tổng Công ty Dược Việt Nam - CTCP,Stock,Y tế,UPCOM
DVP,Công ty cổ phần Đầu tư và Phát triển Cảng Đình Vũ,Stock,Công nghiệp,HOSE
DVS,Công ty Cổ phần Thép Đình Vũ,Stock,,OTC
DVT,Trung tâm đào tạo nghiệp vụ Giao thông vận tải Bình Định,Stock,Dịch vụ,UPCOM
DVW,Công ty Cổ phần Dịch vụ và Xây dựng Cấp nước Đồng Nai,Stock,Dịch vụ,UPCOM
DWC,CTCP Cấp nước Đắk Lắk,Stock,Dịch vụ,UPCOM
DWS,Công ty cổ phần Cấp nước và Môi trường đô thị Đồng Tháp,Stock,Dịch vụ,UPCOM
DXG,Công ty Cổ phần Tập đoàn Đất Xanh,Stock,Bất động sản và Xây dựng,HOSE
DXL,Công ty Cổ phần Du lịch và Xuất nhập khẩu Lạng Sơn,Stock,Dịch vụ,UPCOM
DXP,Công ty cổ phần Cảng Đoạn Xá,Stock,Công nghiệp,HNX
DXS,Công ty Cổ phần Dịch vụ Bất động sản Đất Xanh,Stock,Bất động sản và Xây dựng,HOSE
DXV,Công ty Cổ phần VICEM Vật liệu Xây dựng Đà Nẵng,Stock,Bất động sản và Xây dựng,HOSE
DZM,Công ty Cổ phần Cơ điện Dzĩ An,Stock,Công nghiệp,UPCOM
E12,CTCP Xây dựng điện Vneco12,Stock,Bất động sản và Xây dựng,UPCOM
E1VFVN30,Quỹ ETF DCVFMVN30,Stock,Tài chính,HSX
E29,CTCP Đầu tư xây dựng và kỹ thuật 29,Stock,Bất động sản và Xây dựng,UPCOM
EBS,Công ty Cổ phần Sách Giáo dục tại Tp.Hà Nội,Stock,Dịch vụ,HNX
ECC,Công ty Cổ phần Chứng khoán EUROCAPITAL,Stock,Tài chính,OTC
ECI,Công ty cổ phần Tập đoàn ECI,Stock,Dịch vụ,HNX
ECO,Công ty cổ phần Nhựa sinh thái Việt Nam,Stock,,UPCOM
EFI,Công ty Cổ phần Đầu tư Tài chính Giáo dục,Stock,Tài chính,UPCOM
EGL,Công ty cổ phần Môi trường đô thị Gia Lâm,Stock,,UPCOM
EIB,Ngân hàng Thương mại Cổ phần Xuất nhập khẩu Việt Nam,Stock,Tài chính,HOSE
EIC,Công ty cổ phần EVN Quốc tế,Stock,Năng lượng,UPCOM
EID,Công ty Cổ phần Đầu tư và Phát triển giáo dục Hà Nội,Stock,Dịch vụ,HNX
EIN,Công ty cổ phần Đầu tư - Thương mại - Dịch vụ Điện lực,Stock,Bất động sản và Xây dựng,UPCOM
ELC,Công ty Cổ phần công nghệ - viễn thông ELCOM,Stock,Công nghệ,HOSE
EME,Công ty Cổ phần Điện cơ,Stock,Công nghệ,UPCOM
EMG,Công ty Cổ phần Thiết bị Phụ tùng Cơ điện,Stock,Doanh nghiệp Upcom,UPCOM
EMS,Tổng Công ty Chuyển phát nhanh Bưu Điện - CTCP,Stock,Dịch vụ,UPCOM
EPC,Công ty TNHH Một thành viên Cà phê Ea Pốk,Stock,Nông nghiệp,UPCOM
EPH,Công ty Cổ phần dịch vụ xuất bản giáo dục Hà Nội,Stock,Dịch vụ,UPCOM
EPS,Công ty Cổ Phần Chứng khoán Gia Quyền,Stock,,OTC
EVE,Công ty cổ phần Everpia,Stock,Hàng tiêu dùng,HOSE
EVF,Công ty Tài chính cổ phần Điện lực,Stock,Tài chính,HOSE
EVG,Công ty Cổ phần Tập đoàn EVERLAND,Stock,Bất động sản và Xây dựng,HOSE
EVN,Tập đoàn Điện lực Việt Nam - Công ty TNHH MTV,Stock,Năng lượng,OTC
EVS,Công ty cổ phần Chứng khoán EVS,Stock,Tài chính,HNX
EWH,CTCP EuroWindow Holding,Stock,Tài chính,OTC
F88,Công ty cổ phần Đầu tư F88,Stock,,UPCOM
FBA,CTCP Tập đoàn Quốc tế FBA,Stock,Hàng tiêu dùng,UPCOM
FBC,Công ty cổ phần Cơ khí Phổ Yên,Stock,Công nghiệp,UPCOM
FCC,CTCP Liên hợp Thực phẩm,Stock,Hàng tiêu dùng,UPCOM
FCM,Công ty cổ phần Bê tông Phan Vũ Hà Nam,Stock,Nguyên vật liệu,HOSE
FCN,Công ty cổ phần FECON,Stock,Công nghiệp,HOSE
FCS,Công ty Cổ phần Lương thực Thành phố Hồ Chí Minh,Stock,Nông nghiệp,UPCOM
FDC,Công ty Cổ phần Ngoại thương và Phát triển Đầu tư Thành phố Hồ Chí Minh,Stock,Dịch vụ,HOSE
FGL,Công ty cổ phần Cà phê Gia Lai,Stock,Nông nghiệp,UPCOM
FHH,CTCP Đầu tư Kinh doanh Phát triển Bất Động Sản FLCHOMES,Stock,,OTC
FHN,Công Ty Cổ phần Xuất Nhập Khẩu Lương Thực - Thực Phẩm Hà Nội,Stock,Nông nghiệp,UPCOM
FHS,Công ty cổ phần Phát hành sách T.P Hồ Chí Minh,Stock,Dịch vụ,UPCOM
FIC,Tổng Công ty Vật liệu Xây dựng số 1 - CTCP,Stock,Bất động sản và Xây dựng,UPCOM
FID,Công ty Cổ phần Đầu tư và Phát triển Doanh nghiệp Việt Nam,Stock,Dịch vụ,HNX
FIR,Công ty Cổ phần Địa ốc First Real,Stock,Bất động sản và Xây dựng,HOSE
FIS,Công ty Cổ phần Hệ thống Thông tin FPT,Stock,,OTC
FIT,Công ty cổ phần Tập đoàn F.I.T,Stock,Tài chính,HOSE
FLC,Công ty cổ phần Tập đoàn FLC,Stock,Bất động sản và Xây dựng,UPCOM
FMC,Công ty Cổ phần Thực phẩm Sao Ta,Stock,Nông nghiệp,HOSE
FNS,Công ty cổ phần Chứng khoán FUNAN,Stock,Tài chính,OTC
FOC,Công ty cổ phần Dịch vụ Trực tuyến FPT,Stock,Công nghệ,UPCOM
FOX,Công ty Cổ phần Viễn thông FPT,Stock,Công nghệ,UPCOM
FPT,Công ty Cổ phần FPT,Stock,Công nghệ,HOSE
FRC,Công ty cổ phần Lâm đặc sản Xuất khẩu Quảng Nam,Stock,Nguyên vật liệu,UPCOM
FRM,Công ty cổ phần Lâm nghiệp Sài Gòn,Stock,Nguyên vật liệu,UPCOM
FRT,Công ty cổ phần Bán lẻ Kỹ thuật số FPT,Stock,Công nghệ,HOSE
FSO,Công ty Cổ phần Cơ khí đóng tàu thủy sản Việt Nam,Stock,Công nghiệp,UPCOM
FT1,Công ty Cổ phần Phụ tùng máy số 1,Stock,Công nghiệp,UPCOM
FTG,Công ty cổ phần Thương mại FPT,Stock,,OTC
FTI,Công ty Cổ phần Công nghiệp - Thương mại Hữu Nghị,Stock,Công nghiệp,UPCOM
FTM,Công ty Cổ phần Đầu tư và Phát triển Đức Quân,Stock,Hàng tiêu dùng,UPCOM
FTS,Công ty Cổ phần Chứng khoán FPT,Stock,Tài chính,HOSE
FUCTVGF3,Quỹ Đầu tư Tăng Trưởng Thiên Việt 3,Stock,Tài chính,HSX
FUCTVGF4,Quỹ Đầu tư Tăng Trưởng Thiên Việt 4,Stock,Tài chính,HSX
FUCTVGF5,Quỹ đầu tư tăng trưởng Thiên Việt 5,Stock,Tài chính,HSX
FUCVREIT,Quỹ đầu tư bất động sản Techcom Việt Nam,Stock,Tài chính,HSX
FUEABVND,Quỹ ETF ABFVN DIAMOND,Stock,Tài chính,HSX
FUEBFVND,Quỹ ETF BVFVN DIAMOND,Stock,Tài chính,HSX
FUEDCMID,Quỹ ETF DCVFM VNMIDCAP,Stock,Tài chính,HSX
FUEFCV50,Quỹ ETF FPT CAPITAL VNX50,Stock,Tài chính,HSX
FUEIP100,Quỹ ETF IPAAM VN100,Stock,Tài chính,HSX
FUEKIV30,Quỹ ETF KIM Growth VN30,Stock,Tài chính,HSX
FUEKIVFS,Quỹ ETF KIM Growth VNFINSELECT,Stock,Tài chính,HSX
FUEKIVND,Quỹ ETF KIM GROWTH VN DIAMOND,Stock,Tài chính,HSX
FUEMAV30,Quỹ ETF MAFM VN30,Stock,Tài chính,HSX
FUEMAVND,Quỹ ETF MAFM VNDIAMOND,Stock,Tài chính,HSX
FUESSV30,Quỹ ETF SSIAM VN30,Stock,Tài chính,HSX
FUESSV50,Quỹ ETF SSIAM VNX50,Stock,Tài chính,HSX
FUESSVFL,Quỹ ETF SSIAM VNFIN LEAD,Stock,Tài chính,HSX
FUETCC50,Quỹ ETF TECHCOM CAPITAL VNX50,Stock,Tài chính,HSX
FUETPVND,Quỹ ETF VFCVN DIAMOND,Stock,,HSX
FUEVFVND,Quỹ ETF DCVFMVN DIAMOND,Stock,Tài chính,HSX
FUEVN100,Quỹ ETF VINACAPITALVN100,Stock,Tài chính,HSX
G20,Công ty cổ phần Đầu tư Dệt may G.Home,Stock,Hàng tiêu dùng,UPCOM
G36,Tổng Công ty 36 - CTCP,Stock,Bất động sản và Xây dựng,UPCOM
GAB,Công ty Cổ phần Đầu tư khai khoáng và Quản lý tài sản FLC,Stock,Bất động sản và Xây dựng,UPCOM
GAS,Tổng Công ty Khí Việt Nam-CTCP,Stock,Năng lượng,HOSE
GCB,Công ty Cổ Phần Petec Bình Định,Stock,Năng lượng,UPCOM
GCC,CTCP Văn hóa Tổng hợp Bến Thành,Stock,Hàng tiêu dùng,OTC
GCF,Công ty cổ phần Thực phẩm G.C,Stock,Hàng tiêu dùng,UPCOM
GDA,Công ty Cổ phần Tôn Đông Á,Stock,Nguyên vật liệu,UPCOM
GDC,CTCP Xuất Nhập khẩu Gia Định,Stock,,OTC
GDT,Công ty Cổ phần Chế biến Gỗ Đức Thành,Stock,Hàng tiêu dùng,HOSE
GDW,Công ty Cổ phần Cấp nước Gia Định,Stock,Dịch vụ,HNX
GEE,Công ty cổ phần Điện lực GELEX,Stock,Công nghiệp,HOSE
GEG,Công ty Cổ phần Điện Gia Lai,Stock,Năng lượng,HOSE
GER,Công ty Cổ phần Thể thao Ngôi sao Geru,Stock,Nguyên vật liệu,UPCOM
GEX,Công ty Cổ phần Tập đoàn GELEX,Stock,Công nghệ,HOSE
GGG,Công ty cổ phần Ô tô Giải Phóng ,Stock,Công nghiệp,UPCOM
GH3,CTCP Công trình Giao thông Hà Nội,Stock,Bất động sản và Xây dựng,UPCOM
GHC,Công ty Cổ phần Thủy điện Gia Lai,Stock,Năng lượng,HOSE
GIC,Công ty cổ phần VSC Green Logistics,Stock,Công nghiệp,HNX
GIL,Công ty Cổ phần Sản xuất Kinh doanh Xuất nhập khẩu Bình Thạnh,Stock,Hàng tiêu dùng,HOSE
GKM,Công ty cổ phần GKM Holdings,Stock,Bất động sản và Xây dựng,HNX
GLC,Công ty cổ phần Vàng Lào Cai,Stock,Nguyên vật liệu,UPCOM
GLS,Công ty Cổ phần Chứng khoán Sen Vàng,Stock,Tài chính,OTC
GLT,Công ty cổ phần Kỹ thuật điện Toàn Cầu,Stock,,HNX
GLW,Công ty Cổ phần Cấp thoát nước Gia Lai,Stock,Dịch vụ,UPCOM
GMA,Công ty Cổ phần G-AutoMobile,Stock,Công nghiệp,HNX
GMC,Công ty Cổ phần Garmex Sài Gòn,Stock,Hàng tiêu dùng,UPCOM
GMD,Công ty Cổ phần Gemadept,Stock,Công nghiệp,HOSE
GMH,Công ty Cổ phần Minh Hưng Quảng Trị,Stock,Nguyên vật liệu,HOSE
GMS,CTCP Thiết kế và gia công phần mền GMS888,Stock,,OTC
GMX,Công ty cổ phần Gạch Ngói Gốm Xây dựng Mỹ Xuân,Stock,Bất động sản và Xây dựng,HNX
GND,Công ty Cổ phần Gạch ngói Đồng Nai,Stock,Bất động sản và Xây dựng,UPCOM
GPC,CTCP Tập đoàn Green+,Stock,Hàng tiêu dùng,UPCOM
GSC,Công ty cổ phần Thủy điện Geruco Sông Côn,Stock,,OTC
GSM,Công ty cổ phần Thủy điện Hương Sơn,Stock,Năng lượng,UPCOM
GSP,Công ty cổ phần Vận tải Sản phẩm khí quốc tế,Stock,Năng lượng,HOSE
GTA,Công ty Cổ phần Chế biến Gỗ Thuận An,Stock,Hàng tiêu dùng,HOSE
GTD,Công ty Cổ phần Giầy Thượng Đình,Stock,Hàng tiêu dùng,UPCOM
GTS,Công ty cổ phần Công trình Giao thông Sài Gòn,Stock,Bất động sản và Xây dựng,UPCOM
GTT,CTCP Thuận Thảo,Stock,Dịch vụ,UPCOM
GVR,Tập đoàn Công nghiệp Cao su Việt Nam,Stock,Nông nghiệp,HOSE
GVT,Công ty Cổ phần Giấy Việt Trì,Stock,Nguyên vật liệu,UPCOM
H11,Công ty Cổ phần Xây dựng HUD101,Stock,Bất động sản và Xây dựng,UPCOM
HAC,Công ty Cổ phần Chứng khoán Hải Phòng,Stock,Tài chính,UPCOM
HAD,Công ty Cổ phần Bia Hà Nội - Hải Dương,Stock,Hàng tiêu dùng,HNX
HAF,Công ty Cổ phần Thực phẩm Hà Nội,Stock,Hàng tiêu dùng,UPCOM
HAG,Công ty Cổ phần Hoàng Anh Gia Lai,Stock,Tài chính,HOSE
HAH,Công ty Cổ phần Vận tải và Xếp dỡ Hải An,Stock,Công nghiệp,HOSE
HAI,Công ty Cổ phần Nông dược H.A.I,Stock,Nông nghiệp,UPCOM
HAM,Công ty Cổ phần Vật tư Hậu Giang,Stock,Bất động sản và Xây dựng,UPCOM
HAN,Tổng công ty Xây dựng Hà Nội - CTCP,Stock,Bất động sản và Xây dựng,UPCOM
HAP,Công ty Cổ phần Tập đoàn Hapaco,Stock,Nguyên vật liệu,HOSE
HAR,Công ty Cổ phần Đầu tư Thương mại Bất động sản An Dương Thảo Điền,Stock,Bất động sản và Xây dựng,HOSE
HAS,Công ty Cổ phần HACISCO,Stock,Bất động sản và Xây dựng,HOSE
HAT,Công ty Cổ phần Thương mại Bia Hà Nội,Stock,Hàng tiêu dùng,HNX
HAV,Công ty Cổ phần rượu Hapro,Stock,Hàng tiêu dùng,UPCOM
HAX,Công ty Cổ phần Dịch vụ Ô tô Hàng Xanh,Stock,Dịch vụ,HOSE
HBC,Công ty cổ phần Tập đoàn Xây dựng Hoà Bình,Stock,Bất động sản và Xây dựng,UPCOM
HBD,Công ty Cổ phần Bao bì PP Bình Dương,Stock,Nguyên vật liệu,UPCOM
HBH,Công ty Cổ phần Habeco - Hải Phòng,Stock,Hàng tiêu dùng,UPCOM
HBS,Công ty Cổ phần Chứng khoán Hòa Bình,Stock,Tài chính,HNX
HC1,CTCP Xây dựng số 1 Hà Nội,Stock,Bất động sản và Xây dựng,UPCOM
HC3,Công ty Cổ phần Xây dựng Số 3 Hải Phòng,Stock,Bất động sản và Xây dựng,UPCOM
HCB,Công ty cổ phần Dệt may 29/3,Stock,Hàng tiêu dùng,UPCOM
HCC,Công ty Cổ phần Bê tông Hoà Cầm - Intimex,Stock,Bất động sản và Xây dựng,HNX
HCD,Công ty Cổ phần Đầu tư Sản xuất và Thương mại HCD,Stock,Nguyên vật liệu,HOSE
HCI,Công ty Cổ phần Đầu tư - Xây dựng Hà Nội,Stock,Bất động sản và Xây dựng,UPCOM
HCM,Công ty Cổ phần Chứng khoán Thành phố Hồ Chí Minh,Stock,Tài chính,HOSE
HCT,Công ty Cổ phần Thương mại Dịch vụ Vận tải Xi măng Hải Phòng,Stock,Công nghiệp,HNX
HD2,Công ty cổ phần Đầu tư Phát triển nhà HUD2,Stock,Bất động sản và Xây dựng,UPCOM
HD6,Công ty cổ phần Đầu tư và Phát triển nhà số 6 Hà Nội,Stock,Bất động sản và Xây dựng,UPCOM
HD8,CTCP Đầu tư Phát triển Nhà và Đô thị HUD8,Stock,Bất động sản và Xây dựng,UPCOM
HDA,Công ty Cổ phần Hãng sơn Đông Á,Stock,Nguyên vật liệu,HNX
HDB,Ngân hàng TMCP Phát triển T.P Hồ Chí Minh,Stock,Tài chính,HOSE
HDC,Công ty Cổ phần Phát triển nhà Bà Rịa-Vũng Tàu,Stock,Bất động sản và Xây dựng,HOSE
HDG,Công ty Cổ phần Tập đoàn Hà Đô,Stock,Bất động sản và Xây dựng,HOSE
HDM,Công ty Cổ phần Dệt May Huế,Stock,Hàng tiêu dùng,UPCOM
HDP,Công ty Cổ phần Dược Hà Tĩnh,Stock,Y tế,UPCOM
HDS,Công ty cổ phần Giống cây trồng Hải Dương,Stock,,UPCOM
HDW,Công ty cổ phần Kinh doanh nước sạch Hải Dương,Stock,Dịch vụ,UPCOM
HEC,Công ty Cổ phần Tư vấn Xây dựng Thủy lợi II,Stock,Bất động sản và Xây dựng,UPCOM
HEJ,Tổng Công ty Tư vấn Xây dựng Thủy lợi Việt Nam-CTCP,Stock,Bất động sản và Xây dựng,UPCOM
HEP,Công ty Cổ phần Môi trường và Công trình Đô thị Huế,Stock,Dịch vụ,UPCOM
HES,Công ty Cổ phần Dịch vụ Giải trí Hà Nội,Stock,Dịch vụ,UPCOM
HEV,Công ty Cổ phần Sách Đại học - Dạy nghề,Stock,Dịch vụ,HNX
HFB,Công ty Cổ phần Công trình Cầu phà Thành phố Hồ Chí Minh,Stock,Bất động sản và Xây dựng,UPCOM
HFC,Công ty Cổ phần Xăng dầu HFC,Stock,Năng lượng,UPCOM
HFX,Công ty cổ phần Sản xuất - Xuất nhập khẩu Thanh Hà,Stock,Nông nghiệp,UPCOM
HGM,Công ty cổ phần Cơ khí và Khoáng sản Hà Giang,Stock,Nguyên vật liệu,HNX
HGT,Công ty cổ phần Du lịch Hương Giang,Stock,Dịch vụ,UPCOM
HHB,Công ty cổ phần Bia Hà Nội - Hồng Hà,Stock,,UPCOM
HHC,Công ty Cổ phần Bánh kẹo Hải Hà,Stock,Hàng tiêu dùng,HNX
HHG,Công ty Cổ phần Hoàng Hà,Stock,Công nghiệp,UPCOM
HHN,Công ty Cổ Phần Vận tải và Dịch vụ Hàng hóa Hà Nội,Stock,Công nghiệp,UPCOM
HHP,Công ty cổ phần Giấy Hoàng Hà Hải Phòng,Stock,Nguyên vật liệu,HOSE
HHS,Công ty Cổ phần Đầu tư Dịch vụ Hoàng Huy,Stock,Bất động sản và Xây dựng,HOSE
HHV,Công ty cổ phần Đầu tư hạ tầng giao thông Đèo Cả,Stock,Công nghiệp,HOSE
HID,Công ty Cổ phần Halcom Việt Nam,Stock,Bất động sản và Xây dựng,HOSE
HIG,Công ty Cổ phần Tập đoàn HIPT,Stock,Công nghệ,UPCOM
HII,Công ty Cổ phần An Tiến Industries,Stock,Nguyên vật liệu,HOSE
HIO,Công ty cổ phần Helio Energy,Stock,,UPCOM
HIS,Công ty cổ phần Đầu tư phát triển thương mại tổng hợp Sơn Hà,Stock,,OTC
HJC,Công ty Cổ phần Hòa Việt,Stock,Hàng tiêu dùng,UPCOM
HJS,Công ty Cổ phần Thủy điện Nậm Mu,Stock,Năng lượng,HNX
HKB,Công ty Cổ phần Nông nghiệp và Thực phẩm Hà Nội - Kinh Bắc  ,Stock,Nông nghiệp,UPCOM
HKT,Công ty cổ phần Đầu tư QP Xanh,Stock,Bất động sản và Xây dựng,HNX
HLA,CTCP Hữu Liên Á Châu,Stock,Nguyên vật liệu,UPCOM
HLB,Công ty Cổ phần Bia và Nước giải khát Hạ Long,Stock,Hàng tiêu dùng,UPCOM
HLC,Công ty cổ phần Than Hà Lầm - Vinacomin,Stock,Năng lượng,HNX
HLD,Công ty Cổ phần Đầu tư và Phát triển Bất động sản HUDLAND,Stock,Bất động sản và Xây dựng,HNX
HLO,Công ty Cổ phần Công nghệ Ha Lô,Stock,,UPCOM
HLS,Công ty Cổ phần Sứ kỹ thuật Hoàng Liên Sơn,Stock,Công nghiệp,UPCOM
HLT,CTCP Dệt may Hoàng Thị Loan,Stock,Hàng tiêu dùng,UPCOM
HLY,Công ty Cổ phần Gốm Xây dựng Hưng Yên,Stock,Bất động sản và Xây dựng,UPCOM
HMC,Công ty Cổ phần Kim khí Thành phố Hồ Chí Minh - Vnsteel,Stock,Bất động sản và Xây dựng,HOSE
HMD,Công ty Cổ phần Hóa chất Minh Đức,Stock,,UPCOM
HMG,CTCP Kim khí Hà Nội - VNSTEEL,Stock,Nguyên vật liệu,UPCOM
HMH,Công ty Cổ phần Hải Minh,Stock,Công nghiệp,HNX
HMR,Công ty Cổ phần Đá Hoàng Mai,Stock,Bất động sản và Xây dựng,HNX
HMS,Công ty Cổ phần Xây dựng bảo tàng Hồ Chí Minh,Stock,Bất động sản và Xây dựng,UPCOM
HNA,Công ty Cổ phần Thủy điện Hủa Na,Stock,Năng lượng,HOSE
HNB,Công ty cổ phần Bến xe Hà Nội,Stock,Công nghiệp,UPCOM
HND,CTCP Nhiệt điện Hải Phòng,Stock,Năng lượng,UPCOM
HNF,Công ty cổ phần Thực phẩm Hữu Nghị,Stock,Hàng tiêu dùng,UPCOM
HNG,Công ty cổ phần Nông nghiệp Quốc tế Hoàng Anh Gia Lai,Stock,Nông nghiệp,UPCOM
HNI,Công ty Cổ phần May Hữu Nghị,Stock,Hàng tiêu dùng,UPCOM
HNM,Công ty Cổ phần Sữa Hà Nội,Stock,Hàng tiêu dùng,UPCOM
HNP,Công ty Cổ phần Hanel Xốp nhựa,Stock,Nguyên vật liệu,UPCOM
HNR,Công ty cổ phần Rượu và Nước giải khát Hà Nội,Stock,Hàng tiêu dùng,UPCOM
HOM,Công ty cổ phần Xi măng VICEM Hoàng Mai,Stock,Bất động sản và Xây dựng,HNX
HOT,Công ty cổ phần Du lịch - Dịch vụ Hội An,Stock,Dịch vụ,UPCOM
HPA,Công ty Cổ phần Phát triển Nông nghiệp Hòa Phát,Stock,,HOSE
HPB,Công ty Cổ phần Bao bì PP,Stock,Nguyên vật liệu,UPCOM
HPD,Công ty Công ty Cổ phần Thủy điện Đăk Đoa,Stock,Năng lượng,UPCOM
HPG,Công ty cổ phần Tập đoàn Hòa Phát,Stock,Nguyên vật liệu,HOSE
HPH,Công ty Cổ phần Hóa chất Hưng Phát Hà Bắc,Stock,Nguyên vật liệu,UPCOM
HPI,Công ty Cổ phần Khu công nghiệp Hiệp Phước,Stock,Dịch vụ,UPCOM
HPM,CTCP Xây dựng Thương mại và Khoáng sản Hoàng Phúc,Stock,Năng lượng,UPCOM
HPO,Công ty cổ phần Công nghiệp Hapulico,Stock,,UPCOM
HPP,Công ty Cổ phần Sơn Hải Phòng,Stock,Nguyên vật liệu,UPCOM
HPT,Công ty Cổ phần Dịch vụ Công nghệ Tin học HPT,Stock,Công nghệ,UPCOM
HPW,Công ty Cổ phần Cấp nước Hải Phòng,Stock,Dịch vụ,UPCOM
HPX,Công ty cổ phần Đầu tư Hải Phát,Stock,Bất động sản và Xây dựng,HOSE
HQC,Công ty cổ phần Tư vấn-Thương mại-Dịch vụ Địa ốc Hoàng Quân,Stock,Bất động sản và Xây dựng,HOSE
HRB,Công ty Cổ phần Harec Đầu tư và Thương mại,Stock,Dịch vụ,UPCOM
HRC,Công ty Cổ phần Cao su Hòa Bình,Stock,Nông nghiệp,HOSE
HRS,CTCP Chứng khoán Việt Nam Gateway,Stock,Tài chính,OTC
HRT,Công ty cổ phần Vận tải Đường sắt Hà Nội,Stock,Công nghiệp,UPCOM
HSA,Công ty Cổ phần HESTIA,Stock,Tài chính,UPCOM
HSG,Công ty Cổ phần Tập đoàn Hoa Sen,Stock,Nguyên vật liệu,HOSE
HSI,Công ty Cổ phần Vật tư tổng hợp và Phân bón Hóa sinh,Stock,Nông nghiệp,UPCOM
HSL,Công ty Cổ phần Đầu tư Phát triển Thực phẩm Hồng Hà,Stock,Nông nghiệp,HOSE
HSM,Tổng Công ty cổ phần Dệt may Hà Nội,Stock,Hàng tiêu dùng,UPCOM
HSP,CTCP Sơn Tổng hợp Hà Nội,Stock,Nguyên vật liệu,UPCOM
HSV,Công ty cổ phần Tập đoàn HSV Việt Nam,Stock,Nguyên vật liệu,UPCOM
HT1,Công ty Cổ phần xi măng VICEM Hà Tiên,Stock,Bất động sản và Xây dựng,HOSE
HTC,Công ty Cổ phần Thương mại Hóc Môn,Stock,Dịch vụ,HNX
HTE,Công ty Cổ phần Đầu tư Kinh doanh Điện lực Thành phố Hồ Chí Minh,Stock,Bất động sản và Xây dựng,UPCOM
HTG,Tổng Công ty cổ phần Dệt may Hòa Thọ,Stock,Hàng tiêu dùng,HOSE
HTI,Công ty Cổ phần Đầu tư phát triển hạ tầng IDICO,Stock,Công nghiệp,HOSE
HTL,Công ty Cổ phần Kỹ thuật và Ô tô Trường Long,Stock,Dịch vụ,HOSE
HTM,Tổng Công ty Thương mại Hà Nội - CTCP,Stock,Dịch vụ,UPCOM
HTN,Công ty Cổ phần Hưng Thịnh Incons,Stock,Bất động sản và Xây dựng,HOSE
HTP,Công ty Cổ phần In sách giáo khoa Hòa Phát,Stock,Dịch vụ,UPCOM
HTT,Công ty cổ phần Thương mại Hà Tây,Stock,Bất động sản và Xây dựng,UPCOM
HTV,Công ty Cổ phần Logistics Vicem,Stock,Công nghiệp,HOSE
HU1,Công ty Cổ phần Đầu tư và Xây dựng HUD1,Stock,Bất động sản và Xây dựng,HOSE
HU3,Công ty cổ phần Đầu tư và Xây dựng HUD3,Stock,Bất động sản và Xây dựng,UPCOM
HU4,Công ty Cổ phần Đầu tư và Xây dựng HUD4,Stock,Bất động sản và Xây dựng,UPCOM
HU6,Công ty cổ phần Đầu tư Phát triển nhà và Đô thị HUD 6,Stock,Bất động sản và Xây dựng,UPCOM
HUB,Công ty cổ phần Xây lắp Thừa Thiên Huế,Stock,Bất động sản và Xây dựng,HOSE
HUG,Tổng Công ty may Hưng Yên - Công ty Cổ phần,Stock,Hàng tiêu dùng,UPCOM
HUT,Công ty Cổ phần Tasco,Stock,Công nghiệp,HNX
HVA,Công ty cổ phần Đầu tư HVA,Stock,Tài chính,UPCOM
HVH,Công ty Cổ phần Đầu tư và Công nghệ HVC,Stock,Bất động sản và Xây dựng,HOSE
HVN,Tổng Công ty Hàng không Việt Nam - CTCP,Stock,Công nghiệp,HOSE
HVS,CTCP Chứng khoán HVS Việt Nam,Stock,Tài chính,OTC
HVT,Công ty Cổ phần Hóa chất Việt Trì,Stock,Nguyên vật liệu,HNX
HVX,Công ty Cổ phần Xi măng Vicem Hải Vân,Stock,Bất động sản và Xây dựng,HOSE
HWS,Công ty cổ phần Cấp nước Thừa Thiên Huế,Stock,Dịch vụ,UPCOM
IBC,Công ty Cổ phần Đầu tư Apax Holdings,Stock,Dịch vụ,UPCOM
IBD,CTCP In Tổng hợp Bình Dương,Stock,Dịch vụ,UPCOM
ICA,Công ty Cổ phần Công nghệ Sinh học - Dược phẩm ICA ,Stock,,OTC
ICC,CTCP Xây dựng Công nghiệp,Stock,Bất động sản và Xây dựng,UPCOM
ICF,Công ty Cổ phần Đầu tư Thương mại Thủy Sản,Stock,Nông nghiệp,UPCOM
ICG,Công ty Cổ phần Xây dựng Sông Hồng,Stock,Bất động sản và Xây dựng,HNX
ICI,Công ty Cổ phần Đầu tư và Xây dựng Công nghiệp,Stock,Bất động sản và Xây dựng,UPCOM
ICN,Công ty cổ phần Đầu tư Xây dựng Dầu khí IDICO,Stock,Bất động sản và Xây dựng,UPCOM
ICT,Công ty cổ phần Viễn thông - Tin học Bưu điện,Stock,,HOSE
IDC,Tổng công ty IDICO - Công ty Cổ phần,Stock,Bất động sản và Xây dựng,HNX
IDI,Công ty Cổ phần Đầu tư và Phát triển Đa Quốc Gia I.D.I,Stock,Nông nghiệp,HOSE
IDJ,Công ty cổ phần Đầu tư IDJ Việt Nam,Stock,Bất động sản và Xây dựng,HNX
IDP,Công ty cổ phần Sữa Quốc tế Lof,Stock,Hàng tiêu dùng,UPCOM
IDV,Công ty Cổ phần Phát triển Hạ tầng Vĩnh Phúc,Stock,Bất động sản và Xây dựng,HNX
IFS,Công ty Cổ phần Thực phẩm Quốc tế,Stock,Hàng tiêu dùng,UPCOM
IHK,Công ty Cổ phần In Hàng không,Stock,Hàng tiêu dùng,UPCOM
IJC,Công ty Cổ phần Phát triển Hạ tầng Kỹ thuật,Stock,Bất động sản và Xây dựng,HOSE
ILA,Công ty Cổ phần ILA,Stock,Nông nghiệp,UPCOM
ILB,Công ty Cổ phần ICD Tân Cảng – Long Bình,Stock,Công nghiệp,HOSE
ILC,Công ty Cổ phần Hợp tác Lao động với Nước ngoài,Stock,Dịch vụ,UPCOM
ILS,Công ty Cổ phần Đầu tư Thương mại và Dịch vụ Quốc tế,Stock,Công nghiệp,UPCOM
IME,Công ty Cổ phần Cơ khí và Xây lắp Công nghiệp,Stock,Công nghiệp,UPCOM
IMP,Công ty Cổ phần Dược phẩm IMEXPHARM,Stock,Y tế,HOSE
IN4,Công ty Cổ phần In số 4,Stock,Dịch vụ,UPCOM
INC,Công ty Cổ phần Tư vấn Đầu tư IDICO,Stock,Bất động sản và Xây dựng,HNX
ING,Công ty cổ phần Đầu tư và Phát triển Xây dựng,Stock,,UPCOM
INN,Công ty Cổ phần Bao bì và In Nông nghiệp,Stock,Nguyên vật liệu,HNX
IPA,Công ty cổ phần Tập đoàn Đầu tư I.P.A,Stock,Tài chính,HNX
IRC,Công ty Cổ phần Cao su Công nghiệp,Stock,Nguyên vật liệu,UPCOM
IRS,Công ty Cổ phần Chứng khoán Quốc tế Hoàng Gia,Stock,Tài chính,OTC
ISC,Công ty Cổ phần Chứng khoán Công Nghiệp Việt Nam,Stock,Tài chính,OTC
ISG,Công ty cổ phần Vận tải biển và Hợp tác Quốc tế,Stock,Công nghiệp,UPCOM
ISH,Công ty cổ phần Thủy điện Srok Phu Miêng IDICO,Stock,Năng lượng,UPCOM
IST,Công ty Cổ phần ICD Tân Cảng Sóng Thần,Stock,Công nghiệp,UPCOM
ITA,Công ty Cổ phần Đầu tư và Công nghiệp Tân Tạo,Stock,Bất động sản và Xây dựng,UPCOM
ITC,Công ty Cổ phần Đầu tư - Kinh doanh nhà,Stock,Bất động sản và Xây dựng,HOSE
ITD,Công ty Cổ phần Công nghệ ITD,Stock,,HOSE
ITQ,Công ty cổ phần Tập đoàn Thiên Quang,Stock,Công nghiệp,HNX
ITS,"Công ty cổ phần Đầu tư, Thương mại và Dịch vụ - Vinacomin",Stock,Nguyên vật liệu,UPCOM
IVS,Công ty cổ phần Chứng khoán Guotai Junan (Việt Nam),Stock,Tài chính,HNX
JOS,Công ty Cổ phần Chế biến Thủy sản Xuất khẩu Minh Hải,Stock,Nông nghiệp,UPCOM
JPA,Công ty CP Hàng không Jetstar Pacific Airlines,Stock,Công nghiệp,OTC
JSI,Công ty cổ phần Chứng khoán Nhật Bản,Stock,Tài chính,OTC
JVC,Công ty cổ phần Đầu tư Y Tế - Dược phẩm Việt Nam,Stock,Y tế,HOSE
KAC,Công ty Cổ phần Đầu tư Địa ốc Khang An,Stock,Bất động sản và Xây dựng,UPCOM
KAL,Công ty cổ phần Nhôm Khánh Hoà,Stock,,OTC
KBC,Tổng Công ty Phát triển Đô thị Kinh Bắc-CTCP,Stock,Bất động sản và Xây dựng,HOSE
KCB,CTCP Khoáng sản và luyện kim Cao Bằng,Stock,Nguyên vật liệu,UPCOM
KCE,Công ty Cổ phần Bê tông Ly tâm Điện lực Khánh Hòa,Stock,Nguyên vật liệu,UPCOM
KDC,Công ty Cổ phần Tập đoàn Kido,Stock,Hàng tiêu dùng,HOSE
KDH,Công ty Cổ phần Đầu tư và Kinh doanh nhà Khang Điền,Stock,Bất động sản và Xây dựng,HOSE
KDM,Công ty cổ phần Tập đoàn GCL,Stock,Bất động sản và Xây dựng,HNX
KGM,Công ty Cổ phần Xuất nhập khẩu Kiên Giang,Stock,Nông nghiệp,UPCOM
KHD,"CTCP Khai thác, Chế biến khoáng sản Hải Dương",Stock,Bất động sản và Xây dựng,UPCOM
KHG,Công ty Cổ phần Tập đoàn Khải Hoàn Land,Stock,Bất động sản và Xây dựng,HOSE
KHL,CTCP Khoáng sản và Vật liệu Xây dựng Hưng Long,Stock,Nguyên vật liệu,UPCOM
KHP,Công ty Cổ phần Điện lực Khánh Hòa,Stock,Năng lượng,HOSE
KHS,Công ty Cổ phần Kiên Hùng,Stock,Nông nghiệp,HNX
KHV,Công ty TNHH Kim Hà Việt,Stock,Nông nghiệp,OTC
KHW,Công ty Cổ phần Cấp nước Khánh Hòa,Stock,Doanh nghiệp Upcom,UPCOM
KHX,Công ty cổ phần Phát hành sách Khánh Hòa,Stock,,UPCOM
KIP,Công ty Cổ phần K.I.P Việt Nam,Stock,Công nghiệp,UPCOM
KIS,Công ty Cổ phần Chứng khoán KIS Việt Nam,Stock,Tài chính,OTC
KKC,Công ty Cổ phần Tập đoàn Thành Thái,Stock,Bất động sản và Xây dựng,HNX
KLB,Ngân hàng Thương mại cổ phần Kiên Long,Stock,Tài chính,HOSE
KLF,Công ty Cổ phần Đầu tư Thương mại và Xuất nhập khẩu CFS,Stock,Dịch vụ,UPCOM
KMR,Công ty Cổ phần Mirae,Stock,Hàng tiêu dùng,HOSE
KMT,Công ty cổ phần Kim khí miền Trung,Stock,Bất động sản và Xây dựng,HNX
KOS,Công ty Cổ phần Kosy,Stock,Bất động sản và Xây dựng,HOSE
KPF,CTCP Đầu tư tài sản Koji,Stock,Tài chính,UPCOM
KSB,Công ty Cổ phần Khoáng sản và Xây dựng Bình Dương,Stock,Bất động sản và Xây dựng,HOSE
KSD,Công ty cổ phần Đầu tư DNA,Stock,Hàng tiêu dùng,HNX
KSF,Công ty Cổ phần Tập đoàn Sunshine,Stock,Bất động sản và Xây dựng,HNX
KSQ,Công ty cổ phần CNC Capital Việt Nam,Stock,Nguyên vật liệu,UPCOM
KST,Công ty cổ phần KASATI,Stock,Công nghệ,HNX
KSV,Tổng Công ty Khoáng sản TKV - CTCP,Stock,Nguyên vật liệu,HNX
KTC,Công ty Cổ phần Thương mại Kiên Giang,Stock,Năng lượng,UPCOM
KTL,CTCP Kim khí Thăng Long,Stock,Công nghiệp,UPCOM
KTS,Công ty cổ phần Đường Kon Tum,Stock,Nông nghiệp,HNX
KTT,Công ty cổ phần Tập đoàn đầu tư KTT,Stock,Bất động sản và Xây dựng,UPCOM
KTW,Công ty cổ phần Cấp nước Kon Tum,Stock,,UPCOM
KVC,CTCP Sản xuất Xuất nhập khẩu Inox Kim Vĩ,Stock,Công nghiệp,UPCOM
KVS,Công ty Cổ phần Chứng khoán KENANGA Việt Nam,Stock,Tài chính,OTC
KWA,Công ty cổ phần Cấp thoát nước và môi trường Kiến Tường,Stock,,UPCOM
L10,Công ty cổ phần Lilama 10 ,Stock,Bất động sản và Xây dựng,HOSE
L12,Công ty cổ phần Licogi 12,Stock,Bất động sản và Xây dựng,UPCOM
L14,Công ty cổ phần LICOGI 14,Stock,Bất động sản và Xây dựng,HNX
L18,Công ty Cổ phần Đầu tư và Xây dựng số 18,Stock,Bất động sản và Xây dựng,HNX
L35,Công ty Cổ phần Cơ khí Lắp máy Lilama,Stock,Bất động sản và Xây dựng,UPCOM
L40,Công ty Cổ phần Đầu tư và Xây dựng 40,Stock,Bất động sản và Xây dựng,HNX
L43,Công ty Cổ phần Lilama 45.3,Stock,Bất động sản và Xây dựng,UPCOM
L44,Công ty Cổ phần Lilama 45.4,Stock,Bất động sản và Xây dựng,UPCOM
L45,CTCP Lilama 45.1,Stock,Bất động sản và Xây dựng,UPCOM
L61,Công ty Cổ phần Lilama 69-1,Stock,Bất động sản và Xây dựng,UPCOM
L62,Công ty Cổ phần Lilama 69-2,Stock,Bất động sản và Xây dựng,UPCOM
L63,CTCP Lilama 69-3,Stock,,UPCOM
LAF,Công ty Cổ phần Chế biến Hàng xuất khẩu Long An,Stock,Nông nghiệp,HOSE
LAI,CTCP Đầu tư xây dựng Long An IDICO,Stock,Bất động sản và Xây dựng,UPCOM
LAS,Công ty cổ phần Supe Phốt phát và Hóa chất Lâm Thao,Stock,Nông nghiệp,HNX
LAW,Công ty cổ phần Cấp thoát nước Long An,Stock,Dịch vụ,UPCOM
LBE,Công ty cổ phần Thương mại và Dịch vụ LVA,Stock,Dịch vụ,HNX
LBM,Công ty Cổ phần Khoáng sản và Vật liệu xây dựng Lâm Đồng,Stock,Bất động sản và Xây dựng,HOSE
LCC,Công ty Cổ phần Xi măng Hồng Phong,Stock,Bất động sản và Xây dựng,UPCOM
LCD,Công ty Cổ phần Lắp máy - Thí nghiệm Cơ điện,Stock,Bất động sản và Xây dựng,HNX
LCG,Công ty cổ phần LIZEN,Stock,Bất động sản và Xây dựng,HOSE
LCM,Công ty Cổ phần Khai thác và Chế biến Khoáng sản Lào Cai,Stock,Nguyên vật liệu,UPCOM
LDG,Công ty Cổ phần Đầu tư LDG,Stock,Bất động sản và Xây dựng,HOSE
LDP,Công ty Cổ phần Dược Lâm Đồng - Ladophar,Stock,Y tế,HNX
LDW,Công ty cổ phần Cấp thoát nước Lâm Đồng,Stock,Dịch vụ,UPCOM
LEC,Công ty Cổ phần Bất động sản Điện lực Miền Trung,Stock,,UPCOM
LG9,Công ty Cổ phần Cơ giới và Xây lắp số 9,Stock,Bất động sản và Xây dựng,UPCOM
LGC,Công ty Cổ phần Đầu tư Cầu đường CII,Stock,Công nghiệp,HOSE
LGL,Công ty cổ phần Đầu tư và Phát triển Đô thị Long Giang,Stock,Bất động sản và Xây dựng,HOSE
LGM,Công ty cổ phần Giày da và May mặc Xuất khẩu,Stock,Hàng tiêu dùng,UPCOM
LHC,Công ty Cổ phần Đầu tư và Xây dựng Thủy lợi Lâm Đồng,Stock,Bất động sản và Xây dựng,HNX
LHG,Công ty Cổ phần Long Hậu,Stock,Bất động sản và Xây dựng,HOSE
LIC,Tổng Công ty Licogi - Công ty Cổ phần,Stock,Bất động sản và Xây dựng,UPCOM
LIG,Công ty Cổ phần Licogi 13,Stock,Bất động sản và Xây dựng,HNX
LIX,Công ty Cổ phần Bột giặt Lix,Stock,Hàng tiêu dùng,HOSE
LKW,CTCP Cấp nước Long Khánh,Stock,Dịch vụ,UPCOM
LLM,Tổng Công ty Lắp máy Việt Nam - CTCP,Stock,Công nghiệp,UPCOM
LM3,Công ty Cổ phần Lilama 3,Stock,Bất động sản và Xây dựng,UPCOM
LM7,Công ty Cổ phần Lilama 7,Stock,Bất động sản và Xây dựng,UPCOM
LM8,Công ty Cổ phần Lilama 18,Stock,Bất động sản và Xây dựng,HOSE
LMC,Công ty Cổ phần Long Beach LMC,Stock,Nguyên vật liệu,UPCOM
LMH,Công ty Cổ phần Quốc tế Holding,Stock,Nguyên vật liệu,UPCOM
LMI,Công ty Cổ phần Đầu tư Xây dựng Lắp máy IDICO,Stock,Bất động sản và Xây dựng,UPCOM
LNC,Công ty cổ phần Lệ Ninh,Stock,Nông nghiệp,UPCOM
LNS,Công ty cổ phần Mía đường La Ngà,Stock,Nông nghiệp,OTC
LO5,Công ty Cổ phần Lilama 5,Stock,Bất động sản và Xây dựng,UPCOM
LPB,Ngân hàng Thương mại cổ phần Lộc Phát Việt Nam,Stock,Tài chính,HOSE
LPT,Công ty cổ phần Thương mại và Sản xuất Lập Phương Thành,Stock,Bất động sản và Xây dựng,UPCOM
LQN,Công ty cổ phần Licogi Quảng Ngãi,Stock,Bất động sản và Xây dựng,UPCOM
LSG,Công ty cổ phần Bất động sản Sài Gòn VINA,Stock,Bất động sản và Xây dựng,UPCOM
LSS,Công ty Cổ phần Mía đường Lam Sơn,Stock,Nông nghiệp,HOSE
LTC,Công ty cổ phần Điện nhẹ Viễn thông,Stock,Năng lượng,UPCOM
LTG,Công ty Cổ phần Tập đoàn Lộc Trời,Stock,Nông nghiệp,UPCOM
LUT,Công ty Cổ phần Đầu tư Xây dựng Lương Tài,Stock,Bất động sản và Xây dựng,UPCOM
LVS,Công ty cổ phần Chứng khoán Liên Việt,Stock,Tài chính,OTC
M10,Tổng Công ty May 10 - Công ty cổ phần,Stock,Hàng tiêu dùng,UPCOM
MA1,Công ty cổ phần Thiết bị,Stock,Nguyên vật liệu,UPCOM
MAC,Công ty cổ phần Tập đoàn MacStar,Stock,Công nghiệp,HNX
MAS,Công ty cổ phần Dịch vụ Hàng không Sân bay Đà Nẵng,Stock,Công nghiệp,HNX
MBB,Ngân hàng Thương mại cổ phần Quân đội,Stock,Tài chính,HOSE
MBG,Công ty cổ phần Tập đoàn MBG,Stock,Công nghệ,HNX
MBN,Công ty cổ phần Môi trường và Công trình Đô thị Bắc Ninh,Stock,Dịch vụ,UPCOM
MBS,Công ty cổ phần Chứng khoán MB,Stock,Tài chính,HNX
MBT,Công ty cổ phần Bất động sản cho thuê Minh Bảo Tín,Stock,,UPCOM
MCC,Công ty Cổ phần Gạch ngói cao cấp,Stock,Bất động sản và Xây dựng,HNX
MCD,Công ty cổ phần Môi trường và Công trình đô thị Đông Hà,Stock,Dịch vụ,OTC
MCF,CTCP Xây lắp Cơ khí và Lương thực Thực phẩm,Stock,Công nghiệp,HNX
MCG,Công ty Cổ phần Năng Lượng và Bất động sản MCG,Stock,Bất động sản và Xây dựng,UPCOM
MCH,Công ty Cổ phần Hàng tiêu dùng Masan,Stock,Hàng tiêu dùng,HOSE
MCM,Công ty cổ phần Giống bò sữa Mộc Châu,Stock,Hàng tiêu dùng,HOSE
MCO,Công ty Cổ phần Đầu tư và Xây dựng BDC Việt Nam,Stock,Bất động sản và Xây dựng,HNX
MCP,Công ty cổ phần In và Bao bì Mỹ Châu,Stock,Nguyên vật liệu,HOSE
MDA,Công ty Cổ phần Môi trường Đô thị Đông Anh,Stock,Dịch vụ,UPCOM
MDC,Công ty cổ phần Than Mông Dương - Vinacomin,Stock,Năng lượng,HNX
MDF,Công ty cổ phần Gỗ MDF VRG Quảng Trị,Stock,Hàng tiêu dùng,UPCOM
MDG,Công ty Cổ phần miền Đông,Stock,Bất động sản và Xây dựng,HOSE
MEC,Công ty Cổ phần Cơ khí - lắp máy Sông Đà,Stock,Bất động sản và Xây dựng,UPCOM
MED,Công ty cổ phần Dược Trung ương Mediplantex,Stock,Y tế,HNX
MEF,Công ty cổ phần MEINFA,Stock,Y tế,UPCOM
MEL,Công ty Cổ phần Thép Mê Lin,Stock,Nguyên vật liệu,HNX
MES,Công ty cổ phần Cơ điện Công trình,Stock,Bất động sản và Xây dựng,UPCOM
MFS,Công ty Cổ phần Dịch vụ Kỹ thuật Mobifone,Stock,,UPCOM
MGC,Công ty cổ phần Địa chất mỏ - TKV,Stock,Năng lượng,UPCOM
MGG,Tổng Công ty Đức Giang - Công ty Cổ phần,Stock,Hàng tiêu dùng,UPCOM
MGR,Công ty cổ phần Tập đoàn Mgroup,Stock,Bất động sản và Xây dựng,UPCOM
MH3,Công ty Cổ phần Khu công nghiệp Cao Su Bình Long,Stock,Bất động sản và Xây dựng,UPCOM
MHB,Ngân hàng TMCP Phát triển nhà đồng bằng sông Cửu Long,Stock,Tài chính,OTC
MHC,Công ty Cổ phần MHC,Stock,Công nghiệp,HOSE
MHL,CTCP Minh Hữu Liên,Stock,Công nghiệp,UPCOM
MIC,Công ty Cổ phần Kỹ nghệ Khoáng sản Quảng Nam,Stock,Nguyên vật liệu,UPCOM
MIE,Tổng Công ty Máy và Thiết bị Công nghiệp - CTCP,Stock,Công nghiệp,UPCOM
MIG,Tổng Công ty cổ phần Bảo hiểm Quân đội,Stock,Tài chính,HOSE
MKP,Công ty Cổ phần Hóa - Dược phẩm Mekophar,Stock,Y tế,UPCOM
MKV,Công ty Cổ phần Dược Thú y Cai Lậy,Stock,Nông nghiệp,HNX
MLC,Công ty Cổ phần Môi trường Đô thị Tỉnh Lào Cai,Stock,Dịch vụ,UPCOM
MLG,Công ty Cổ phần Tập đoàn Mai Linh,Stock,,OTC
MLS,Công ty cổ phần Chăn nuôi - Mitraco,Stock,Nông nghiệp,UPCOM
MML,Công ty Cổ phần Masan MEATLife,Stock,Hàng tiêu dùng,UPCOM
MNB,Tổng Công ty May Nhà Bè - Công ty Cổ phần,Stock,Hàng tiêu dùng,UPCOM
MND,Công ty Cổ phần Môi trường Nam Định,Stock,Dịch vụ,UPCOM
MPC,Công ty Cổ phần Tập đoàn Thủy sản Minh Phú,Stock,Nông nghiệp,UPCOM
MPT,Công ty cổ phần Tập đoàn Trường Tiền,Stock,Hàng tiêu dùng,UPCOM
MPY,Công ty Cổ phần Môi trường Đô thị Phú Yên,Stock,Dịch vụ,UPCOM
MQB,Công ty Cổ phần Môi trường và phát triển Đô thị Quảng Bình,Stock,Dịch vụ,UPCOM
MQN,Công ty Cổ phần Môi trường đô thị Quảng Ngãi,Stock,Dịch vụ,UPCOM
MRF,Công ty cổ phần Merufa,Stock,Y tế,UPCOM
MSB,Ngân hàng Thương mại cổ phần Hàng hải Việt Nam,Stock,Tài chính,HOSE
MSG,Công ty Chứng khoán JB Việt Nam,Stock,Tài chính,OTC
MSH,Công ty cổ phần May Sông Hồng,Stock,Hàng tiêu dùng,HOSE
MSI,Công ty Cổ phần Chứng khoán KB Việt Nam,Stock,Tài chính,OTC
MSM,Công ty TNHH Truyền thông Megastar,Stock,Dịch vụ,OTC
MSN,Công ty Cổ phần Tập đoàn MaSan,Stock,Tài chính,HOSE
MSR,Công ty cổ phần Masan High-Tech Materials,Stock,Nguyên vật liệu,UPCOM
MST,Công ty Cổ phần Đầu tư MST,Stock,,HNX
MTA,Tổng Công ty Khoáng sản và Thương mại Hà Tĩnh - CTCP,Stock,Nguyên vật liệu,UPCOM
MTB,CTCP Môi trường và Công trình Đô thị tỉnh Thái Bình,Stock,Dịch vụ,UPCOM
MTC,CTCP Dịch vụ Du lịch Mỹ Trà,Stock,Dịch vụ,UPCOM
MTG,Công ty Cổ phần MT Gas,Stock,Năng lượng,UPCOM
MTH,Công ty Cổ phần Môi trường Đô thị Hà Đông,Stock,Dịch vụ,UPCOM
MTL,CTCP Dịch vụ Môi trường Đô thị Từ Liêm,Stock,Dịch vụ,UPCOM
MTP,Công ty Cổ phần Dược Medipharco,Stock,Y tế,UPCOM
MTS,Công ty cổ phần Vật tư - TKV,Stock,Nguyên vật liệu,UPCOM
MTV,Công ty Cổ phần Dịch vụ Môi trường và Công trình Đô thị Vũng Tàu,Stock,Dịch vụ,UPCOM
MTX,Công ty cổ phần Công trình Đô thị Gò Công,Stock,,UPCOM
MVB,Tổng công ty Công nghiệp mỏ Việt Bắc TKV - CTCP,Stock,Nguyên vật liệu,HNX
MVC,Công ty Cổ phần Vật liệu và Xây dựng Bình Dương,Stock,Bất động sản và Xây dựng,UPCOM
MVN,Tổng Công ty Hàng hải Việt Nam - CTCP,Stock,Công nghiệp,UPCOM
MWG,Công ty cổ phần Đầu tư Thế giới Di động,Stock,Công nghệ,HOSE
MZG,Công ty cổ phần Miza,Stock,,UPCOM
NAB,Ngân hàng Thương mại cổ phần Nam Á,Stock,Tài chính,HOSE
NAC,Công ty Cổ phần Tư vấn Xây dựng Tổng hợp,Stock,Bất động sản và Xây dựng,UPCOM
NAF,Công ty Cổ phần Nafoods Group,Stock,Nông nghiệp,HOSE
NAG,Công ty cổ phần Tập đoàn Nagakawa,Stock,Hàng tiêu dùng,HNX
NAP,Công ty cổ phần Cảng Nghệ Tĩnh,Stock,Công nghiệp,HNX
NAS,Công ty Cổ phần Dịch vụ Hàng không Sân bay Nội Bài,Stock,Công nghiệp,UPCOM
NAU,Công ty cổ phần Môi trường và Công trình đô thị Nghệ An,Stock,Dịch vụ,UPCOM
NAV,Công ty Cổ phần Nam Việt,Stock,Bất động sản và Xây dựng,HOSE
NAW,Công ty Cổ phần Cấp nước Nghệ An,Stock,Dịch vụ,UPCOM
NBB,Công ty Cổ phần Đầu tư Năm Bảy Bảy,Stock,Bất động sản và Xây dựng,HOSE
NBC,Công ty cổ phần Than Núi Béo – Vinacomin,Stock,Năng lượng,HNX
NBE,Công ty Cổ phần Sách và Thiết bị Giáo dục Miền Bắc,Stock,Dịch vụ,UPCOM
NBP,Công ty Cổ phần Nhiệt điện Ninh Bình,Stock,Năng lượng,HNX
NBT,CTCP Cấp thoát nước Bến Tre,Stock,Dịch vụ,UPCOM
NBW,Công ty Cổ phần Cấp nước Nhà Bè,Stock,Dịch vụ,HNX
NCG,Công ty cổ phần Tập đoàn Nova Consumer,Stock,,UPCOM
NCS,Công ty cổ phần Suất ăn Hàng không Nội Bài,Stock,Công nghiệp,UPCOM
NCT,Công ty Cổ phần Dịch vụ Hàng hóa Nội Bài,Stock,Công nghiệp,HOSE
ND2,Công ty Cổ phần Đầu tư Phát triển điện Miền Bắc 2,Stock,Bất động sản và Xây dựng,UPCOM
NDC,Công ty Cổ phần Nam Dược,Stock,Y tế,UPCOM
NDF,CTCP Chế biến thực phẩm nông sản xuất khẩu Nam Định,Stock,Hàng tiêu dùng,UPCOM
NDN,Công ty Cổ phần Đầu tư Phát triển Nhà Đà Nẵng  ,Stock,Bất động sản và Xây dựng,HNX
NDP,Công ty Cổ phần Dược phẩm 2/9 ,Stock,Nguyên vật liệu,UPCOM
NDT,Tổng Công ty cổ phần Dệt may Nam Định,Stock,Hàng tiêu dùng,UPCOM
NDW,CTCP Cấp nước Nam Định,Stock,Dịch vụ,UPCOM
NDX,Công ty Cổ phần Xây lắp Phát triển Nhà Đà Nẵng,Stock,Bất động sản và Xây dựng,HNX
NED,Công ty cổ phần Đầu tư và Phát triển Điện Tây Bắc,Stock,Năng lượng,UPCOM
NEM,Công ty cổ phần Thiết bị điện miền Bắc,Stock,,UPCOM
NET,Công ty Cổ phần Bột giặt Net,Stock,Hàng tiêu dùng,HNX
NFC,Công ty Cổ phần Phân lân Ninh Bình,Stock,Nông nghiệp,HNX
NGC,Công ty Cổ phần Chế biến Thủy sản Xuất khẩu Ngô Quyền,Stock,Nông nghiệp,UPCOM
NHA,Tổng Công ty Đầu tư Phát triển Nhà và Đô thị Nam Hà Nội,Stock,Bất động sản và Xây dựng,HOSE
NHC,Công ty Cổ phần Gạch Ngói Nhị Hiệp,Stock,Bất động sản và Xây dựng,HNX
NHH,Công ty Cổ phần Nhựa Hà Nội,Stock,Nguyên vật liệu,HOSE
NHP,Công ty Cổ phần Sản xuất Xuất nhập khẩu NHP,Stock,Nguyên vật liệu,UPCOM
NHT,Công ty Cổ phần Sản xuất và Thương mại Nam Hoa,Stock,Hàng tiêu dùng,HOSE
NHV,Công ty cổ phần Sức Khỏe Hồi Sinh Việt Nam,Stock,Nguyên vật liệu,UPCOM
NJC,Công ty cổ phần May Nam Định,Stock,Hàng tiêu dùng,UPCOM
NKG,Công ty Cổ phần Thép Nam Kim,Stock,Nguyên vật liệu,HOSE
NLG,Công ty cổ phần Đầu tư Nam Long,Stock,Bất động sản và Xây dựng,HOSE
NLS,Công ty cổ phần Cấp thoát Nước Lạng Sơn,Stock,Dịch vụ,UPCOM
NNC,Công ty Cổ phần Đá Núi Nhỏ,Stock,Bất động sản và Xây dựng,HOSE
NNG,Công ty Cổ phần Công nghiệp - Dịch vụ - Thương Mại Ngọc Nghĩa,Stock,Nguyên vật liệu,UPCOM
NNT,Công ty cổ phần Cấp nước Ninh Thuận,Stock,Dịch vụ,UPCOM
NO1,Công ty Cổ phần Tập đoàn 911,Stock,Công nghiệp,HOSE
NOS,Công ty Cổ phần Vận tải biển và Thương mại Phương Đông,Stock,Công nghiệp,UPCOM
NPM,Công ty TNHH Khai thác Chế biến Khoáng sản Núi Pháo,Stock,,OTC
NQB,Công ty cổ phần Cấp nước Quảng Bình,Stock,Dịch vụ,UPCOM
NQN,Công ty Cổ phần Nước sạch Quảng Ninh,Stock,Dịch vụ,UPCOM
NQT,Công ty Cổ phần Nước sạch Quảng Trị,Stock,Dịch vụ,UPCOM
NRC,Công ty Cổ phần Tập đoàn NRC,Stock,Bất động sản và Xây dựng,HNX
NS2,Công ty Cổ phần Nước sạch số 2 Hà Nội,Stock,Dịch vụ,UPCOM
NSC,Công ty cổ phần Tập đoàn Giống cây trồng Việt Nam,Stock,Nông nghiệp,HOSE
NSG,CTCP Nhựa Sài Gòn,Stock,Nguyên vật liệu,UPCOM
NSH,Công ty Cổ phần Tập đoàn Nhôm Sông Hồng Shalumi,Stock,Nguyên vật liệu,HNX
NSI,Công ty Cổ phần Chứng khoán Quốc gia,Stock,Tài chính,OTC
NSL,Công ty cổ phần Cấp nước Sơn La,Stock,Dịch vụ,UPCOM
NSS,Công ty cổ phần Nông Súc Sản Đồng Nai,Stock,Nông nghiệp,UPCOM
NST,Công ty Cổ phần Ngân Sơn,Stock,Hàng tiêu dùng,HNX
NT2,Công ty Cổ phần Điện lực Dầu khí Nhơn Trạch 2,Stock,Năng lượng,HOSE
NTB,CTCP Đầu tư Xây dựng và Khai thác công trình giao thông 584,Stock,Bất động sản và Xây dựng,UPCOM
NTC,Công ty Cổ phần Khu Công nghiệp Nam Tân Uyên,Stock,Bất động sản và Xây dựng,HOSE
NTF,Công ty cổ phần Dược - Vật tư Y tế Nghệ An,Stock,Y tế,UPCOM
NTH,Công ty Cổ phần thủy điện Nước Trong,Stock,Năng lượng,HNX
NTL,Công ty Cổ phần Phát triển Đô thị Từ Liêm,Stock,Bất động sản và Xây dựng,HOSE
NTP,Công ty Cổ phần Nhựa Thiếu niên Tiền Phong,Stock,Bất động sản và Xây dựng,HNX
NTT,Công ty Cổ phần Dệt - May Nha Trang,Stock,Hàng tiêu dùng,UPCOM
NTW,Công ty cổ phần Cấp nước Nhơn Trạch,Stock,Dịch vụ,UPCOM
NUE,Công ty Cổ phần Môi trường Đô thị Nha Trang,Stock,Doanh nghiệp Upcom,UPCOM
NVB,Ngân hàng Thương mại cổ phần Quốc Dân,Stock,Tài chính,HNX
NVL,Công ty cổ phần Tập đoàn Đầu tư Địa ốc No Va,Stock,Bất động sản và Xây dựng,HOSE
NVP,Công ty Cổ phần Nước sạch Vĩnh Phúc,Stock,Dịch vụ,UPCOM
NVS,Công ty cổ phần Chứng khoán NAVIBANK,Stock,Tài chính,OTC
NVT,Công ty Cổ phần Bất động sản Du lịch Ninh Vân Bay,Stock,Bất động sản và Xây dựng,HOSE
NWT,Công ty cổ phần Vận tải Newway,Stock,Dịch vụ,UPCOM
NXT,CTCP Sản xuất và Cung ứng vật liệu xây dựng Kon Tum,Stock,Bất động sản và Xây dựng,UPCOM
OCB,Ngân hàng Thương mại cổ phần Phương Đông,Stock,Tài chính,HOSE
OCH,Công ty Cổ phần One Capital Hospitality,Stock,Bất động sản và Xây dựng,HNX
OCS,Công ty Cổ phần Chứng khoán Đại Dương,Stock,Tài chính,OTC
ODE,Công ty cổ phần Tập đoàn Truyền thông và Giải trí ODE,Stock,Dịch vụ,UPCOM
OGC,Công ty Cổ phần Tập đoàn Đại Dương,Stock,Bất động sản và Xây dựng,HOSE
OIL,Tổng Công ty Dầu Việt Nam - CTCP,Stock,Năng lượng,UPCOM
OMC,Công ty Cổ phần Quản lý quỹ đầu tư Chứng khoán Phương Đông,Stock,,OTC
ONE,Công ty Cổ phần Công nghệ ONE,Stock,Công nghệ,HNX
ONW,Công ty Cổ phần Dịch vụ Một Thế giới,Stock,Công nghệ,UPCOM
OPC,Công ty cổ phần Dược phẩm OPC,Stock,Y tế,HOSE
ORS,Công ty Cổ phần Chứng khoán Tiên Phong,Stock,Tài chính,HOSE
OSC,Công ty Cổ phần Chứng khoán ĐẠI TÂY DƯƠNG,Stock,Tài chính,OTC
PAC,Công ty Cổ phần Pin Ắc quy Miền Nam,Stock,Công nghiệp,HOSE
PAI,"CTCP Công nghệ thông tin, viễn thông và tự động hóa Dầu khí",Stock,Công nghệ,UPCOM
PAN,Công ty Cổ phần Tập đoàn PAN,Stock,Nông nghiệp,HOSE
PAP,Công ty cổ phần Dầu khí Đầu tư Khai thác Cảng Phước An,Stock,Công nghiệp,UPCOM
PAS,Công ty cổ phần Quốc tế Phương Anh,Stock,Nguyên vật liệu,UPCOM
PAT,Công ty cổ phần Phốt pho Apatit Việt Nam,Stock,Nguyên vật liệu,UPCOM
PBC,CTCP Dược phẩm Trung ương I - Pharbaco,Stock,Y tế,UPCOM
PBP,Công ty cổ phần Bao bì Dầu khí Việt Nam,Stock,Nguyên vật liệu,HNX
PBT,Công ty cổ phần Nhà và Thương mại Dầu khí,Stock,Nguyên vật liệu,UPCOM
PC1,Công ty Cổ phần Tập đoàn PC1,Stock,Bất động sản và Xây dựng,HOSE
PCC,Công ty Cổ phần Tập đoàn Xây lắp 1 - Petrolimex,Stock,Bất động sản và Xây dựng,UPCOM
PCE,Công ty cổ phần Phân bón và Hóa chất Dầu khí Miền Trung,Stock,Nông nghiệp,HNX
PCF,Công ty cổ phần Cà Phê Petec,Stock,Nông nghiệp,UPCOM
PCG,Công ty Cổ phần Đầu tư và Phát triển Gas Đô Thị,Stock,Năng lượng,UPCOM
PCH,Công ty Cổ phần Nhựa Picomat,Stock,Công nghiệp,HNX
PCM,Công ty Cổ phần Vật liệu Xây dựng Bưu điện,Stock,Bất động sản và Xây dựng,UPCOM
PCT,Công ty cổ phần Vận tải biển Global Pacific,Stock,Công nghiệp,HNX
PDB,Công ty Cổ phần Tập đoàn đầu tư DIN Capital,Stock,Bất động sản và Xây dựng,HNX
PDC,Công ty cổ phần Du lịch Dầu khí Phương Đông,Stock,Dịch vụ,UPCOM
PDN,Công ty Cổ phần Cảng Đồng Nai,Stock,Công nghiệp,HOSE
PDR,Công ty cổ phần Phát triển Bất động sản Phát Đạt,Stock,Bất động sản và Xây dựng,HOSE
PDV,Công ty Cổ phần Vận tải và Tiếp vận Phương Đông Việt,Stock,Năng lượng,HOSE
PEG,Tổng Công ty Thương mại Kỹ thuật và Đầu tư - CTCP,Stock,Năng lượng,UPCOM
PEN,Công ty cổ phần Xây lắp III Petrolimex,Stock,Bất động sản và Xây dựng,HNX
PEQ,Công ty cổ phần Thiết bị Xăng dầu Petrolimex,Stock,Năng lượng,UPCOM
PET,Tổng Công ty Cổ phần Dịch vụ Tổng hợp Dầu khí,Stock,Dịch vụ,HOSE
PFI,Công ty Cổ phần Đầu tư Tài chính Công đoàn Dầu khí,Stock,,OTC
PFL,Công ty cổ phần Dầu khí Đông Đô,Stock,Bất động sản và Xây dựng,UPCOM
PGB,Ngân hàng TMCP Thịnh vượng và Phát triển,Stock,Tài chính,UPCOM
PGC,Tổng Công ty Gas Petrolimex-CTCP,Stock,Năng lượng,HOSE
PGD,Công ty Cổ phần Phân phối Khí thấp áp Dầu khí Việt Nam,Stock,Năng lượng,HOSE
PGI,Tổng Công ty cổ phần Bảo hiểm Petrolimex,Stock,Tài chính,HOSE
PGN,Công ty Cổ phần Phụ gia Nhựa,Stock,Nguyên vật liệu,HNX
PGS,Công ty Cổ phần Kinh doanh Khí Miền Nam,Stock,Năng lượng,HNX
PGT,Công ty Cổ phần PGT Holdings,Stock,Công nghiệp,HNX
PGV,Tổng Công ty Phát điện 3 - Công ty cổ phần,Stock,Năng lượng,HOSE
PHC,Công ty cổ phần Xây dựng Phục Hưng Holdings,Stock,Bất động sản và Xây dựng,HOSE
PHH,Công ty Cổ phần Hồng Hà Việt Nam,Stock,Bất động sản và Xây dựng,UPCOM
PHN,Công ty Cổ phần Pin Hà Nội,Stock,Công nghiệp,HNX
PHP,Công ty cổ phần Cảng Hải Phòng,Stock,Công nghiệp,UPCOM
PHR,Công ty cổ phần Cao su Phước Hòa,Stock,Bất động sản và Xây dựng,HOSE
PHS,Công ty Cổ phần Chứng khoán Phú Hưng,Stock,Tài chính,UPCOM
PIA,Công ty cổ phần Tin học Viễn thông Petrolimex,Stock,Công nghệ,HNX
PIC,Công ty cổ phần Đầu tư Điện lực 3,Stock,Năng lượng,HNX
PID,CTCP Trang trí Nội thất Dầu khí,Stock,Dịch vụ,UPCOM
PIS,Tổng Công ty Pisico Bình Định - CTCP,Stock,Hàng tiêu dùng,UPCOM
PIT,Công ty Cổ phần Xuất nhập khẩu Petrolimex,Stock,Dịch vụ,HOSE
PIV,Công ty Cổ phần PIV,Stock,Dịch vụ,UPCOM
PJC,Công ty Cổ phần Thương mại và Vận tải Petrolimex Hà Nội,Stock,Năng lượng,HNX
PJS,Công ty cổ phần Cấp nước Phú Hòa Tân,Stock,Dịch vụ,UPCOM
PJT,Công ty Cổ phần Vận tải Xăng dầu Đường thủy Petrolimex,Stock,Công nghiệp,HOSE
PLA,Công ty cổ phần Đầu tư Dịch vụ Hạ tầng Xăng Dầu,Stock,Bất động sản và Xây dựng,UPCOM
PLC,Tổng Công ty Hóa dầu Petrolimex-CTCP,Stock,Nguyên vật liệu,HNX
PLE,CTCP Tư vấn Xây dựng Petrolimex,Stock,Bất động sản và Xây dựng,UPCOM
PLO,Công ty Cổ phần Kho Vận Petec ,Stock,Công nghiệp,UPCOM
PLP,Công ty Cổ phần Sản xuất và Công nghệ Nhựa Pha Lê,Stock,Nguyên vật liệu,HOSE
PLX,Tập đoàn Xăng dầu Việt Nam,Stock,Năng lượng,HOSE
PMB,Công ty cổ phần Phân bón và Hóa chất Dầu khí Miền Bắc,Stock,Nông nghiệp,HNX
PMC,Công ty Cổ phần Dược phẩm Dược liệu Pharmedic,Stock,Y tế,HNX
PMG,Công ty Cổ phần Đầu tư và Sản xuất Petro Miền Trung,Stock,Năng lượng,HOSE
PMJ,Công ty cổ phần Vật tư Bưu điện,Stock,Công nghệ,UPCOM
PMP,Công ty cổ phần Bao bì Đạm Phú Mỹ,Stock,Nguyên vật liệu,HNX
PMS,Công ty Cổ phần Cơ khí Xăng dầu,Stock,Công nghiệp,HNX
PMT,Công ty cổ phần Viễn thông TELVINA Việt Nam,Stock,Công nghệ,UPCOM
PMW,Công ty cổ phần Cấp nước Phú Mỹ,Stock,Dịch vụ,UPCOM
PNC,Công ty Cổ phần Văn hóa Phương Nam,Stock,Dịch vụ,HOSE
PND,Công ty Cổ phần Xăng dầu Dầu khí Nam Định,Stock,Năng lượng,UPCOM
PNG,Công ty cổ phần Thương mại Phú Nhuận,Stock,Hàng tiêu dùng,UPCOM
PNJ,Công ty Cổ phần Vàng bạc Đá quý Phú Nhuận,Stock,Dịch vụ,HOSE
PNP,Công ty cổ phần Tân Cảng - Phú Hữu,Stock,Công nghiệp,UPCOM
PNT,Công ty cổ phần Kỹ thuật Xây dựng Phú Nhuận,Stock,Bất động sản và Xây dựng,UPCOM
POB,Công ty Cổ phần Xăng dầu Dầu khí Thái Bình,Stock,Năng lượng,UPCOM
POM,Công ty Cổ phần Thép Pomina,Stock,Nguyên vật liệu,UPCOM
POS,Công ty Cổ phần Vận hành và Xây lắp PTSC,Stock,Năng lượng,UPCOM
POT,Công ty Cổ phần Thiết bị Bưu điện,Stock,Công nghệ,HNX
POV,Công ty Cổ phần Xăng dầu Dầu khí Vũng Áng,Stock,Năng lượng,UPCOM
POW,Tổng Công ty Điện lực Dầu khí Việt Nam - CTCP,Stock,Năng lượng,HOSE
PPC,Công ty Cổ phần Nhiệt điện Phả Lại,Stock,Năng lượng,HOSE
PPE,Công ty cổ phần Tư vấn Đầu tư PP Enterprise,Stock,Bất động sản và Xây dựng,HNX
PPH,Tổng Công ty Cổ phần Phong Phú,Stock,Hàng tiêu dùng,UPCOM
PPI,Công ty Cổ phần Đầu tư và Phát triển Dự án Hạ tầng Thái Bình Dương,Stock,Bất động sản và Xây dựng,UPCOM
PPP,Công ty Cổ phần Dược phẩm Phong Phú,Stock,Y tế,HNX
PPS,Công ty Cổ phần Dịch vụ Kỹ thuật Điện lực Dầu khí Việt Nam,Stock,Công nghiệp,HNX
PPT,Công ty cổ phần Petro Times,Stock,Năng lượng,HNX
PPY,Công ty cổ phần Xăng dầu Dầu khí Phú Yên,Stock,Năng lượng,HNX
PQG,CTCP Đầu tư vàng Phú Quý,Stock,Dịch vụ,OTC
PQN,Công ty cổ phần Dịch vụ Dầu khí Quảng Ngãi PTSC,Stock,Năng lượng,UPCOM
PRC,Công ty Cổ phần Logistics Portserco,Stock,Công nghiệp,HNX
PRE,Tổng Công ty Cổ phần Tái bảo hiểm Hà Nội (Hanoi Re),Stock,Tài chính,HNX
PRO,Công ty Cổ phần Procimex Việt Nam,Stock,Nông nghiệp,UPCOM
PRT,Tổng công ty Sản xuất - Xuất nhập khẩu Bình Dương - CTCP,Stock,Bất động sản và Xây dựng,UPCOM
PSB,Công ty cổ phần Đầu tư Dầu khí Sao Mai – Bến Đình,Stock,Nguyên vật liệu,UPCOM
PSC,Công ty cổ phần Vận tải và Dịch vụ Petrolimex Sài Gòn,Stock,Năng lượng,HNX
PSD,Công ty cổ phần Dịch vụ Phân phối Tổng hợp Dầu khí,Stock,Dịch vụ,HNX
PSE,Công ty cổ phần Phân bón và Hóa chất Dầu khí Đông Nam Bộ,Stock,Nông nghiệp,HNX
PSG,Công ty Cổ phần Đầu tư và Xây lắp Dầu khí Sài Gòn,Stock,Bất động sản và Xây dựng,UPCOM
PSH,Công ty cổ phần Thương mại Đầu tư Dầu khí Nam Sông Hậu,Stock,Năng lượng,UPCOM
PSI,Công ty cổ phần Chứng khoán Dầu khí,Stock,Tài chính,HNX
PSL,Công ty Cổ phần Chăn nuôi Phú Sơn,Stock,Nông nghiệp,UPCOM
PSN,Công ty Cổ phần Dịch vụ Kỹ thuật PTSC Thanh Hóa,Stock,Năng lượng,UPCOM
PSP,Công ty Cổ phần Cảng dịch vụ Dầu khí Đình Vũ,Stock,Công nghiệp,UPCOM
PSW,Công ty cổ phần Phân bón và Hóa chất Dầu khí Tây Nam Bộ,Stock,Nông nghiệp,HNX
PTB,Công ty Cổ phần Phú Tài,Stock,Dịch vụ,HOSE
PTC,Công ty Cổ phần Đầu tư ICapital,Stock,Công nghiệp,HOSE
PTD,CTCP Thiết kế - Xây dựng - Thương mại Phúc Thịnh,Stock,Bất động sản và Xây dựng,HNX
PTE,Công ty Cổ phần Xi măng Phú Thọ,Stock,Bất động sản và Xây dựng,UPCOM
PTG,Công ty Cổ phần May Xuất khẩu Phan Thiết,Stock,Hàng tiêu dùng,UPCOM
PTH,Công ty Cổ phần Vận tải và Dịch vụ Petrolimex Hà Tây,Stock,Năng lượng,UPCOM
PTI,Tổng Công ty Cổ phần Bảo hiểm Bưu điện,Stock,Tài chính,HNX
PTL,Công ty Cổ phần Victory Group,Stock,Bất động sản và Xây dựng,HOSE
PTM,"Công ty cổ phần Sản xuất, Thương mại và Dịch vụ ôtô PTM",Stock,Công nghiệp,UPCOM
PTN,Công ty cổ phần Phát triển Nhà Khánh Hòa,Stock,Bất động sản và Xây dựng,UPCOM
PTO,Công ty Cổ phần Dịch vụ - Xây dựng Công trình Bưu điện,Stock,Bất động sản và Xây dựng,UPCOM
PTP,Công ty Cổ phần Dịch vụ Viễn thông và In Bưu điện,Stock,Hàng tiêu dùng,UPCOM
PTS,Công ty Cổ phần Vận tải và Dịch vụ Petrolimex Hải Phòng,Stock,Năng lượng,HNX
PTT,Công ty Cổ phần Vận tải Dầu khí Đông Dương,Stock,Năng lượng,UPCOM
PTV,Công ty cổ phần Thương mại Dầu khí,Stock,Năng lượng,UPCOM
PTX,Công ty cổ phần Vận tải và Dịch vụ Petrolimex Nghệ Tĩnh,Stock,Năng lượng,HNX
PV2,Công ty cổ phần Đầu tư PV2,Stock,Bất động sản và Xây dựng,HNX
PVA,Công ty Cổ phần Tổng Công ty Xây lắp Dầu khí Nghệ An,Stock,Bất động sản và Xây dựng,UPCOM
PVB,Công ty cổ phần Bọc ống Dầu khí Việt Nam,Stock,Công nghiệp,HNX
PVC,Tổng Công ty Hóa chất và Dịch vụ Dầu khí - CTCP,Stock,Nguyên vật liệu,HNX
PVD,Tổng Công ty Cổ phần Khoan và Dịch vụ Khoan Dầu khí,Stock,Năng lượng,HOSE
PVE,Tổng Công ty Tư vấn Thiết kế Dầu khí-CTCP,Stock,Bất động sản và Xây dựng,UPCOM
PVG,Công ty Cổ phần Kinh doanh LPG Việt Nam,Stock,Năng lượng,HNX
PVH,Công ty cổ phần Xây lắp dầu khí Thanh Hóa,Stock,Nguyên vật liệu,UPCOM
PVI,Công ty Cổ phần PVI,Stock,Dịch vụ,HNX
PVL,Công ty cổ phần Đầu tư Nhà đất Việt,Stock,Bất động sản và Xây dựng,UPCOM
PVM,Công ty Cổ phần Máy - Thiết bị Dầu khí,Stock,Năng lượng,UPCOM
PVN,Tập đoàn Công nghiệp-Năng lượng Quốc gia Việt Nam,Stock,Năng lượng,OTC
PVO,CTCP Dầu nhờn PV Oil,Stock,Nguyên vật liệu,UPCOM
PVP,Công ty Cổ phần Vận tải dầu khí Thái Bình Dương,Stock,Năng lượng,HOSE
PVR,Công ty Cổ phần đầu tư PVR Hà Nội,Stock,Bất động sản và Xây dựng,UPCOM
PVS,Tổng Công ty Cổ phần Dịch vụ Kỹ thuật Dầu khí Việt Nam,Stock,Năng lượng,HNX
PVT,Tổng công ty Cổ phần Vận tải Dầu khí,Stock,Năng lượng,HOSE
PVV,Công ty Cổ phần Vinaconex 39,Stock,Bất động sản và Xây dựng,UPCOM
PVX,Tổng Công ty cổ phần Xây lắp Dầu khí Việt Nam,Stock,Bất động sản và Xây dựng,UPCOM
PVY,Công ty Cổ phần Chế tạo Giàn khoan Dầu khí,Stock,Công nghiệp,UPCOM
PWA,Công ty Cổ phần Bất động sản Dầu khí,Stock,Bất động sản và Xây dựng,UPCOM
PWS,Công ty Cổ phần Cấp thoát nước Phú Yên,Stock,Dịch vụ,UPCOM
PX1,Công ty cổ phần Xi măng Sông Lam 2,Stock,Nguyên vật liệu,UPCOM
PXA,Công ty cổ phần Đầu tư & Thương mại Dầu khí Nghệ A,Stock,Bất động sản và Xây dựng,UPCOM
PXI,Công ty Cổ phần Xây dựng công nghiệp và dân dụng Dầu khí,Stock,Bất động sản và Xây dựng,UPCOM
PXL,Tổng Công ty cổ phần Đầu tư và Phát triển KCN Dầu khí-Long Sơn,Stock,Bất động sản và Xây dựng,UPCOM
PXM,Công ty Cổ phần Xây lắp Dầu khí Miền Trung,Stock,Bất động sản và Xây dựng,UPCOM
PXS,Công ty Cổ phần Kết cấu Kim loại và Lắp máy Dầu khí,Stock,Bất động sản và Xây dựng,UPCOM
PXT,Công ty Cổ phần Xây lắp Đường ống Bể chứa Dầu khí,Stock,Bất động sản và Xây dựng,UPCOM
QBS,Công ty Cổ phần Xuất nhập khẩu Quảng Bình,Stock,Nông nghiệp,UPCOM
QCC,CTCP Đầu tư Xây dựng và Phát triển Hạ tầng Viễn thông,Stock,Bất động sản và Xây dựng,UPCOM
QCG,Công ty Cổ phần Quốc Cường Gia Lai,Stock,Bất động sản và Xây dựng,HOSE
QHD,Công ty Cổ phần Que hàn điện Việt Đức,Stock,Nguyên vật liệu,HNX
QHW,CTCP Nước khoáng Quảng Ninh,Stock,Dịch vụ,UPCOM
QNC,Công ty Cổ phần Xi măng và Xây dựng Quảng Ninh,Stock,Bất động sản và Xây dựng,UPCOM
QNP,Công ty Cổ phần Cảng Quy Nhơn,Stock,,HOSE
QNS,Công ty Cổ phần Đường Quảng Ngãi,Stock,Nông nghiệp,UPCOM
QNT,Công ty cổ phần Tư vấn và Đầu tư Phát triển Quảng Nam,Stock,,UPCOM
QNU,Công ty Cổ phần Môi trường Đô thị Quảng Nam,Stock,Dịch vụ,UPCOM
QNW,CTCP Cấp thoát nước và Xây dựng Quảng Ngãi,Stock,Công nghiệp,UPCOM
QPH,Công ty Cổ phần Thủy điện Quế Phong,Stock,Năng lượng,UPCOM
QSP,Công ty cổ phần Tân Cảng Quy Nhơn,Stock,Công nghiệp,UPCOM
QST,Công ty Cổ phần Sách và Thiết bị trường học Quảng Ninh,Stock,Dịch vụ,HNX
QTC,Công ty Cổ phần Công trình Giao thông Vận tải Quảng Nam,Stock,Bất động sản và Xây dựng,HNX
QTP,Công ty Cổ phần Nhiệt điện Quảng Ninh,Stock,Năng lượng,UPCOM
RAL,Công ty Cổ phần Bóng đèn Phích nước Rạng Đông,Stock,Hàng tiêu dùng,HOSE
RAT,CTCP Vận tải và Thương mại Đường sắt,Stock,Công nghiệp,UPCOM
RBC,CTCP Công nghiệp và Xuất nhập khẩu Cao Su,Stock,Nông nghiệp,UPCOM
RCC,Công ty Cổ phần Tổng công ty Công trình đường sắt,Stock,Công nghiệp,UPCOM
RCD,Công ty cổ phần Xây dựng - Địa ốc Cao su,Stock,Bất động sản và Xây dựng,UPCOM
RCL,Công ty Cổ phần Địa ốc Chợ Lớn,Stock,Bất động sản và Xây dựng,HNX
RDP,Công ty Cổ phần Rạng Đông Holding,Stock,Nguyên vật liệu,UPCOM
REE,Công ty Cổ phần Cơ điện lạnh,Stock,Bất động sản và Xây dựng,HOSE
RGG,Công ty Cổ Phần Regal Group,Stock,,UPCOM
RIC,Công ty Cổ phần Quốc tế Hoàng Gia,Stock,Dịch vụ,UPCOM
ROS,CTCP Xây dựng FLC FAROS,Stock,Bất động sản và Xây dựng,OTC
RTB,Công ty cổ phần Cao su Tân Biên,Stock,Nông nghiệp,UPCOM
RTD,CTCP Phát triển công nghệ nông thôn,Stock,Nông nghiệp,OTC
RYG,Công ty cổ phần Sản xuất và Đầu tư Hoàng Gia,Stock,,HOSE
S12,Công ty Cổ phần Sông Đà 12,Stock,Bất động sản và Xây dựng,UPCOM
S27,Công ty cổ phần Sông Đà 27,Stock,Bất động sản và Xây dựng,UPCOM
S4A,Công ty Cổ phần Thủy điện Sê San 4A,Stock,Năng lượng,HOSE
S55,Công ty Cổ phần Sông Đà 505,Stock,Bất động sản và Xây dựng,HNX
S72,Công ty Cổ phần Sông Đà 7.02,Stock,Bất động sản và Xây dựng,UPCOM
S74,Công ty Cổ phần Sông Đà 7.04,Stock,Bất động sản và Xây dựng,UPCOM
S99,Công ty Cổ phần SCI,Stock,Bất động sản và Xây dựng,HNX
SAB,Tổng CTCP Bia - Rượu - Nước giải khát Sài Gòn,Stock,Hàng tiêu dùng,HOSE
SAC,Công ty Cổ phần Xếp dỡ và Dịch vụ Cảng Sài Gòn,Stock,Công nghiệp,UPCOM
SAF,Công ty Cổ phần Lương thực Thực phẩm Safoco,Stock,Hàng tiêu dùng,HNX
SAL,Công ty Cổ phần Trục vớt cứu hộ Việt Nam,Stock,Công nghiệp,UPCOM
SAM,Công ty Cổ phần SAM Holdings,Stock,Bất động sản và Xây dựng,HOSE
SAP,Công ty Cổ phần In Sách giáo khoa tại Tp.Hồ Chí Minh,Stock,Dịch vụ,UPCOM
SAS,CTCP Dịch vụ Hàng không Sân bay Tân Sơn Nhất,Stock,Công nghiệp,UPCOM
SAV,Công ty Cổ phần Hợp tác kinh tế và Xuất nhập khẩu SAVIMEX,Stock,Hàng tiêu dùng,HOSE
SB1,Công ty cổ phần Bia Sài Gòn - Nghệ Tĩnh,Stock,Hàng tiêu dùng,UPCOM
SBA,Công ty Cổ phần Sông Ba,Stock,Năng lượng,HOSE
SBB,Công ty cổ phần Tập đoàn Bia Sài Gòn Bình Tây,Stock,,UPCOM
SBD,Công ty Cổ phần Công nghệ Sao Bắc Đẩu,Stock,Công nghệ,UPCOM
SBF,Công ty Cổ phần Quản lý quỹ Sabeco,Stock,,OTC
SBG,Công ty Cổ phần Tập đoàn Cơ khí Công nghệ cao SIBA,Stock,,HOSE
SBH,Công ty cổ phần Thủy điện Sông Ba Hạ,Stock,Năng lượng,UPCOM
SBL,Công ty Cổ phần Bia Sài Gòn - Bạc Liêu,Stock,Hàng tiêu dùng,UPCOM
SBM,Công ty Cổ phần Đầu tư Phát triển Bắc Minh,Stock,Năng lượng,UPCOM
SBR,Công ty cổ phần Cao su Sông Bé,Stock,Nông nghiệp,UPCOM
SBS,Công ty Cổ phần Chứng khoán SBS,Stock,Tài chính,UPCOM
SBT,Công ty cổ phần Thành Thành Công - Biên Hòa,Stock,Nông nghiệp,HOSE
SBV,CTCP Siam Brothers Việt Nam,Stock,Nguyên vật liệu,HOSE
SC5,Công ty Cổ phần Xây dựng số 5,Stock,Bất động sản và Xây dựng,HOSE
SCB,Ngân hàng Thương mại Cổ phần Sài Gòn,Stock,Tài chính,OTC
SCC,Công ty Cổ phần Đầu tư Thương mại Hưng Long tỉnh Hòa Bình,Stock,Bất động sản và Xây dựng,UPCOM
SCD,Công ty Cổ phần Nước giải khát Chương Dương,Stock,Hàng tiêu dùng,UPCOM
SCG,Công ty cổ phần Tập đoàn Xây dựng SCG,Stock,Bất động sản và Xây dựng,HNX
SCI,Công ty Cổ phần SCI E&C,Stock,Bất động sản và Xây dựng,HNX
SCJ,Công ty Cổ phần Xi măng Sài Sơn,Stock,Bất động sản và Xây dựng,UPCOM
SCL,Công ty Cổ phần Sông Đà Cao Cường,Stock,Bất động sản và Xây dựng,UPCOM
SCO,Công ty Cổ phần Công nghiệp Thủy sản,Stock,Nông nghiệp,UPCOM
SCR,Công ty Cổ phần Địa ốc Sài Gòn Thương Tín,Stock,Bất động sản và Xây dựng,HOSE
SCS,Công ty cổ phần Dịch vụ Hàng hóa Sài Gòn,Stock,Dịch vụ,HOSE
SCY,Công ty Cổ phần Đóng tàu Sông Cấm,Stock,Công nghiệp,UPCOM
SD1,Công ty Cổ phần Sông Đà 1,Stock,Bất động sản và Xây dựng,UPCOM
SD2,Công ty Cổ phần Sông Đà 2,Stock,Bất động sản và Xây dựng,UPCOM
SD3,Công ty Cổ phần Sông Đà 3,Stock,Bất động sản và Xây dựng,UPCOM
SD4,Công ty Cổ phần Sông Đà 4,Stock,Bất động sản và Xây dựng,UPCOM
SD5,Công ty Cổ phần Sông Đà 5,Stock,Bất động sản và Xây dựng,HNX
SD6,Công ty Cổ phần Sông Đà 6,Stock,Bất động sản và Xây dựng,UPCOM
SD7,Công ty Cổ phần Sông Đà 7,Stock,Bất động sản và Xây dựng,UPCOM
SD8,CTCP Sông Đà 8,Stock,Bất động sản và Xây dựng,UPCOM
SD9,Công ty Cổ phần Sông Đà 9,Stock,Bất động sản và Xây dựng,HNX
SDA,Công ty Cổ phần Simco Sông Đà,Stock,Dịch vụ,HNX
SDC,Công ty Cổ phần Tư vấn Sông Đà,Stock,Bất động sản và Xây dựng,HNX
SDD,Công ty Cổ phần Đầu tư và Xây lắp Sông Đà,Stock,Bất động sản và Xây dựng,UPCOM
SDG,Công ty Cổ phần Sadico Cần Thơ,Stock,Bất động sản và Xây dựng,HNX
SDJ,Công ty Cổ phần Sông Đà 25,Stock,Bất động sản và Xây dựng,UPCOM
SDK,Công ty Cổ phần Cơ khí Luyện kim,Stock,Công nghệ,UPCOM
SDN,Công ty Cổ phần Sơn Đồng Nai,Stock,Nguyên vật liệu,HNX
SDP,Công ty cổ phần SDP,Stock,Bất động sản và Xây dựng,UPCOM
SDT,Công ty Cổ phần Sông Đà 10,Stock,Bất động sản và Xây dựng,UPCOM
SDU,Công ty Cổ phần Đầu tư Xây dựng và Phát triển Đô thị Sông Đà,Stock,Bất động sản và Xây dựng,HNX
SDV,Công ty Cổ phần Dịch vụ Sonadezi,Stock,Dịch vụ,UPCOM
SDY,Công ty Cổ phần Xi măng Sông Đà Yaly,Stock,Bất động sản và Xây dựng,UPCOM
SEA,Tổng công ty Thủy sản Việt Nam – CTCP,Stock,Nông nghiệp,UPCOM
SEB,Công ty Cổ phần Đầu tư và Phát triển Điện miền Trung,Stock,Năng lượng,HNX
SED,Công ty Cổ phần Đầu tư và Phát triển giáo dục Phương Nam,Stock,Dịch vụ,HNX
SEP,Công ty Cổ phần Tổng Công ty Thương mại Quảng Trị,Stock,Dịch vụ,UPCOM
SEV,Công ty TNHH Samsung Electronics Việt Nam,Stock,Công nghệ,OTC
SFC,Công ty Cổ phần Nhiên liệu Sài Gòn,Stock,Năng lượng,HOSE
SFG,Công ty Cổ phần Phân bón Miền Nam,Stock,Nông nghiệp,HOSE
SFI,Công ty Cổ phần Đại lý Vận tải SAFI,Stock,Công nghiệp,HOSE
SFN,Công ty Cổ phần Dệt lưới Sài Gòn,Stock,Nông nghiệp,HNX
SGB,Ngân hàng TMCP Sài Gòn Công thương,Stock,Tài chính,UPCOM
SGC,Công ty Cổ phần Xuất nhập khẩu Sa Giang,Stock,Hàng tiêu dùng,HNX
SGD,Công ty cổ phần Sách Giáo dục tại T.P Hồ Chí Minh,Stock,Dịch vụ,HNX
SGH,Công ty Cổ phần Khách sạn Sài Gòn,Stock,Dịch vụ,HNX
SGI,Công ty cổ phần Đầu tư SGI Holdings,Stock,Hàng tiêu dùng,UPCOM
SGN,Công ty cổ phần Phục vụ Mặt đất Sài Gòn,Stock,Công nghiệp,HOSE
SGP,Công ty Cổ phần Cảng Sài Gòn,Stock,Công nghiệp,UPCOM
SGR,Tổng Công ty cổ phần Địa ốc Sài Gòn,Stock,Bất động sản và Xây dựng,HOSE
SGS,Công ty Cổ phần Vận tải biển Sài Gòn,Stock,Công nghiệp,UPCOM
SGT,Công ty Cổ phần Công nghệ Viễn thông Sài Gòn,Stock,Công nghệ,HOSE
SHA,Công ty Cổ phần Sơn Hà Sài Gòn,Stock,Nguyên vật liệu,HOSE
SHB,Ngân hàng Thương mại cổ phần Sài Gòn - Hà Nội,Stock,Tài chính,HOSE
SHC,Công ty Cổ phần Hàng Hải Sài Gòn,Stock,Công nghiệp,UPCOM
SHE,Công ty Cổ phần Phát triển năng lượng Sơn Hà,Stock,Năng lượng,HNX
SHF,Công ty cổ phần Quản lý quỹ Đầu tư Sài Gòn - Hà Nội,Stock,Tài chính,OTC
SHG,Tổng Công ty Cổ phần Sông Hồng,Stock,Bất động sản và Xây dựng,UPCOM
SHI,Công ty cổ phần Quốc tế Sơn Hà,Stock,Hàng tiêu dùng,HOSE
SHN,Công ty Cổ phần Đầu tư Tổng hợp Hà Nội,Stock,Tài chính,HNX
SHP,Công ty cổ phần Thủy điện Miền Nam,Stock,Năng lượng,HOSE
SHS,Công ty Cổ phần Chứng Khoán Sài Gòn Hà Nội,Stock,Tài chính,HNX
SHX,Công ty cổ phần Sài Gòn Hỏa xa,Stock,Hàng tiêu dùng,UPCOM
SIC,Công ty cổ phần ANI,Stock,Bất động sản và Xây dựng,HNX
SID,Công ty Cổ phần Đầu tư Phát triển Sài Gòn Co.op,Stock,Dịch vụ,UPCOM
SIG,CTCP Đầu tư và Thương mại Sông Đà,Stock,Bất động sản và Xây dựng,UPCOM
SII,Công ty cổ phần Hạ tầng nước Sài Gòn,Stock,Bất động sản và Xây dựng,UPCOM
SIP,Công ty cổ phần Đầu tư Sài Gòn VRG,Stock,Bất động sản và Xây dựng,HOSE
SIV,Công ty Cổ phần SIVICO,Stock,Nguyên vật liệu,UPCOM
SJ1,Công ty cổ phần Nông nghiệp Hùng Hậu,Stock,Nông nghiệp,HNX
SJC,Công ty Cổ phần Sông Đà 1.01,Stock,Bất động sản và Xây dựng,UPCOM
SJD,Công ty Cổ phần Thủy điện Cần Đơn,Stock,Năng lượng,HOSE
SJE,Công ty Cổ phần Sông Đà 11,Stock,Bất động sản và Xây dựng,HNX
SJF,CTCP Đầu tư Sao Thái Dương,Stock,Nông nghiệp,UPCOM
SJG,Tổng Công ty Sông Đà - Công ty cổ phần,Stock,Bất động sản và Xây dựng,UPCOM
SJM,Công ty Cổ phần Sông Đà 19,Stock,Bất động sản và Xây dựng,UPCOM
SJS,Công ty Cổ phần SJ Group,Stock,Bất động sản và Xây dựng,HOSE
SKG,Công ty Cổ phần Tàu cao tốc Superdong – Kiên Giang,Stock,Công nghiệp,HOSE
SKH,Công ty cổ phần Nước giải khát Sanest Khánh Hòa,Stock,Hàng tiêu dùng,UPCOM
SKN,CTCP Nước giải khát Sanna Khánh Hòa,Stock,Hàng tiêu dùng,UPCOM
SKV,Công ty Cổ phần Nước giải khát Yến sào Khánh Hòa,Stock,Hàng tiêu dùng,UPCOM
SLD,Công ty Cổ phần Địa ốc Sacom,Stock,,UPCOM
SLS,Công ty cổ phần Mía đường Sơn La,Stock,Nông nghiệp,HNX
SMA,Công ty Cổ phần Thiết bị Phụ tùng Sài Gòn,Stock,Dịch vụ,HOSE
SMB,Công ty Cổ phần Bia Sài Gòn - Miền Trung,Stock,Hàng tiêu dùng,HOSE
SMC,Công ty Cổ phần Ðầu tư Thương mại SMC,Stock,Bất động sản và Xây dựng,HOSE
SMN,Công ty Cổ phần Sách và Thiết bị Giáo dục Miền Nam,Stock,Dịch vụ,HNX
SMT,Công ty cổ phần SAMETEL,Stock,Công nghệ,HNX
SNC,Công ty Cổ phần Xuất nhập khẩu Thuỷ sản Năm Căn,Stock,Hàng tiêu dùng,UPCOM
SNP,Công ty TNHH MTV - Tổng Công ty Tân Cảng Sài Gòn,Stock,Công nghiệp,OTC
SNZ,Tổng Công ty Cổ phần phát triển khu Công nghiệp,Stock,Bất động sản và Xây dựng,UPCOM
SP2,Công ty cổ phần Thủy điện Sử Pán 2,Stock,Năng lượng,UPCOM
SPB,Công ty cổ phần Sợi Phú Bài,Stock,Hàng tiêu dùng,UPCOM
SPC,Công ty Cổ phần Bảo vệ Thực vật Sài Gòn,Stock,Nguyên vật liệu,HNX
SPD,Công ty Cổ phần Xuất nhập khẩu Thủy sản Miền Trung,Stock,Hàng tiêu dùng,UPCOM
SPH,Công ty cổ phần Xuất nhập khẩu Thủy sản Hà Nội,Stock,Nông nghiệp,UPCOM
SPI,Công ty cổ phần Spiral Galaxy,Stock,Công nghiệp,UPCOM
SPM,Công ty Cổ phần S.P.M,Stock,Y tế,HOSE
SPT,Công ty cổ phần Dịch vụ Bưu chính Viễn thông Sài Gòn,Stock,,OTC
SPV,Công ty cổ phần Thủy Đặc Sản,Stock,Nông nghiệp,UPCOM
SRA,Công ty Cổ phần Sara Việt Nam,Stock,Công nghệ,HNX
SRB,Công ty Cổ phần Tập đoàn Sara,Stock,Công nghệ,UPCOM
SRC,Công ty Cổ phần Cao Su Sao Vàng,Stock,Công nghiệp,HOSE
SRF,Công ty Cổ phần SEAREFICO,Stock,Công nghiệp,HOSE
SRT,Công ty Cổ phần Vận tải Đường sắt Sài Gòn,Stock,Công nghiệp,UPCOM
SSB,Ngân hàng Thương mại cổ phần Đông Nam Á,Stock,Tài chính,HOSE
SSC,Công ty Cổ phần Giống cây trồng Miền Nam,Stock,Nông nghiệp,HOSE
SSF,Công ty Cổ phần Giầy Sài Gòn,Stock,Hàng tiêu dùng,UPCOM
SSG,Công ty Cổ phần Vận tải biển Hải Âu,Stock,Công nghiệp,UPCOM
SSH,Công ty cổ phần Phát triển Sunshine Homes,Stock,Bất động sản và Xây dựng,UPCOM
SSI,Công ty cổ phần Chứng khoán SSI,Stock,Tài chính,HOSE
SSM,Công ty Cổ phần Chế tạo Kết cấu Thép VNECO.SSM,Stock,Công nghiệp,HNX
SSN,Công ty Cổ phần Xuất nhập khẩu Thủy sản Sài Gòn,Stock,Hàng tiêu dùng,UPCOM
ST8,Công ty Cổ phần Tập đoàn ST8,Stock,Dịch vụ,HOSE
STB,Ngân hàng Thương mại Cổ phần Sài Gòn Thương Tín,Stock,Tài chính,HOSE
STC,Công ty Cổ phần Sách và Thiết bị trường học Tp. Hồ Chí Minh,Stock,Dịch vụ,HNX
STD,CTCP Bia - Nước giải khát Sài Gòn - Tây Đô,Stock,Hàng tiêu dùng,UPCOM
STG,Công ty Cổ phần Kho vận Miền Nam,Stock,Công nghiệp,HOSE
STH,CTCP Phát hành sách Thái Nguyên,Stock,Dịch vụ,UPCOM
STJ,Công ty Cổ phần Vận tải Sonadezi,Stock,,OTC
STK,Công ty cổ phần Sợi Thế Kỷ,Stock,Hàng tiêu dùng,HOSE
STL,CTCP Sông Đà - Thăng Long,Stock,Bất động sản và Xây dựng,UPCOM
STP,Công ty Cổ phần Công nghiệp Thương mại Sông Đà,Stock,Nguyên vật liệu,HNX
STS,Công ty Cổ phần Dịch vụ Vận tải Sài Gòn,Stock,Công nghiệp,UPCOM
STT,Công ty cổ phần Vận chuyển Sài Gòn Tourist,Stock,Công nghiệp,UPCOM
STW,Công ty cổ phần Cấp nước Sóc Trăng,Stock,Dịch vụ,UPCOM
SVC,Công ty Cổ phần Dịch vụ tổng hợp Sài Gòn,Stock,Dịch vụ,HOSE
SVD,Công ty Cổ phần Đầu tư và Thương mại Vũ Đăng,Stock,Hàng tiêu dùng,HOSE
SVG,Công ty cổ phần Hơi Kỹ nghệ Que hàn,Stock,Nguyên vật liệu,UPCOM
SVH,Công ty Cổ phần Thủy điện Sông Vàng,Stock,Năng lượng,UPCOM
SVI,Công ty Cổ phần Bao bì Biên Hòa,Stock,Nguyên vật liệu,HOSE
SVJ,CTCP Santomas Việt Nam,Stock,,OTC
SVN,Công ty cổ phần Tập đoàn Vexilla Việt Nam,Stock,Bất động sản và Xây dựng,HNX
SVT,Công ty Cổ phần Công nghệ Sài Gòn Viễn Đông,Stock,Dịch vụ,HOSE
SWC,Tổng Công ty Cổ phần Đường Sông Miền Nam,Stock,Công nghiệp,UPCOM
SZB,Công ty cổ phần Sonadezi Long Bình,Stock,Công nghiệp,HNX
SZC,Công ty cổ phần Sonadezi Châu Đức,Stock,Bất động sản và Xây dựng,HOSE
SZE,Công ty Cổ phần Môi trường Sonadezi,Stock,Dịch vụ,UPCOM
SZG,Công ty cổ phần Sonadezi Giang Điền,Stock,Bất động sản và Xây dựng,UPCOM
SZL,Công ty cổ phần Sonadezi Long Thành,Stock,Bất động sản và Xây dựng,HOSE
TA3,Công ty Cổ phần Đầu tư và Xây lắp Thành An 386,Stock,Bất động sản và Xây dựng,UPCOM
TA6,Công ty Cổ phần Đầu tư và Xây lắp Thành An 665,Stock,Bất động sản và Xây dựng,UPCOM
TA9,Công ty Cổ phần Xây lắp Thành An 96,Stock,Bất động sản và Xây dựng,HNX
TAB,Công ty cổ phần Freco Việt Nam,Stock,,UPCOM
TAL,Công ty cổ phần Đầu tư Bất động sản Taseco,Stock,,HOSE
TAN,Công ty cổ phần Cà phê Thuận An,Stock,Nông nghiệp,UPCOM
TAR,Công ty Cổ phần Nông nghiệp Công nghệ cao Trung An,Stock,Nông nghiệp,UPCOM
TAW,Công ty cổ phần Cấp nước Trung An,Stock,Dịch vụ,UPCOM
TB8,CTCP Sản xuất và Kinh doanh Vật tư Thiết bị - VVMI,Stock,Nguyên vật liệu,UPCOM
TBC,Công ty cổ phần Thủy điện Thác Bà,Stock,Năng lượng,HOSE
TBD,Tổng Công ty Thiết bị Điện Đông Anh - Công ty Cổ phần,Stock,Năng lượng,UPCOM
TBR,Công ty Cổ phần Địa ốc Tân Bình,Stock,Bất động sản và Xây dựng,UPCOM
TBW,Công ty cổ phần Nước sạch Thái Binh,Stock,,UPCOM
TBX,Công ty Cổ phần Xi măng Thái Bình,Stock,Bất động sản và Xây dựng,HNX
TC6,Công ty cổ phần Than Cọc Sáu - Vinacomin,Stock,Năng lượng,HNX
TCB,Ngân hàng TMCP Kỹ Thương Việt Nam (Techcombank),Stock,Tài chính,HOSE
TCD,Công ty Cổ phần Tập đoàn Xây dựng Tracodi,Stock,Bất động sản và Xây dựng,HOSE
TCH,Công ty cổ phần Đầu tư Dịch vụ Tài chính Hoàng Huy,Stock,Bất động sản và Xây dựng,HOSE
TCI,Công ty cổ phần Chứng khoán Thành Công,Stock,Tài chính,HOSE
TCJ,Công ty cổ phần Tô Châu,Stock,Nông nghiệp,UPCOM
TCK,Tổng công ty cơ khí xây dựng - CTCP,Stock,Công nghiệp,UPCOM
TCL,Công ty Cổ phần Đại lý Giao nhận Vận tải Xếp dỡ Tân Cảng,Stock,Công nghiệp,HOSE
TCM,Công ty Cổ phần Dệt may - Đầu tư - Thương mại Thành Công,Stock,Hàng tiêu dùng,HOSE
TCO,Công ty Cổ phần TCO Holdings,Stock,Công nghiệp,HOSE
TCR,Công ty Cổ phần Công nghiệp Gốm sứ Taicera,Stock,Bất động sản và Xây dựng,HOSE
TCT,Công ty Cổ phần Cáp treo Núi Bà Tây Ninh,Stock,Dịch vụ,HOSE
TCW,Công ty cổ phần Kho vận Tân Cảng,Stock,Công nghiệp,UPCOM
TCX,Công ty Cổ phần Chứng khoán Kỹ Thương,Stock,,HOSE
TD6,Công ty cổ phần Than Đèo Nai - Cọc Sáu - TKV,Stock,,HNX
TDB,Công ty Cổ phần Thủy điện Định Bình,Stock,Năng lượng,UPCOM
TDC,Công ty Cổ phần Kinh doanh và Phát triển Bình Dương,Stock,Bất động sản và Xây dựng,HOSE
TDF,Công ty Cổ phần Trung Đô,Stock,Bất động sản và Xây dựng,UPCOM
TDG,Công ty Cổ phần Đầu tư TDG Global,Stock,Năng lượng,HOSE
TDH,Công ty Cổ phần Phát triển Nhà Thủ Đức,Stock,Bất động sản và Xây dựng,HOSE
TDI,CTCP Tập đoàn TDI ,Stock,Bất động sản và Xây dựng,UPCOM
TDL,CTCP Da Tây Đô ,Stock,,OTC
TDM,Công ty cổ phần Nước Thủ Dầu Một,Stock,Dịch vụ,HOSE
TDN,Công ty Cổ phần Than Đèo Nai - Vinacomin,Stock,Năng lượng,HNX
TDP,Công ty cổ phần Thuận Đức,Stock,Nguyên vật liệu,HOSE
TDS,Công ty cổ phần Thép Thủ Đức - Vnsteel,Stock,Nguyên vật liệu,UPCOM
TDT,Công ty cổ phần Đầu tư và Phát triển TDT,Stock,Hàng tiêu dùng,HNX
TDW,Công ty Cổ phần Cấp nước Thủ Đức,Stock,Dịch vụ,HOSE
TED,Tổng công ty Tư vấn thiết kế Giao thông vận tải - CTCP,Stock,Bất động sản và Xây dựng,UPCOM
TEG,Công ty Cổ phần Trường Thành Energy Group,Stock,Năng lượng,HOSE
TEL,Công ty Cổ phần Phát triển Công trình Viễn thông,Stock,Viễn thông,UPCOM
TET,Công ty Cổ phần Vải sợi May mặc Miền Bắc,Stock,Nguyên vật liệu,HNX
TFC,Công ty Cổ phần Trang,Stock,Hàng tiêu dùng,HNX
TGG,CTCP The Golden Group,Stock,Tài chính,UPCOM
TGP,Công ty Cổ phần Trường Phú,Stock,Công nghệ,UPCOM
TH1,Công ty Cổ phần Xuất nhập khẩu Tổng hợp I Việt Nam,Stock,Dịch vụ,UPCOM
THA,CÔNG TY CỔ PHẦN TẬP ĐOÀN TRƯỜNG HẢI,Stock,Công nghiệp,OTC
THB,Công ty cổ phần Bia Hà Nội - Thanh Hóa,Stock,Hàng tiêu dùng,HNX
THD,Công ty Cổ phần Thaiholdings,Stock,Bất động sản và Xây dựng,HNX
THG,Công ty Cổ phần Đầu tư và Xây dựng Tiền Giang,Stock,Bất động sản và Xây dựng,HOSE
THM,Công ty cổ phần Tứ Hải Hà Nam,Stock,,UPCOM
THN,Công ty Cổ phần Cấp nước Thanh Hóa,Stock,Dịch vụ,UPCOM
THP,CTCP Thủy sản và Thương mại Thuận Phước,Stock,Nông nghiệp,UPCOM
THS,Công ty cổ phần Thanh Hoa - Sông Đà,Stock,Bất động sản và Xây dựng,HNX
THT,Công ty cổ phần Than Hà Tu - Vinacomin,Stock,Năng lượng,HNX
THU,Công ty Cổ phần Môi trường và Công trình Đô thị Thanh Hóa,Stock,Dịch vụ,UPCOM
THW,Công ty cổ phần Cấp nước Tân Hòa,Stock,Dịch vụ,UPCOM
TID,Công ty cổ phần Tổng công ty Tín Nghĩa,Stock,Nông nghiệp,UPCOM
TIE,Công ty cổ phần TIE,Stock,Dịch vụ,UPCOM
TIG,Công ty Cổ phần Tập đoàn Đầu tư Thăng Long,Stock,Tài chính,HNX
TIN,Công ty Tài chính Cổ phần Tín Việt,Stock,Tài chính,UPCOM
TIP,Công ty cổ phần Phát triển Khu Công nghiệp Tín Nghĩa,Stock,Bất động sản và Xây dựng,HOSE
TIS,Công ty cổ phần Gang thép Thái Nguyên,Stock,Nguyên vật liệu,UPCOM
TIX,CTCP Sản xuất Kinh doanh Xuất nhập khẩu Dịch vụ và Đầu tư Tân Bình,Stock,Bất động sản và Xây dựng,HOSE
TJC,Công ty cổ phần Dịch vụ Vận tải và Thương mại,Stock,Công nghiệp,HNX
TKA,Công ty cổ phần Bao bì Tân Khánh An,Stock,Nguyên vật liệu,UPCOM
TKC,Công  ty Cổ phần Xây dựng và Kinh doanh Địa ốc Tân Kỷ,Stock,Bất động sản và Xây dựng,UPCOM
TKG,CTCP Sản xuất và Thương mại Tùng Khánh,Stock,Hàng tiêu dùng,UPCOM
TKR,Công ty Cổ phần Cao su Tân Biên - Kampong Thom,Stock,,OTC
TKU,Công ty Cổ phần Công nghiệp Tung Kuang,Stock,Bất động sản và Xây dựng,HNX
TL4,Tổng công ty Xây dựng Thủy lợi 4 - CTCP,Stock,Bất động sản và Xây dựng,UPCOM
TLD,Công ty Cổ phần Đầu tư Xây dựng và Phát triển Đô thị Thăng Long,Stock,Bất động sản và Xây dựng,HOSE
TLG,Công ty Cổ phần Tập đoàn Thiên Long,Stock,Hàng tiêu dùng,HOSE
TLH,Công ty Cổ phần Tập đoàn Thép Tiến Lên,Stock,Nguyên vật liệu,HOSE
TLP,Tổng Công ty Thương mại Xuất nhập khẩu Thanh Lễ - CTCP,Stock,Năng lượng,UPCOM
TLT,Công ty Cổ phần Viglacera Thăng Long,Stock,Bất động sản và Xây dựng,UPCOM
TMB,Công ty Cổ phần Kinh doanh than Miền Bắc - Vinacomin,Stock,Năng lượng,HNX
TMC,Công ty Cổ phần Thương mại - Xuất nhập khẩu Thủ Đức,Stock,Dịch vụ,HNX
TMG,Công ty Cổ phần Kim loại màu Thái Nguyên - Vimico,Stock,Nguyên vật liệu,UPCOM
TMP,Công ty cổ phần Thủy điện Thác Mơ,Stock,Năng lượng,HOSE
TMS,Công ty Cổ phần Transimex,Stock,Công nghiệp,HOSE
TMT,Công ty Cổ phần Ô tô TMT,Stock,Công nghiệp,HOSE
TMW,Công ty Cổ phần Tổng hợp Gỗ Tân Mai,Stock,Hàng tiêu dùng,UPCOM
TMX,Công ty cổ phần VICEM Thương mại Xi măng,Stock,Dịch vụ,HNX
TN1,Công ty Cổ phần Rox Key Holdings,Stock,Bất động sản và Xây dựng,HOSE
TNA,Công ty Cổ phần Thương mại Xuất nhập khẩu Thiên Nam,Stock,Dịch vụ,UPCOM
TNB,Công ty Cổ phần Thép Nhà Bè - VNSTEEL,Stock,Nguyên vật liệu,UPCOM
TNC,Công ty Cổ phần Cao su Thống Nhất,Stock,Nông nghiệp,HOSE
TNG,Công ty Cổ phần Đầu tư và Thương mại TNG,Stock,Hàng tiêu dùng,HNX
TNH,Công ty Cổ phần Bệnh viện Quốc tế Thái Nguyên,Stock,Y tế,HOSE
TNI,Công ty cổ phần Tập đoàn Thành Nam,Stock,Bất động sản và Xây dựng,HOSE
TNM,CTCP Xuất nhập khẩu và Xây dựng Công trình,Stock,Bất động sản và Xây dựng,UPCOM
TNP,Công ty cổ phần Cảng Thị Nại,Stock,Công nghiệp,UPCOM
TNS,Công ty Cổ phần Thép Tấm lá Thống Nhất,Stock,Công nghiệp,UPCOM
TNT,Công ty Cổ phần Tập đoàn TNT,Stock,Nguyên vật liệu,HOSE
TNV,Công ty cổ phần Thống Nhất Hà Nội,Stock,,UPCOM
TNW,Công ty Cổ phần Nước sạch Thái Nguyên,Stock,Dịch vụ,UPCOM
TOP,Công ty cổ phần Phân phối Top One,Stock,Dịch vụ,UPCOM
TOS,Công ty cổ phần Dịch vụ biển Tân Cảng,Stock,Công nghiệp,UPCOM
TOT,Công ty Cổ phần Transimex Logistics,Stock,Công nghiệp,HNX
TOW,Công ty cổ phần Cấp nước Trà Nóc - Ô Môn,Stock,Dịch vụ,UPCOM
TPB,Ngân hàng Thương mại cổ phần Tiên Phong,Stock,Tài chính,HOSE
TPC,Công ty Cổ phần Nhựa Tân Đại Hưng,Stock,Nguyên vật liệu,HOSE
TPH,Công ty Cổ phần In Sách giáo khoa tại T.P Hà Nội,Stock,Dịch vụ,HNX
TPP,Công ty Cổ phần Tân Phú Việt Nam,Stock,Nguyên vật liệu,HNX
TPS,Công ty cổ phần Bến bãi Vận tải Sài Gòn,Stock,Công nghiệp,UPCOM
TQN,Công ty Cổ phần Thông Quảng Ninh,Stock,Doanh nghiệp Upcom,UPCOM
TQW,CTCP Cấp thoát nước Tuyên Quang,Stock,Dịch vụ,UPCOM
TR1,CTCP Vận tải 1 Traco,Stock,Công nghiệp,UPCOM
TRA,Công ty Cổ phần TRAPHACO,Stock,Y tế,HOSE
TRC,Công ty Cổ phần Cao su Tây Ninh,Stock,Nông nghiệp,HOSE
TRS,Công ty cổ phần Vận tải và Dịch vụ Hàng hải,Stock,Công nghiệp,UPCOM
TRT,Công ty Cổ phần RedstarCera,Stock,Bất động sản và Xây dựng,UPCOM
TRV,Công ty cổ phần Vận tải Đường sắt,Stock,,UPCOM
TS3,Công ty cổ phần Trường Sơn 532,Stock,Bất động sản và Xây dựng,UPCOM
TS4,CTCP Thủy sản số 4,Stock,Hàng tiêu dùng,UPCOM
TSA,Công ty Cổ phần Đầu tư và Xây lắp Trường Sơn,Stock,,HOSE
TSB,Công ty Cổ phần Ắc quy Tia sáng ,Stock,Công nghiệp,HNX
TSC,Công ty Cổ phần Vật tư kỹ thuật Nông nghiệp Cần Thơ,Stock,Nông nghiệp,HOSE
TSD,Công ty Cổ phần Du lịch Trường Sơn COECCO,Stock,Dịch vụ,UPCOM
TSG,Công ty Cổ phần Thông tin Tín hiệu Đường sắt Sài Gòn,Stock,Công nghiệp,UPCOM
TSH,Công ty Cổ phần Tiên Sơn Thanh Hóa,Stock,Hàng tiêu dùng,OTC
TSJ,Công ty Cổ phần Du lịch Dịch vụ Hà Nội,Stock,Dịch vụ,UPCOM
TSS,Công ty Cổ phần Chứng khoán TRƯỜNG SƠN,Stock,Tài chính,OTC
TST,Công ty Cổ phần Dịch vụ Kỹ thuật Viễn thông,Stock,Công nghệ,UPCOM
TT6,Công ty cổ phần Tập đoàn Tiến Thịnh,Stock,,UPCOM
TTA,Công ty Cổ phần Đầu tư Xây dựng và Phát triển Trường Thành,Stock,Năng lượng,HOSE
TTB,Công ty Cổ phần TTBGroup,Stock,Bất động sản và Xây dựng,UPCOM
TTC,Công ty Cổ phần Gạch men Thanh Thanh ,Stock,Bất động sản và Xây dựng,HNX
TTD,Công ty Cổ phần Bệnh viện Tim Tâm Đức,Stock,Y tế,UPCOM
TTE,Công ty Cổ phần Đầu tư Năng lượng Trường Thịnh,Stock,Năng lượng,HOSE
TTF,Công ty Cổ phần Tập đoàn Kỹ nghệ Gỗ Trường Thành,Stock,Hàng tiêu dùng,HOSE
TTG,Công ty Cổ phần May Thanh Trì,Stock,Hàng tiêu dùng,UPCOM
TTH,Công ty cổ phần Thương mại và Dịch vụ Tiến Thành,Stock,Hàng tiêu dùng,HNX
TTL,Tổng Công ty Thăng Long - CTCP,Stock,Bất động sản và Xây dựng,HNX
TTN,Công ty Cổ phần Công nghệ và Truyền thông Việt Nam,Stock,Công nghệ,UPCOM
TTP,Công ty Cổ phần Bao bì Nhựa Tân Tiến,Stock,Nguyên vật liệu,UPCOM
TTS,Công ty Cổ phần Cán thép Thái Trung,Stock,Công nghiệp,UPCOM
TTT,Công ty Cổ phần Du lịch – Thương mại Tây Ninh,Stock,Dịch vụ,HNX
TTZ,Công ty cổ phần Đầu tư Xây dựng và Công nghệ Tiến Trung,Stock,Bất động sản và Xây dựng,UPCOM
TUG,Công ty Cổ phần Lai dắt và Vận tải Cảng Hải Phòng,Stock,Công nghiệp,UPCOM
TV1,Công ty cổ phần Tư vấn Xây dựng Điện 1,Stock,Bất động sản và Xây dựng,UPCOM
TV2,Công ty Cổ phần Tư vấn Xây dựng Điện 2,Stock,Bất động sản và Xây dựng,HOSE
TV3,Công ty Cổ phần Tư vấn Xây dựng Điện 3,Stock,Bất động sản và Xây dựng,HNX
TV4,Công ty Cổ phần Tư vấn Xây dựng Điện 4,Stock,Bất động sản và Xây dựng,HNX
TV6,CTCP Thương mại Đầu tư Xây lắp điện Thịnh Vượng,Stock,Bất động sản và Xây dựng,UPCOM
TVA,Công ty Cổ phần Sứ Viglacera Thanh Trì,Stock,Hàng tiêu dùng,UPCOM
TVB,Công ty cổ phần Chứng khoán T-Cap,Stock,Tài chính,HOSE
TVC,Công ty cổ phần Tập đoàn Quản lý Tài sản T-Corp,Stock,Tài chính,HNX
TVD,Công ty cổ phần Than Vàng Danh - Vinacomin,Stock,Năng lượng,HNX
TVG,Công ty cổ phần Tư vấn Đầu tư và Xây dựng Giao thông Vận tải,Stock,Bất động sản và Xây dựng,UPCOM
TVH,Công ty cổ phần Tư vấn và Xây dựng công trình Hàng Hải,Stock,Bất động sản và Xây dựng,UPCOM
TVM,CTCP Tư vấn Đầu tư Mỏ và Công nghiệp - Vinacomin,Stock,Dịch vụ,UPCOM
TVN,Tổng Công ty Thép Việt Nam - CTCP,Stock,Nguyên vật liệu,UPCOM
TVP,Công ty Cổ phần Dược phẩm TV.Pharm,Stock,Y tế,UPCOM
TVS,Công ty Cổ phần Chứng khoán Thiên Việt,Stock,Tài chính,HOSE
TVT,Tổng Công ty Việt Thắng - CTCP,Stock,Hàng tiêu dùng,HOSE
TW3,CTCP Dược Trung ương 3,Stock,Y tế,UPCOM
TXM,Công ty cổ phần VICEM Thạch cao Xi măng,Stock,Bất động sản và Xây dựng,HNX
TYA,Công ty Cổ phần Dây và Cáp điện Taya Việt Nam,Stock,Công nghiệp,HOSE
UCT,Công ty Cổ phần Đô thị Cần Thơ,Stock,Dịch vụ,UPCOM
UDC,Công ty cổ phần Xây dựng và Phát triển Đô thị tỉnh Bà Rịa-Vũng Tàu,Stock,Bất động sản và Xây dựng,UPCOM
UDJ,Công ty Cổ phần Phát triển Đô thị,Stock,Bất động sản và Xây dựng,UPCOM
UDL,CTCP Đô thị và Môi trường Đắk Lắk,Stock,Dịch vụ,UPCOM
UEM,CTCP Cơ điện Uông Bí- Vinacomin,Stock,Công nghiệp,UPCOM
UIC,Công ty Cổ phần Đầu tư Phát triển Nhà và Đô thị Idico,Stock,Bất động sản và Xây dựng,HOSE
UMC,Công ty cổ phần Công trình đô thị Nam Định,Stock,Dịch vụ,UPCOM
UNI,Công ty Cổ phần Đầu tư và phát triển Sao Mai Việt,Stock,Công nghệ,HNX
UPC,Công ty Cổ phần Phát triển Công viên cây xanh và Đô thị Vũng Tàu ,Stock,Dịch vụ,UPCOM
UPH,CTCP Dược phẩm TW25,Stock,Y tế,UPCOM
USC,Công ty Cổ phần Khảo sát và Xây dựng - USCO,Stock,Bất động sản và Xây dựng,UPCOM
USD,Công ty cổ phần Công trình Đô thị Sóc Trăng,Stock,Dịch vụ,UPCOM
UTT,Công ty cổ phần Môi trường Đô thị Thanh Trì,Stock,,UPCOM
UXC,CTCP Chế biến Thủy sản Út Xi,Stock,Nông nghiệp,UPCOM
V11,Công ty Cổ phần Xây dựng số 11,Stock,Bất động sản và Xây dựng,UPCOM
V12,Công ty Cổ phần Xây dựng số 12,Stock,Bất động sản và Xây dựng,HNX
V21,Công ty Cổ phần VINACONEX 21,Stock,Bất động sản và Xây dựng,HNX
VAB,Ngân hàng Thương mại cổ phần Việt Á,Stock,Tài chính,HOSE
VAF,Công ty cổ phần Phân lân nung chảy Văn Điển,Stock,Nông nghiệp,HOSE
VAV,Công ty Cổ phần VIWACO,Stock,Dịch vụ,UPCOM
VBB,Ngân hàng Thương mại cổ phần Việt Nam Thương Tín,Stock,Tài chính,UPCOM
VBC,Công ty Cổ phần Nhựa Bao bì Vinh,Stock,Nguyên vật liệu,HNX
VBG,Công ty Cổ phần Địa chất Việt Bắc - TKV,Stock,Bất động sản và Xây dựng,UPCOM
VBH,Công ty Cổ phần Điện tử Bình Hòa,Stock,Hàng tiêu dùng,UPCOM
VBL,Công ty TNHH Nhà máy Bia Việt Nam,Stock,Hàng tiêu dùng,OTC
VC1,Công ty Cổ phần Xây dựng số 1,Stock,Bất động sản và Xây dựng,HNX
VC2,Công ty Cổ phần Đầu tư và Xây dựng Vina2,Stock,Bất động sản và Xây dựng,HNX
VC3,Công ty Cổ phần Tập đoàn Nam Mê Kông,Stock,Bất động sản và Xây dựng,HNX
VC5,Công ty Cổ phần Xây dựng số 5,Stock,Bất động sản và Xây dựng,UPCOM
VC6,Công ty Cổ phần Xây dựng và Đầu tư Visicons,Stock,Bất động sản và Xây dựng,HNX
VC7,Công ty Cổ phần Tập đoàn BGI,Stock,Bất động sản và Xây dựng,HNX
VC9,Công ty Cổ phần Xây dựng số 9 - VC9,Stock,Bất động sản và Xây dựng,HNX
VCA,Công ty Cổ phần Thép VICASA - VNSTEEL,Stock,Nguyên vật liệu,HOSE
VCB,Ngân hàng Thương mại cổ phần Ngoại thương Việt Nam,Stock,Tài chính,HOSE
VCC,Công ty Cổ phần Vinaconex 25,Stock,Bất động sản và Xây dựng,HNX
VCE,CTCP Xây lắp Môi trường - TKV,Stock,Năng lượng,UPCOM
VCF,Công ty Cổ phần VinaCafé Biên Hòa,Stock,Hàng tiêu dùng,HOSE
VCG,Tổng Công ty Cổ phần Xuất nhập khẩu và Xây dựng Việt Nam,Stock,Bất động sản và Xây dựng,HOSE
VCI,Công ty Cổ phần Chứng khoán VIETCAP,Stock,Tài chính,HOSE
VCK,Công ty Cổ phần Chứng khoán VPS,Stock,,HOSE
VCM,Công ty cổ phần BV Life,Stock,Dịch vụ,HNX
VCP,Công ty Cổ phần Xây dựng và Năng lượng VCP,Stock,Năng lượng,UPCOM
VCR,Công ty Cổ phần Đầu tư và Phát triển Du lịch Vinaconex,Stock,Bất động sản và Xây dựng,UPCOM
VCS,Công ty cổ phần VICOSTONE,Stock,Bất động sản và Xây dựng,HNX
VCT,Công ty Cổ phần Tư vấn Xây dựng Vinaconex,Stock,Dịch vụ,UPCOM
VCX,Công ty Cổ phần Xi măng Yên Bình,Stock,Bất động sản và Xây dựng,UPCOM
VDB,Công ty cổ phần Vận tải và Chế biến Than Đông Bắc,Stock,Năng lượng,UPCOM
VDG,Công ty cổ phần Vạn Đạt Group,Stock,,UPCOM
VDL,Công ty Cổ phần Thực phẩm Lâm Đồng,Stock,Hàng tiêu dùng,HNX
VDN,Công ty Cổ phần Vinatex Đà Nẵng,Stock,Hàng tiêu dùng,UPCOM
VDP,Công ty Cổ phần Dược phẩm Trung ương VIDIPHA,Stock,Y tế,HOSE
VDS,Công ty Cổ phần Chứng khoán Rồng Việt,Stock,Tài chính,HOSE
VDT,Công ty cổ phần Lưới thép Bình Tây,Stock,Nguyên vật liệu,UPCOM
VE1,Công ty Cổ phần Xây dựng điện VNECO 1,Stock,Bất động sản và Xây dựng,HNX
VE2,Công ty cổ phần Xây dựng điện VNECO 2,Stock,Bất động sản và Xây dựng,UPCOM
VE3,Công ty cổ phần Xây dựng điện VNECO 3,Stock,Bất động sản và Xây dựng,HNX
VE4,Công ty Cổ phần Xây dựng điện VNECO4,Stock,Bất động sản và Xây dựng,HNX
VE8,Công ty cổ phần Xây dựng điện VNECO 8,Stock,Bất động sản và Xây dựng,UPCOM
VE9,Công ty Cổ phần Đầu tư và Xây dựng VNECO 9,Stock,Bất động sản và Xây dựng,UPCOM
VEA,Tổng Công ty Máy động lực và máy nông nghiệp Việt Nam - CTCP,Stock,Nông nghiệp,UPCOM
VEC,Tổng Công ty cổ phần Điện tử và Tin học Việt Nam,Stock,Công nghệ,UPCOM
VED,Công ty cổ phần Phát triển Thể thao Điện tử Việt Nam,Stock,Công nghệ,OTC
VEF,Công ty cổ phần Trung tâm Hội chợ Triển lãm Việt Nam,Stock,Dịch vụ,UPCOM
VES,Công ty Cổ phần Đầu tư và Xây dựng điện Mê Ca Vneco,Stock,Bất động sản và Xây dựng,UPCOM
VET,Công ty Cổ phần Thuốc thú y Trung ương Navetco,Stock,Nông nghiệp,UPCOM
VFC,Công ty Cổ phần VINAFCO ,Stock,Công nghiệp,UPCOM
VFG,Công ty Cổ phần Khử trùng Việt Nam,Stock,Nông nghiệp,HOSE
VFM,Công ty Cổ phần Quản lý quỹ Đầu tư Việt Nam,Stock,,OTC
VFR,Công ty Cổ phần Vận tải và Thuê tàu,Stock,Công nghiệp,UPCOM
VFS,Công ty Cổ phần Chứng khoán Nhất Việt,Stock,Tài chính,HNX
VFW,Công ty Cổ phần Quản lý quỹ Lộc Việt,Stock,,OTC
VGC,Tổng Công ty Viglacera - CTCP,Stock,Bất động sản và Xây dựng,HOSE
VGG,Tổng Công ty cổ phần May Việt Tiến,Stock,Hàng tiêu dùng,UPCOM
VGI,Tổng Công ty cổ phần Đầu tư Quốc tế Viettel,Stock,Viễn thông,UPCOM
VGL,CTCP Mạ kẽm công nghiệp Vingal - Vnsteel,Stock,Nguyên vật liệu,UPCOM
VGP,Công ty Cổ phần Cảng Rau quả,Stock,Công nghiệp,HNX
VGR,Công ty Cổ phần Cảng Xanh VIP,Stock,Công nghiệp,UPCOM
VGS,Công ty Cổ phần Ống thép Việt Đức VG PIPE,Stock,Nguyên vật liệu,HNX
VGT,Tập đoàn Dệt may Việt Nam,Stock,Hàng tiêu dùng,UPCOM
VGV,Tổng Công ty Tư vấn Xây dựng Việt Nam - CTCP,Stock,Bất động sản và Xây dựng,UPCOM
VHC,Công ty Cổ phần Vĩnh Hoàn,Stock,Nông nghiệp,HOSE
VHD,Công ty Cổ phần Đầu tư Phát triển Nhà và Đô thị VINAHUD,Stock,Bất động sản và Xây dựng,UPCOM
VHE,Công ty Cổ phần Dược liệu và Thực phẩm Việt Nam,Stock,Y tế,HNX
VHF,Công ty Cổ phần Xây dựng và Chế biến lương thực Vĩnh Hà,Stock,Hàng tiêu dùng,UPCOM
VHG,Công ty Cổ phần Đầu tư Phát triển Việt Trung Nam,Stock,Nông nghiệp,UPCOM
VHH,Công ty cổ phần Đầu tư Kinh doanh nhà Thành Đạt,Stock,Bất động sản và Xây dựng,UPCOM
VHL,Công ty Cổ phần Viglacera Hạ Long,Stock,Bất động sản và Xây dựng,HNX
VHM,Công ty cổ phần Vinhomes,Stock,Bất động sản và Xây dựng,HOSE
VHW,CTCP Nước Khoáng Vĩnh Hảo,Stock,Hàng tiêu dùng,OTC
VIB,Ngân hàng Thương mại cổ phần Quốc tế Việt Nam,Stock,Tài chính,HOSE
VIC,Tập đoàn Vingroup - Công ty Cổ phần,Stock,Bất động sản và Xây dựng,HOSE
VID,Công ty Cổ phần Đầu tư Phát triển Thương mại Viễn Đông,Stock,Nguyên vật liệu,HOSE
VIE,Công ty Cổ phần Công nghệ Viễn thông VITECO ,Stock,Công nghệ,UPCOM
VIF,Tổng Công ty Lâm nghiệp Việt Nam - CTCP,Stock,Nguyên vật liệu,HNX
VIG,Công ty Cổ phần Chứng khoán Đầu tư Tài chính Việt Nam,Stock,Tài chính,HNX
VIH,Công ty Cổ phần Viglacera Hà Nội,Stock,Bất động sản và Xây dựng,UPCOM
VIM,Công ty Cổ phần Khoáng sản Viglacera,Stock,Nguyên vật liệu,UPCOM
VIN,CTCP Giao nhận Kho vận Ngoại thương Việt Nam ,Stock,Hàng tiêu dùng,UPCOM
VIP,Công ty Cổ phần Vận tải Xăng dầu VIPCO,Stock,Năng lượng,HOSE
VIR,Công ty cổ phần Du lịch Quốc tế Vũng Tàu,Stock,Dịch vụ,UPCOM
VIT,Công ty Cổ phần Viglacera Tiên Sơn,Stock,Bất động sản và Xây dựng,HNX
VIW,Tổng Công ty Đầu tư Nước và Môi trường Việt Nam - CTCP,Stock,Dịch vụ,UPCOM
VIX,Công ty cổ phần Chứng khoán VIX,Stock,Tài chính,HOSE
VJC,Công ty cổ phần Hàng không Vietjet,Stock,Công nghiệp,HOSE
VKC,Công ty cổ phần VKC Holdings,Stock,Công nghiệp,UPCOM
VKP,Công ty Cổ phần Nhựa Tân Hóa,Stock,Nguyên vật liệu,UPCOM
VLA,Công ty Cổ phần Đầu tư và Phát triển Công nghệ Văn  Lang,Stock,Dịch vụ,HNX
VLB,CTCP Xây dựng và Sản xuất Vật liệu Xây dựng Biên Hòa,Stock,Bất động sản và Xây dựng,UPCOM
VLC,Tổng Công ty Chăn nuôi Việt Nam - CTCP,Stock,Nông nghiệp,UPCOM
VLD,Công ty Cổ phần Bất Động Sản Viettronics,Stock,,OTC
VLF,Công ty Cổ phần Lương thực Thực phẩm Vĩnh Long,Stock,Nông nghiệp,UPCOM
VLG,CTCP Vinalines Logistics - Việt Nam,Stock,Công nghiệp,UPCOM
VLP,Công ty Cổ phần Công trình công cộng Vĩnh Long,Stock,Dịch vụ,UPCOM
VLS,Công ty cổ phần Sản xuất Thép Việt Long,Stock,,UPCOM
VLW,Công ty Cổ phần Cấp nước Vĩnh Long,Stock,Dịch vụ,UPCOM
VMA,Công ty cổ phần Công nghiệp Ô tô – Vinacomin,Stock,Công nghiệp,UPCOM
VMC,Công ty Cổ phần Vimeco,Stock,Bất động sản và Xây dựng,HNX
VMD,Công ty cổ phần Y Dược phẩm Vimedimex,Stock,Y tế,HOSE
VMG,Công ty Cổ phần Thương mại và Dịch vụ Dầu khí Vũng Tàu,Stock,Năng lượng,UPCOM
VMK,Công ty cổ phần Vimarko,Stock,,UPCOM
VMS,Công ty cổ phần Phát triển Hàng hải,Stock,Công nghiệp,HNX
VMT,Công ty cổ phần Giao nhận Vận tải miền Trung,Stock,Công nghiệp,UPCOM
VNA,Công ty Cổ phần Vận tải Biển Vinaship,Stock,Công nghiệp,UPCOM
VNB,CTCP Sách Việt Nam,Stock,Hàng tiêu dùng,UPCOM
VNC,Công ty Cổ phần Tập đoàn Vinacontrol,Stock,Dịch vụ,HNX
VND,Công ty cổ phần Chứng khoán VNDIRECT,Stock,Tài chính,HOSE
VNE,Tổng công ty Cổ phần Xây dựng điện Việt Nam,Stock,Bất động sản và Xây dựng,HOSE
VNF,Công ty cổ phần Vinafreight,Stock,Công nghiệp,HNX
VNG,Công ty Cổ phần Du lịch Thành Thành Công,Stock,Dịch vụ,HOSE
VNH,Công ty Cổ phần Đầu tư Việt Việt Nhật,Stock,Nông nghiệp,UPCOM
VNI,CTCP Đầu tư Bất động sản Việt Nam,Stock,Bất động sản và Xây dựng,UPCOM
VNL,Công ty cổ phần Logistics Vinalink,Stock,Công nghiệp,HOSE
VNM,Công ty Cổ phần Sữa Việt Nam,Stock,Hàng tiêu dùng,HOSE
VNP,Công ty cổ phần Nhựa Việt Nam,Stock,Hàng tiêu dùng,UPCOM
VNR,Tổng Công ty Cổ phần Tái bảo hiểm quốc gia Việt Nam,Stock,Tài chính,HNX
VNS,Công ty Cổ phần Ánh Dương Việt Nam,Stock,Công nghiệp,HOSE
VNT,Công ty cổ phần Giao nhận Vận tải Ngoại thương,Stock,Công nghiệp,HNX
VNX,Công ty Cổ phần Quảng cáo và Hội chợ Thương mại,Stock,Dịch vụ,UPCOM
VNY,Công ty Cổ phần Thuốc Thú y Trung ương I ,Stock,Nông nghiệp,UPCOM
VNZ,Công ty Cổ phần Tập đoàn VNG,Stock,Công nghệ,UPCOM
VOC,Tổng Công ty Công nghiệp Dầu thực vật Việt Nam - CTCP,Stock,Hàng tiêu dùng,UPCOM
VOS,Công ty Cổ phần Vận tải biển Việt Nam,Stock,Công nghiệp,HOSE
VPA,CTCP Vận tải Hóa dầu VP,Stock,Công nghiệp,UPCOM
VPB,Ngân hàng Thương mại Cổ phần Việt Nam Thịnh Vượng,Stock,Tài chính,HOSE
VPC,Công ty Cổ phần Đầu tư và Phát triển Năng lượng Việt Nam,Stock,Dịch vụ,UPCOM
VPD,Công ty cổ phần Phát triển Điện lực Việt Nam,Stock,Năng lượng,HOSE
VPG,Công ty Cổ phần Tập đoàn Việt Phát,Stock,Nguyên vật liệu,HOSE
VPH,Công ty Cổ phần Vạn Phát Hưng,Stock,Bất động sản và Xây dựng,HOSE
VPI,Công ty cổ phần Phát triển Bất động sản Văn Phú,Stock,Bất động sản và Xây dựng,HOSE
VPL,Công ty Cổ phần Vinpearl,Stock,Bất động sản và Xây dựng,HOSE
VPR,Công ty cổ phần VINAPRINT,Stock,Dịch vụ,UPCOM
VPS,CTCP Thuốc sát trùng Việt Nam,Stock,Nông nghiệp,HOSE
VPW,Công ty Cổ phần Cấp thoát nước số 1 Vĩnh Phúc,Stock,Dịch vụ,UPCOM
VPX,Công ty Cổ phần Chứng khoán VPBANK,Stock,,HOSE
VQC,Công ty Cổ phần Giám định Vinacomin,Stock,Dịch vụ,UPCOM
VRC,Công ty Cổ phần Bất động sản và Đầu tư VRC,Stock,Bất động sản và Xây dựng,HOSE
VRE,Công ty Cổ phần Vincom Retail,Stock,Bất động sản và Xây dựng,HOSE
VRG,CTCP Phát triển đô thị và Khu công nghiệp Cao su Việt Nam,Stock,Công nghiệp,UPCOM
VSA,Công ty cổ phần Đại lý Hàng hải Việt Nam,Stock,Công nghiệp,HNX
VSC,Công ty cổ phần Container Việt Nam,Stock,Công nghiệp,HOSE
VSE,Công ty cổ phần Dịch vụ Đường cao tốc Việt Nam,Stock,Công nghiệp,UPCOM
VSF,Tổng Công ty Lương thực Miền Nam - Công ty cổ phần,Stock,Nông nghiệp,UPCOM
VSG,Công ty Cổ phần Container Phía Nam,Stock,Công nghiệp,UPCOM
VSH,Công ty Cổ phần Thủy điện Vĩnh Sơn - Sông Hinh,Stock,Năng lượng,HOSE
VSI,Công ty Cổ phần Đầu tư và Xây dựng Cấp thoát nước,Stock,Dịch vụ,HOSE
VSM,Công ty Cổ phần Container Miền Trung,Stock,Công nghiệp,HNX
VSN,Công ty cổ phần Việt Nam Kỹ nghệ Súc sản,Stock,Hàng tiêu dùng,UPCOM
VST,Công ty Cổ phần Vận tải và Thuê tàu biển Việt Nam,Stock,Công nghiệp,UPCOM
VTA,Công ty Cổ phần Vitaly,Stock,Bất động sản và Xây dựng,UPCOM
VTB,Công ty Cổ phần Viettronics Tân Bình,Stock,Hàng tiêu dùng,HOSE
VTC,Công ty Cổ phần Viễn thông VTC,Stock,Công nghệ,HNX
VTD,Công ty cổ phần Vietourist Holdings,Stock,Dịch vụ,UPCOM
VTE,Công ty cổ phần Viễn thông Điện tử Vinacap,Stock,Công nghiệp,UPCOM
VTG,Công ty cổ phần Du lịch tỉnh Bà Rịa - Vũng Tàu,Stock,Dịch vụ,UPCOM
VTH,Công ty Cổ phần Tập đoàn Việt Thái,Stock,Dịch vụ,HNX
VTI,Công ty Cổ phần Sản xuất – Xuất nhập khẩu Dệt May,Stock,Hàng tiêu dùng,UPCOM
VTJ,Công ty cổ phần Thương mại và Đầu tư Vinataba,Stock,Hàng tiêu dùng,HNX
VTK,Công ty cổ phần Tư vấn Thiết kế Viettel,Stock,,UPCOM
VTL,Công ty Cổ phần Vang Thăng Long,Stock,Hàng tiêu dùng,UPCOM
VTM,CTCP Vận tải và Đưa đón thợ mỏ - Vinacomin,Stock,Công nghiệp,UPCOM
VTO,Công ty Cổ phần Vận tải Xăng dầu VITACO,Stock,Năng lượng,HOSE
VTP,Tổng Công ty cổ phần Bưu chính Viettel,Stock,Dịch vụ,HOSE
VTQ,Công ty Cổ phần Việt Trung Quảng Bình,Stock,Nông nghiệp,UPCOM
VTR,Công ty cổ phần Du lịch Vietravel,Stock,Dịch vụ,UPCOM
VTS,Công ty Cổ phần Viglacera Từ Sơn,Stock,Bất động sản và Xây dựng,UPCOM
VTT,#N/A,Stock,,HNX
VTV,Công ty Cổ phần Năng lượng và Môi trường VICEM,Stock,Bất động sản và Xây dựng,HNX
VTX,Công ty cổ phần Vận tải đa phương thức Vietranstimex,Stock,Công nghiệp,UPCOM
VTZ,Công ty Cổ phần Sản xuất và Thương mại Nhựa Việt Thành,Stock,Nguyên vật liệu,HNX
VUA,Công ty cổ phần Chứng khoán Stanley Brothers,Stock,Tài chính,UPCOM
VVN,Tổng Công ty cổ phần Xây dựng công nghiệp Việt Nam,Stock,Bất động sản và Xây dựng,UPCOM
VVS,Công ty cổ phần Đầu tư Phát triển máy Việt Nam,Stock,Dịch vụ,HOSE
VW3,Công ty cổ phần Viwaseen3,Stock,Công nghiệp,UPCOM
VWS,Công ty Cổ phần Nước và Môi trường Việt Nam,Stock,Dịch vụ,UPCOM
VXB,Công ty Cổ phần Vật liệu xây dựng Bến Tre,Stock,Bất động sản và Xây dựng,UPCOM
VXP,Công ty cổ phần Thuốc Thú y Trung ương VETVACO,Stock,Nông nghiệp,UPCOM
VXT,CTCP Kho vận và Dịch vụ Thương mại,Stock,Nguyên vật liệu,UPCOM
WCS,Công ty Cổ phần Bến xe Miền Tây,Stock,Công nghiệp,HNX
WSB,Công ty Cổ phần Bia Sài Gòn - Miền Tây,Stock,Hàng tiêu dùng,UPCOM
WSS,Công ty Cổ phần Chứng khoán Phố Wall,Stock,Tài chính,HNX
WTC,CTCP Vận tải thủy - Vinacomin,Stock,Công nghiệp,UPCOM
X20,Công ty Cổ phần X20,Stock,Hàng tiêu dùng,HNX
X26,Công ty cổ phần 26,Stock,Hàng tiêu dùng,UPCOM
X77,Công ty Cổ phần Thành An 77,Stock,Bất động sản và Xây dựng,UPCOM
XDC,Công ty cổ phần Xây dựng Công trình Tân Cảng,Stock,,UPCOM
XDH,Công ty cổ phần Đầu tư Xây dưng Dân dụng Hà Nội,Stock,Bất động sản và Xây dựng,UPCOM
XHC,Công ty cổ phần Xuân Hòa Việt Nam,Stock,Hàng tiêu dùng,UPCOM
XLV,Công ty Cổ phần Xây lắp và Dịch vụ Sông Đà,Stock,Bất động sản và Xây dựng,UPCOM
XMC,Công ty cổ phần Đầu tư và Xây dựng Xuân Mai,Stock,Bất động sản và Xây dựng,UPCOM
XMD,Công ty cổ phần Xuân Mai - Đạo Tú ,Stock,Bất động sản và Xây dựng,UPCOM
XMP,CTCP Thủy điện Xuân Minh,Stock,Năng lượng,UPCOM
XPH,Công ty Cổ phần Xà phòng Hà Nội,Stock,Hàng tiêu dùng,UPCOM
YAN,CTCP Công nghệ và Tầm nhìn Yêu âm nhạc,Stock,Dịch vụ,OTC
YBC,Công ty Cổ phần Xi măng và Khoáng sản Yên Bái,Stock,Bất động sản và Xây dựng,UPCOM
YBM,Công ty Cổ phần Khoáng sản Công nghiệp Yên Bái,Stock,Nguyên vật liệu,HOSE
YEG,Công ty Cổ phần Tập đoàn Yeah1,Stock,Dịch vụ,HOSE
YTC,Công ty Cổ phần Xuất nhập khẩu Y tế Thành phố Hồ Chí Minh,Stock,Y tế,UPCOM
CACB2101,Chứng quyền CACB2101,Covered Warrants,,HSX
CACB2102,Chứng quyền CACB2102,Covered Warrants,,HSX
CACB2103,Chứng quyền CACB2103,Covered Warrants,,HSX
CACB2201,Chứng quyền CACB2201,Covered Warrants,,HSX
CACB2202,Chứng quyền CACB2202,Covered Warrants,,HSX
CACB2203,Chứng quyền CACB2203,Covered Warrants,,HSX
CACB2204,Chứng quyền CACB2204,Covered Warrants,,HSX
CACB2205,Chứng quyền CACB2205,Covered Warrants,,HSX
CACB2206,Chứng quyền CACB2206,Covered Warrants,,HSX
CACB2207,Chứng quyền CACB2207,Covered Warrants,,HSX
CACB2208,Chứng quyền CACB2208,Covered Warrants,,HSX
CACB2301,Chứng quyền CACB2301,Covered Warrants,,HSX
CACB2302,Chứng quyền CACB2302,Covered Warrants,,HSX
CACB2303,Chứng quyền CACB2303,Covered Warrants,,HSX
CACB2304,Chứng quyền CACB2304,Covered Warrants,,HSX
CACB2305,Chứng quyền CACB2305,Covered Warrants,,HSX
CACB2306,Chứng quyền CACB2306,Covered Warrants,,HSX
CACB2307,Chứng quyền CACB2307,Covered Warrants,,HSX
CACB2401,Chứng quyền CACB2401,Covered Warrants,,HSX
CACB2402,Chứng quyền CACB2402,Covered Warrants,,HSX
CACB2403,Chứng quyền CACB2403,Covered Warrants,,HSX
CACB2404,Chứng quyền CACB2404,Covered Warrants,,HSX
CACB2405,Chứng quyền CACB2405,Covered Warrants,,HSX
CACB2501,Chứng quyền CACB2501,Covered Warrants,,HSX
CACB2502,Chứng quyền CACB2502,Covered Warrants,,HSX
CACB2503,Chứng quyền CACB2503,Covered Warrants,,HSX
CACB2504,Chứng quyền CACB2504,Covered Warrants,,HSX
CACB2505,Chứng quyền CACB2505,Covered Warrants,,HSX
CACB2506,Chứng quyền CACB2506,Covered Warrants,,HSX
CACB2507,Chứng quyền CACB2507,Covered Warrants,,HSX
CACB2508,Chứng quyền CACB2508,Covered Warrants,,HSX
CACB2509,Chứng quyền CACB2509,Covered Warrants,,HSX
CACB2510,Chứng quyền CACB2510,Covered Warrants,,HSX
CACB2511,Chứng quyền CACB2511,Covered Warrants,,HSX
CACB2512,Chứng quyền CACB2512,Covered Warrants,,HSX
CACB2513,Chứng quyền CACB2513,Covered Warrants,,HSX
CACB2514,Chứng quyền CACB2514,Covered Warrants,,HSX
CACB2515,Chứng quyền CACB2515,Covered Warrants,,HSX
CACB2516,Chứng quyền CACB2516,Covered Warrants,,HSX
CACB2517,Chứng quyền CACB2517,Covered Warrants,,HSX
CACB2518,Chứng quyền CACB2518,Covered Warrants,,HSX
CACB2601,Chứng quyền CACB2601,Covered Warrants,,HSX
CACB2602,Chứng quyền CACB2602,Covered Warrants,,HSX
CACB2603,Chứng quyền CACB2603,Covered Warrants,,HSX
CACB2604,Chứng quyền CACB2604,Covered Warrants,,HSX
CACB2605,Chứng quyền CACB2605,Covered Warrants,,HSX
CACB2606,Chứng quyền CACB2606,Covered Warrants,,HSX
CCTD2001,Chứng quyền CCTD2001,Covered Warrants,,OTC
CDGC2501,Chứng quyền CDGC2501,Covered Warrants,,HSX
CDPM1901,Chứng quyền CDPM1901,Covered Warrants,,OTC
CDPM2001,Chứng quyền CDPM2001,Covered Warrants,,OTC
CDPM2002,Chứng quyền CDPM2002,Covered Warrants,,OTC
CEIB2001,Chứng quyền CEIB2001,Covered Warrants,,OTC
CFPT1901,Chứng quyền CFPT1901,Covered Warrants,,OTC
CFPT1902,Chứng quyền CFPT1902,Covered Warrants,,OTC
CFPT1903,Chứng quyền CFPT1903,Covered Warrants,,OTC
CFPT1904,Chứng quyền CFPT1904,Covered Warrants,,OTC
CFPT1905,Chứng quyền CFPT1905,Covered Warrants,,OTC
CFPT1906,Chứng quyền CFPT1906,Covered Warrants,,OTC
CFPT1907,Chứng quyền CFPT1907,Covered Warrants,,OTC
CFPT1908,Chứng quyền CFPT1908,Covered Warrants,,OTC
CFPT2001,Chứng quyền CFPT2001,Covered Warrants,,OTC
CFPT2002,Chứng quyền CFPT2002,Covered Warrants,,OTC
CFPT2003,Chứng quyền CFPT2003,Covered Warrants,,OTC
CFPT2004,Chứng quyền CFPT2004,Covered Warrants,,OTC
CFPT2005,Chứng quyền CFPT2005,Covered Warrants,,OTC
CFPT2006,Chứng quyền CFPT2006,Covered Warrants,,OTC
CFPT2007,Chứng quyền CFPT2007,Covered Warrants,,OTC
CFPT2008,Chứng quyền CFPT2008,Covered Warrants,,OTC
CFPT2009,Chứng quyền CFPT2009,Covered Warrants,,OTC
CFPT2010,Chứng quyền CFPT2010,Covered Warrants,,OTC
CFPT2011,Chứng quyền CFPT2011,Covered Warrants,,OTC
CFPT2012,Chứng quyền CFPT2012,Covered Warrants,,OTC
CFPT2013,Chứng quyền CFPT2013,Covered Warrants,,OTC
CFPT2014,Chứng quyền CFPT2014,Covered Warrants,,OTC
CFPT2015,Chứng quyền CFPT2015,Covered Warrants,,OTC
CFPT2016,Chứng quyền CFPT2016,Covered Warrants,,OTC
CFPT2017,Chứng quyền CFPT2017,Covered Warrants,,OTC
CFPT2101,Chứng quyền CFPT2101,Covered Warrants,,OTC
CFPT2102,Chứng quyền CFPT2102,Covered Warrants,,HSX
CFPT2103,Chứng quyền CFPT2103,Covered Warrants,,HSX
CFPT2104,Chứng quyền CFPT2104,Covered Warrants,,HSX
CFPT2105,Chứng quyền CFPT2105,Covered Warrants,,HSX
CFPT2106,Chứng quyền CFPT2106,Covered Warrants,,HSX
CFPT2107,Chứng quyền CFPT2107,Covered Warrants,,HSX
CFPT2108,Chứng quyền CFPT2108,Covered Warrants,,HSX
CFPT2109,Chứng quyền CFPT2109,Covered Warrants,,HSX
CFPT2110,Chứng quyền CFPT2110,Covered Warrants,,HSX
CFPT2111,Chứng quyền CFPT2111,Covered Warrants,,HSX
CFPT2201,Chứng quyền CFPT2201,Covered Warrants,,HSX
CFPT2202,Chứng quyền CFPT2202,Covered Warrants,,HSX
CFPT2203,Chứng quyền CFPT2203,Covered Warrants,,HSX
CFPT2204,Chứng quyền CFPT2204,Covered Warrants,,HSX
CFPT2205,Chứng quyền CFPT2205,Covered Warrants,,HSX
CFPT2206,Chứng quyền CFPT2206,Covered Warrants,,HSX
CFPT2207,Chứng quyền CFPT2207,Covered Warrants,,HSX
CFPT2208,Chứng quyền CFPT2208,Covered Warrants,,HSX
CFPT2209,Chứng quyền CFPT2209,Covered Warrants,,HSX
CFPT2210,Chứng quyền CFPT2210,Covered Warrants,,HSX
CFPT2211,Chứng quyền CFPT2211,Covered Warrants,,HSX
CFPT2212,Chứng quyền CFPT2212,Covered Warrants,,HSX
CFPT2213,Chứng quyền CFPT2213,Covered Warrants,,HSX
CFPT2214,Chứng quyền CFPT2214,Covered Warrants,,HSX
CFPT2301,Chứng quyền CFPT2301,Covered Warrants,,HSX
CFPT2302,Chứng quyền CFPT2302,Covered Warrants,,HSX
CFPT2303,Chứng quyền CFPT2303,Covered Warrants,,HSX
CFPT2304,Chứng quyền CFPT2304,Covered Warrants,,HSX
CFPT2305,Chứng quyền CFPT2305,Covered Warrants,,HSX
CFPT2306,Chứng quyền CFPT2306,Covered Warrants,,HSX
CFPT2307,Chứng quyền CFPT2307,Covered Warrants,,HSX
CFPT2308,Chứng quyền CFPT2308,Covered Warrants,,HSX
CFPT2309,Chứng quyền CFPT2309,Covered Warrants,,HSX
CFPT2310,Chứng quyền CFPT2310,Covered Warrants,,HSX
CFPT2311,Chứng quyền CFPT2311,Covered Warrants,,HSX
CFPT2312,Chứng quyền CFPT2312,Covered Warrants,,HSX
CFPT2313,Chứng quyền CFPT2313,Covered Warrants,,HSX
CFPT2314,Chứng quyền CFPT2314,Covered Warrants,,HSX
CFPT2315,Chứng quyền CFPT2315,Covered Warrants,,HSX
CFPT2316,Chứng quyền CFPT2316,Covered Warrants,,HSX
CFPT2317,Chứng quyền CFPT2317,Covered Warrants,,HSX
CFPT2318,Chứng quyền CFPT2318,Covered Warrants,,HSX
CFPT2401,Chứng quyền CFPT2401,Covered Warrants,,HSX
CFPT2402,Chứng quyền CFPT2402,Covered Warrants,,HSX
CFPT2403,Chứng quyền CFPT2403,Covered Warrants,,HSX
CFPT2404,Chứng quyền CFPT2404,Covered Warrants,,HSX
CFPT2405,Chứng quyền CFPT2405,Covered Warrants,,HSX
CFPT2406,Chứng quyền CFPT2406,Covered Warrants,,HSX
CFPT2407,Chứng quyền CFPT2407,Covered Warrants,,HSX
CFPT2501,Chứng quyền CFPT2501,Covered Warrants,,HSX
CFPT2502,Chứng quyền CFPT2502,Covered Warrants,,HSX
CFPT2503,Chứng quyền CFPT2503,Covered Warrants,,HSX
CFPT2504,Chứng quyền CFPT2504,Covered Warrants,,HSX
CFPT2505,Chứng quyền CFPT2505,Covered Warrants,,HSX
CFPT2506,Chứng quyền CFPT2506,Covered Warrants,,HSX
CFPT2507,Chứng quyền CFPT2507,Covered Warrants,,HSX
CFPT2508,Chứng quyền CFPT2508,Covered Warrants,,HSX
CFPT2509,Chứng quyền CFPT2509,Covered Warrants,,HSX
CFPT2510,Chứng quyền CFPT2510,Covered Warrants,,HSX
CFPT2511,Chứng quyền CFPT2511,Covered Warrants,,HSX
CFPT2512,Chứng quyền CFPT2512,Covered Warrants,,HSX
CFPT2513,Chứng quyền CFPT2513,Covered Warrants,,HSX
CFPT2514,Chứng quyền CFPT2514,Covered Warrants,,HSX
CFPT2515,Chứng quyền CFPT2515,Covered Warrants,,HSX
CFPT2516,Chứng quyền CFPT2516,Covered Warrants,,HSX
CFPT2517,Chứng quyền CFPT2517,Covered Warrants,,HSX
CFPT2518,Chứng quyền CFPT2518,Covered Warrants,,HSX
CFPT2519,Chứng quyền CFPT2519,Covered Warrants,,HSX
CFPT2520,Chứng quyền CFPT2520,Covered Warrants,,HSX
CFPT2521,Chứng quyền CFPT2521,Covered Warrants,,HSX
CFPT2522,Chứng quyền CFPT2522,Covered Warrants,,HSX
CFPT2523,Chứng quyền CFPT2523,Covered Warrants,,HSX
CFPT2524,Chứng quyền CFPT2524,Covered Warrants,,HSX
CFPT2525,Chứng quyền CFPT2525,Covered Warrants,,HSX
CFPT2526,Chứng quyền CFPT2526,Covered Warrants,,HSX
CFPT2527,Chứng quyền CFPT2527,Covered Warrants,,HSX
CFPT2528,Chứng quyền CFPT2528,Covered Warrants,,HSX
CFPT2529,Chứng quyền CFPT2529,Covered Warrants,,HSX
CFPT2530,Chứng quyền CFPT2530,Covered Warrants,,HSX
CFPT2531,Chứng quyền CFPT2531,Covered Warrants,,HSX
CFPT2532,Chứng quyền CFPT2532,Covered Warrants,,HSX
CFPT2533,Chứng quyền CFPT2533,Covered Warrants,,HSX
CFPT2534,Chứng quyền CFPT2534,Covered Warrants,,HSX
CFPT2601,Chứng quyền CFPT2601,Covered Warrants,,HSX
CFPT2602,Chứng quyền CFPT2602,Covered Warrants,,HSX
CFPT2603,Chứng quyền CFPT2603,Covered Warrants,,HSX
CFPT2604,Chứng quyền CFPT2604,Covered Warrants,,HSX
CFPT2605,Chứng quyền CFPT2605,Covered Warrants,,HSX
CFPT2606,Chứng quyền CFPT2606,Covered Warrants,,HSX
CFPT2607,Chứng quyền CFPT2607,Covered Warrants,,HSX
CFPT2608,Chứng quyền CFPT2608,Covered Warrants,,HSX
CFPT2609,Chứng quyền CFPT2609,Covered Warrants,,HSX
CGMD1901,Chứng quyền CGMD1901,Covered Warrants,,OTC
CGMD2001,Chứng quyền CGMD2001,Covered Warrants,,OTC
CHDB2001,Chứng quyền CHDB2001,Covered Warrants,,OTC
CHDB2002,Chứng quyền CHDB2002,Covered Warrants,,OTC
CHDB2003,Chứng quyền CHDB2003,Covered Warrants,,OTC
CHDB2004,Chứng quyền CHDB2004,Covered Warrants,,OTC
CHDB2005,Chứng quyền CHDB2005,Covered Warrants,,OTC
CHDB2006,Chứng quyền CHDB2006,Covered Warrants,,OTC
CHDB2007,Chứng quyền CHDB2007,Covered Warrants,,OTC
CHDB2008,Chứng quyền CHDB2008,Covered Warrants,,OTC
CHDB2101,Chứng quyền CHDB2101,Covered Warrants,,HSX
CHDB2102,Chứng quyền CHDB2102,Covered Warrants,,HSX
CHDB2103,Chứng quyền CHDB2103,Covered Warrants,,HSX
CHDB2201,Chứng quyền CHDB2201,Covered Warrants,,HSX
CHDB2202,Chứng quyền CHDB2202,Covered Warrants,,HSX
CHDB2203,Chứng quyền CHDB2203,Covered Warrants,,HSX
CHDB2204,Chứng quyền CHDB2204,Covered Warrants,,HSX
CHDB2205,Chứng quyền CHDB2205,Covered Warrants,,HSX
CHDB2206,Chứng quyền CHDB2206,Covered Warrants,,HSX
CHDB2207,Chứng quyền CHDB2207,Covered Warrants,,HSX
CHDB2208,Chứng quyền CHDB2208,Covered Warrants,,HSX
CHDB2209,Chứng quyền CHDB2209,Covered Warrants,,HSX
CHDB2210,Chứng quyền CHDB2210,Covered Warrants,,HSX
CHDB2301,Chứng quyền CHDB2301,Covered Warrants,,HSX
CHDB2302,Chứng quyền CHDB2302,Covered Warrants,,HSX
CHDB2303,Chứng quyền CHDB2303,Covered Warrants,,HSX
CHDB2304,Chứng quyền CHDB2304,Covered Warrants,,HSX
CHDB2305,Chứng quyền CHDB2305,Covered Warrants,,HSX
CHDB2306,Chứng quyền CHDB2306,Covered Warrants,,HSX
CHDB2401,Chứng quyền CHDB2401,Covered Warrants,,HSX
CHDB2501,Chứng quyền CHDB2501,Covered Warrants,,HSX
CHDB2502,Chứng quyền CHDB2502,Covered Warrants,,HSX
CHDB2503,Chứng quyền CHDB2503,Covered Warrants,,HSX
CHDB2504,Chứng quyền CHDB2504,Covered Warrants,,HSX
CHDB2505,Chứng quyền CHDB2505,Covered Warrants,,HSX
CHDB2506,Chứng quyền CHDB2506,Covered Warrants,,HSX
CHDB2507,Chứng quyền CHDB2507,Covered Warrants,,HSX
CHDB2508,Chứng quyền CHDB2508,Covered Warrants,,HSX
CHDB2509,Chứng quyền CHDB2509,Covered Warrants,,HSX
CHDB2510,Chứng quyền CHDB2510,Covered Warrants,,HSX
CHDB2601,Chứng quyền CHDB2601,Covered Warrants,,HSX
CHDB2602,Chứng quyền CHDB2602,Covered Warrants,,HSX
CHPG1901,Chứng quyền CHPG1901,Covered Warrants,,OTC
CHPG1902,Chứng quyền CHPG1902,Covered Warrants,,OTC
CHPG1903,Chứng quyền CHPG1903,Covered Warrants,,OTC
CHPG1904,Chứng quyền CHPG1904,Covered Warrants,,OTC
CHPG1905,Chứng quyền CHPG1905,Covered Warrants,,OTC
CHPG1906,Chứng quyền CHPG1906,Covered Warrants,,OTC
CHPG1907,Chứng quyền CHPG1907,Covered Warrants,,OTC
CHPG1908,Chứng quyền CHPG1908,Covered Warrants,,OTC
CHPG1909,Chứng quyền CHPG1909,Covered Warrants,,OTC
CHPG2001,Chứng quyền CHPG2001,Covered Warrants,,OTC
CHPG2002,Chứng quyền CHPG2002,Covered Warrants,,OTC
CHPG2003,Chứng quyền CHPG2003,Covered Warrants,,OTC
CHPG2004,Chứng quyền CHPG2004,Covered Warrants,,OTC
CHPG2005,Chứng quyền CHPG2005,Covered Warrants,,OTC
CHPG2006,Chứng quyền CHPG2006,Covered Warrants,,OTC
CHPG2007,Chứng quyền CHPG2007,Covered Warrants,,OTC
CHPG2008,Chứng quyền CHPG2008,Covered Warrants,,OTC
CHPG2009,Chứng quyền CHPG2009,Covered Warrants,,OTC
CHPG2010,Chứng quyền CHPG2010,Covered Warrants,,OTC
CHPG2011,Chứng quyền CHPG2011,Covered Warrants,,OTC
CHPG2012,Chứng quyền CHPG2012,Covered Warrants,,OTC
CHPG2013,Chứng quyền CHPG2013,Covered Warrants,,OTC
CHPG2014,Chứng quyền CHPG2014,Covered Warrants,,OTC
CHPG2015,Chứng quyền CHPG2015,Covered Warrants,,OTC
CHPG2016,Chứng quyền CHPG2016,Covered Warrants,,OTC
CHPG2017,Chứng quyền CHPG2017,Covered Warrants,,OTC
CHPG2018,Chứng quyền CHPG2018,Covered Warrants,,OTC
CHPG2019,Chứng quyền CHPG2019,Covered Warrants,,OTC
CHPG2020,Chứng quyền CHPG2020,Covered Warrants,,OTC
CHPG2021,Chứng quyền CHPG2021,Covered Warrants,,OTC
CHPG2022,Chứng quyền CHPG2022,Covered Warrants,,OTC
CHPG2023,Chứng quyền CHPG2023,Covered Warrants,,OTC
CHPG2024,Chứng quyền CHPG2024,Covered Warrants,,OTC
CHPG2025,Chứng quyền CHPG2025,Covered Warrants,,OTC
CHPG2026,Chứng quyền CHPG2026,Covered Warrants,,OTC
CHPG2101,Chứng quyền CHPG2101,Covered Warrants,,HSX
CHPG2102,Chứng quyền CHPG2102,Covered Warrants,,OTC
CHPG2103,Chứng quyền CHPG2103,Covered Warrants,,OTC
CHPG2104,Chứng quyền CHPG2104,Covered Warrants,,OTC
CHPG2105,Chứng quyền CHPG2105,Covered Warrants,,HSX
CHPG2106,Chứng quyền CHPG2106,Covered Warrants,,HSX
CHPG2107,Chứng quyền CHPG2107,Covered Warrants,,HSX
CHPG2108,Chứng quyền CHPG2108,Covered Warrants,,HSX
CHPG2109,Chứng quyền CHPG2109,Covered Warrants,,HSX
CHPG2110,Chứng quyền CHPG2110,Covered Warrants,,HSX
CHPG2111,Chứng quyền CHPG2111,Covered Warrants,,HSX
CHPG2112,Chứng quyền CHPG2112,Covered Warrants,,HSX
CHPG2113,Chứng quyền CHPG2113,Covered Warrants,,HSX
CHPG2114,Chứng quyền CHPG2114,Covered Warrants,,HSX
CHPG2115,Chứng quyền CHPG2115,Covered Warrants,,HSX
CHPG2116,Chứng quyền CHPG2116,Covered Warrants,,HSX
CHPG2117,Chứng quyền CHPG2117,Covered Warrants,,HSX
CHPG2118,Chứng quyền CHPG2118,Covered Warrants,,HSX
CHPG2119,Chứng quyền CHPG2119,Covered Warrants,,HSX
CHPG2201,Chứng quyền CHPG2201,Covered Warrants,,HSX
CHPG2202,Chứng quyền CHPG2202,Covered Warrants,,HSX
CHPG2203,Chứng quyền CHPG2203,Covered Warrants,,HSX
CHPG2204,Chứng quyền CHPG2204,Covered Warrants,,HSX
CHPG2206,Chứng quyền CHPG2206,Covered Warrants,,HSX
CHPG2207,Chứng quyền CHPG2207,Covered Warrants,,HSX
CHPG2208,Chứng quyền CHPG2208,Covered Warrants,,HSX
CHPG2209,Chứng quyền CHPG2209,Covered Warrants,,HSX
CHPG2210,Chứng quyền CHPG2210,Covered Warrants,,HSX
CHPG2211,Chứng quyền CHPG2211,Covered Warrants,,HSX
CHPG2212,Chứng quyền CHPG2212,Covered Warrants,,HSX
CHPG2213,Chứng quyền CHPG2213,Covered Warrants,,HSX
CHPG2214,Chứng quyền CHPG2214,Covered Warrants,,HSX
CHPG2215,Chứng quyền CHPG2215,Covered Warrants,,HSX
CHPG2216,Chứng quyền CHPG2216,Covered Warrants,,HSX
CHPG2217,Chứng quyền CHPG2217,Covered Warrants,,HSX
CHPG2218,Chứng quyền CHPG2218,Covered Warrants,,HSX
CHPG2219,Chứng quyền CHPG2219,Covered Warrants,,HSX
CHPG2220,Chứng quyền CHPG2220,Covered Warrants,,HSX
CHPG2221,Chứng quyền CHPG2221,Covered Warrants,,HSX
CHPG2223,Chứng quyền CHPG2223,Covered Warrants,,HSX
CHPG2224,Chứng quyền CHPG2224,Covered Warrants,,HSX
CHPG2225,Chứng quyền CHPG2225,Covered Warrants,,HSX
CHPG2226,Chứng quyền CHPG2226,Covered Warrants,,HSX
CHPG2227,Chứng quyền CHPG2227,Covered Warrants,,HSX
CHPG2301,Chứng quyền CHPG2301,Covered Warrants,,HSX
CHPG2302,Chứng quyền CHPG2302,Covered Warrants,,HSX
CHPG2303,Chứng quyền CHPG2303,Covered Warrants,,HSX
CHPG2304,Chứng quyền CHPG2304,Covered Warrants,,HSX
CHPG2305,Chứng quyền CHPG2305,Covered Warrants,,HSX
CHPG2306,Chứng quyền CHPG2306,Covered Warrants,,HSX
CHPG2307,Chứng quyền CHPG2307,Covered Warrants,,HSX
CHPG2308,Chứng quyền CHPG2308,Covered Warrants,,HSX
CHPG2309,Chứng quyền CHPG2309,Covered Warrants,,HSX
CHPG2310,Chứng quyền CHPG2310,Covered Warrants,,HSX
CHPG2311,Chứng quyền CHPG2311,Covered Warrants,,HSX
CHPG2312,Chứng quyền CHPG2312,Covered Warrants,,HSX
CHPG2313,Chứng quyền CHPG2313,Covered Warrants,,HSX
CHPG2314,Chứng quyền CHPG2314,Covered Warrants,,HSX
CHPG2315,Chứng quyền CHPG2315,Covered Warrants,,HSX
CHPG2316,Chứng quyền CHPG2316,Covered Warrants,,HSX
CHPG2317,Chứng quyền CHPG2317,Covered Warrants,,HSX
CHPG2318,Chứng quyền CHPG2318,Covered Warrants,,HSX
CHPG2319,Chứng quyền CHPG2319,Covered Warrants,,HSX
CHPG2320,Chứng quyền CHPG2320,Covered Warrants,,HSX
CHPG2321,Chứng quyền CHPG2321,Covered Warrants,,HSX
CHPG2322,Chứng quyền CHPG2322,Covered Warrants,,HSX
CHPG2323,Chứng quyền CHPG2323,Covered Warrants,,HSX
CHPG2324,Chứng quyền CHPG2324,Covered Warrants,,HSX
CHPG2325,Chứng quyền CHPG2325,Covered Warrants,,HSX
CHPG2326,Chứng quyền CHPG2326,Covered Warrants,,HSX
CHPG2327,Chứng quyền CHPG2327,Covered Warrants,,HSX
CHPG2328,Chứng quyền CHPG2328,Covered Warrants,,HSX
CHPG2329,Chứng quyền CHPG2329,Covered Warrants,,HSX
CHPG2330,Chứng quyền CHPG2330,Covered Warrants,,HSX
CHPG2331,Chứng quyền CHPG2331,Covered Warrants,,HSX
CHPG2332,Chứng quyền CHPG2332,Covered Warrants,,HSX
CHPG2333,Chứng quyền CHPG2333,Covered Warrants,,HSX
CHPG2334,Chứng quyền CHPG2334,Covered Warrants,,HSX
CHPG2335,Chứng quyền CHPG2335,Covered Warrants,,HSX
CHPG2336,Chứng quyền CHPG2336,Covered Warrants,,HSX
CHPG2337,Chứng quyền CHPG2337,Covered Warrants,,HSX
CHPG2338,Chứng quyền CHPG2338,Covered Warrants,,HSX
CHPG2339,Chứng quyền CHPG2339,Covered Warrants,,HSX
CHPG2340,Chứng quyền CHPG2340,Covered Warrants,,HSX
CHPG2341,Chứng quyền CHPG2341,Covered Warrants,,HSX
CHPG2342,Chứng quyền CHPG2342,Covered Warrants,,HSX
CHPG2343,Chứng quyền CHPG2343,Covered Warrants,,HSX
CHPG2401,Chứng quyền CHPG2401,Covered Warrants,,HSX
CHPG2402,Chứng quyền CHPG2402,Covered Warrants,,HSX
CHPG2403,Chứng quyền CHPG2403,Covered Warrants,,HSX
CHPG2404,Chứng quyền CHPG2404,Covered Warrants,,HSX
CHPG2405,Chứng quyền CHPG2405,Covered Warrants,,HSX
CHPG2406,Chứng quyền CHPG2406,Covered Warrants,,HSX
CHPG2407,Chứng quyền CHPG2407,Covered Warrants,,HSX
CHPG2408,Chứng quyền CHPG2408,Covered Warrants,,HSX
CHPG2409,Chứng quyền CHPG2409,Covered Warrants,,HSX
CHPG2410,Chứng quyền CHPG2410,Covered Warrants,,HSX
CHPG2411,Chứng quyền CHPG2411,Covered Warrants,,HSX
CHPG2412,Chứng quyền CHPG2412,Covered Warrants,,HSX
CHPG2501,Chứng quyền CHPG2501,Covered Warrants,,HSX
CHPG2502,Chứng quyền CHPG2502,Covered Warrants,,HSX
CHPG2503,Chứng quyền CHPG2503,Covered Warrants,,HSX
CHPG2504,Chứng quyền CHPG2504,Covered Warrants,,HSX
CHPG2505,Chứng quyền CHPG2505,Covered Warrants,,HSX
CHPG2506,Chứng quyền CHPG2506,Covered Warrants,,HSX
CHPG2507,Chứng quyền CHPG2507,Covered Warrants,,HSX
CHPG2508,Chứng quyền CHPG2508,Covered Warrants,,HSX
CHPG2509,Chứng quyền CHPG2509,Covered Warrants,,HSX
CHPG2510,Chứng quyền CHPG2510,Covered Warrants,,HSX
CHPG2511,Chứng quyền CHPG2511,Covered Warrants,,HSX
CHPG2512,Chứng quyền CHPG2512,Covered Warrants,,HSX
CHPG2513,Chứng quyền CHPG2513,Covered Warrants,,HSX
CHPG2514,Chứng quyền CHPG2514,Covered Warrants,,HSX
CHPG2515,Chứng quyền CHPG2515,Covered Warrants,,HSX
CHPG2516,Chứng quyền CHPG2516,Covered Warrants,,HSX
CHPG2517,Chứng quyền CHPG2517,Covered Warrants,,HSX
CHPG2518,Chứng quyền CHPG2518,Covered Warrants,,HSX
CHPG2519,Chứng quyền CHPG2519,Covered Warrants,,HSX
CHPG2520,Chứng quyền CHPG2520,Covered Warrants,,HSX
CHPG2521,Chứng quyền CHPG2521,Covered Warrants,,HSX
CHPG2522,Chứng quyền CHPG2522,Covered Warrants,,HSX
CHPG2523,Chứng quyền CHPG2523,Covered Warrants,,HSX
CHPG2524,Chứng quyền CHPG2524,Covered Warrants,,HSX
CHPG2525,Chứng quyền CHPG2525,Covered Warrants,,HSX
CHPG2526,Chứng quyền CHPG2526,Covered Warrants,,HSX
CHPG2527,Chứng quyền CHPG2527,Covered Warrants,,HSX
CHPG2528,Chứng quyền CHPG2528,Covered Warrants,,HSX
CHPG2529,Chứng quyền CHPG2529,Covered Warrants,,HSX
CHPG2530,Chứng quyền CHPG2530,Covered Warrants,,HSX
CHPG2531,Chứng quyền CHPG2531,Covered Warrants,,HSX
CHPG2532,Chứng quyền CHPG2532,Covered Warrants,,HSX
CHPG2533,Chứng quyền CHPG2533,Covered Warrants,,HSX
CHPG2534,Chứng quyền CHPG2534,Covered Warrants,,HSX
CHPG2535,Chứng quyền CHPG2535,Covered Warrants,,HSX
CHPG2536,Chứng quyền CHPG2536,Covered Warrants,,HSX
CHPG2537,Chứng quyền CHPG2537,Covered Warrants,,HSX
CHPG2538,Chứng quyền CHPG2538,Covered Warrants,,HSX
CHPG2539,Chứng quyền CHPG2539,Covered Warrants,,HSX
CHPG2540,Chứng quyền CHPG2540,Covered Warrants,,HSX
CHPG2541,Chứng quyền CHPG2541,Covered Warrants,,HSX
CHPG2542,Chứng quyền CHPG2542,Covered Warrants,,HSX
CHPG2601,Chứng quyền CHPG2601,Covered Warrants,,HSX
CHPG2602,Chứng quyền CHPG2602,Covered Warrants,,HSX
CHPG2603,Chứng quyền CHPG2603,Covered Warrants,,HSX
CHPG2604,Chứng quyền CHPG2604,Covered Warrants,,HSX
CHPG2605,Chứng quyền CHPG2605,Covered Warrants,,HSX
CHPG2606,Chứng quyền CHPG2606,Covered Warrants,,HSX
CHPG2607,Chứng quyền CHPG2607,Covered Warrants,,HSX
CHPG2608,Chứng quyền CHPG2608,Covered Warrants,,HSX
CHPG2609,Chứng quyền CHPG2609,Covered Warrants,,HSX
CHPG2610,Chứng quyền CHPG2610,Covered Warrants,,HSX
CKDH2001,Chứng quyền CKDH2001,Covered Warrants,,OTC
CKDH2002,Chứng quyền CKDH2002,Covered Warrants,,OTC
CKDH2003,Chứng quyền CKDH2003,Covered Warrants,,OTC
CKDH2004,Chứng quyền CKDH2004,Covered Warrants,,OTC
CKDH2101,Chứng quyền CKDH2101,Covered Warrants,,HSX
CKDH2102,Chứng quyền CKDH2102,Covered Warrants,,HSX
CKDH2103,Chứng quyền CKDH2103,Covered Warrants,,HSX
CKDH2104,Chứng quyền CKDH2104,Covered Warrants,,HSX
CKDH2105,Chứng quyền CKDH2105,Covered Warrants,,HSX
CKDH2106,Chứng quyền CKDH2106,Covered Warrants,,HSX
CKDH2107,Chứng quyền CKDH2107,Covered Warrants,,HSX
CKDH2201,Chứng quyền CKDH2201,Covered Warrants,,HSX
CKDH2202,Chứng quyền CKDH2202,Covered Warrants,,HSX
CKDH2203,Chứng quyền CKDH2203,Covered Warrants,,HSX
CKDH2204,Chứng quyền CKDH2204,Covered Warrants,,HSX
CKDH2205,Chứng quyền CKDH2205,Covered Warrants,,HSX
CKDH2206,Chứng quyền CKDH2206,Covered Warrants,,HSX
CKDH2207,Chứng quyền CKDH2207,Covered Warrants,,HSX
CKDH2208,Chứng quyền CKDH2208,Covered Warrants,,HSX
CKDH2209,Chứng quyền CKDH2209,Covered Warrants,,HSX
CKDH2210,Chứng quyền CKDH2210,Covered Warrants,,HSX
CKDH2211,Chứng quyền CKDH2211,Covered Warrants,,HSX
CKDH2212,Chứng quyền CKDH2212,Covered Warrants,,HSX
CKDH2213,Chứng quyền CKDH2213,Covered Warrants,,HSX
CLPB2501,Chứng quyền CLPB2501,Covered Warrants,,HSX
CLPB2502,Chứng quyền CLPB2502,Covered Warrants,,HSX
CLPB2503,Chứng quyền CLPB2503,Covered Warrants,,HSX
CLPB2504,Chứng quyền CLPB2504,Covered Warrants,,HSX
CLPB2505,Chứng quyền CLPB2505,Covered Warrants,,HSX
CLPB2506,Chứng quyền CLPB2506,Covered Warrants,,HSX
CLPB2507,Chứng quyền CLPB2507,Covered Warrants,,HSX
CLPB2508,Chứng quyền CLPB2508,Covered Warrants,,HSX
CLPB2509,Chứng quyền CLPB2509,Covered Warrants,,HSX
CLPB2510,Chứng quyền CLPB2510,Covered Warrants,,HSX
CLPB2601,Chứng quyền CLPB2601,Covered Warrants,,HSX
CLPB2602,Chứng quyền CLPB2602,Covered Warrants,,HSX
CMBB1901,Chứng quyền CMBB1901,Covered Warrants,,OTC
CMBB1902,Chứng quyền CMBB1902,Covered Warrants,,OTC
CMBB1903,Chứng quyền CMBB1903,Covered Warrants,,OTC
CMBB1904,Chứng quyền CMBB1904,Covered Warrants,,OTC
CMBB1905,Chứng quyền CMBB1905,Covered Warrants,,OTC
CMBB1906,Chứng quyền CMBB1906,Covered Warrants,,OTC
CMBB2001,Chứng quyền CMBB2001,Covered Warrants,,OTC
CMBB2002,Chứng quyền CMBB2002,Covered Warrants,,OTC
CMBB2003,Chứng quyền CMBB2003,Covered Warrants,,OTC
CMBB2004,Chứng quyền CMBB2004,Covered Warrants,,OTC
CMBB2005,Chứng quyền CMBB2005,Covered Warrants,,OTC
CMBB2006,Chứng quyền CMBB2006,Covered Warrants,,OTC
CMBB2007,Chứng quyền CMBB2007,Covered Warrants,,OTC
CMBB2008,Chứng quyền CMBB2008,Covered Warrants,,OTC
CMBB2009,Chứng quyền CMBB2009,Covered Warrants,,OTC
CMBB2010,Chứng quyền CMBB2010,Covered Warrants,,OTC
CMBB2011,Chứng quyền CMBB2011,Covered Warrants,,OTC
CMBB2101,Chứng quyền CMBB2101,Covered Warrants,,OTC
CMBB2102,Chứng quyền CMBB2102,Covered Warrants,,HSX
CMBB2103,Chứng quyền CMBB2103,Covered Warrants,,HSX
CMBB2104,Chứng quyền CMBB2104,Covered Warrants,,HSX
CMBB2105,Chứng quyền CMBB2105,Covered Warrants,,HSX
CMBB2106,Chứng quyền CMBB2106,Covered Warrants,,HSX
CMBB2107,Chứng quyền CMBB2107,Covered Warrants,,HSX
CMBB2108,Chứng quyền CMBB2108,Covered Warrants,,HSX
CMBB2109,Chứng quyền CMBB2109,Covered Warrants,,HSX
CMBB2201,Chứng quyền CMBB2201,Covered Warrants,,HSX
CMBB2203,Chứng quyền CMBB2203,Covered Warrants,,HSX
CMBB2204,Chứng quyền CMBB2204,Covered Warrants,,HSX
CMBB2205,Chứng quyền CMBB2205,Covered Warrants,,HSX
CMBB2206,Chứng quyền CMBB2206,Covered Warrants,,HSX
CMBB2207,Chứng quyền CMBB2207,Covered Warrants,,HSX
CMBB2208,Chứng quyền CMBB2208,Covered Warrants,,HSX
CMBB2209,Chứng quyền CMBB2209,Covered Warrants,,HSX
CMBB2210,Chứng quyền CMBB2210,Covered Warrants,,HSX
CMBB2211,Chứng quyền CMBB2211,Covered Warrants,,HSX
CMBB2212,Chứng quyền CMBB2212,Covered Warrants,,HSX
CMBB2213,Chứng quyền CMBB2213,Covered Warrants,,HSX
CMBB2214,Chứng quyền CMBB2214,Covered Warrants,,HSX
CMBB2215,Chứng quyền CMBB2215,Covered Warrants,,HSX
CMBB2301,Chứng quyền CMBB2301,Covered Warrants,,HSX
CMBB2302,Chứng quyền CMBB2302,Covered Warrants,,HSX
CMBB2303,Chứng quyền CMBB2303,Covered Warrants,,HSX
CMBB2304,Chứng quyền CMBB2304,Covered Warrants,,HSX
CMBB2305,Chứng quyền CMBB2305,Covered Warrants,,HSX
CMBB2306,Chứng quyền CMBB2306,Covered Warrants,,HSX
CMBB2307,Chứng quyền CMBB2307,Covered Warrants,,HSX
CMBB2308,Chứng quyền CMBB2308,Covered Warrants,,HSX
CMBB2309,Chứng quyền CMBB2309,Covered Warrants,,HSX
CMBB2310,Chứng quyền CMBB2310,Covered Warrants,,HSX
CMBB2311,Chứng quyền CMBB2311,Covered Warrants,,HSX
CMBB2312,Chứng quyền CMBB2312,Covered Warrants,,HSX
CMBB2313,Chứng quyền CMBB2313,Covered Warrants,,HSX
CMBB2314,Chứng quyền CMBB2314,Covered Warrants,,HSX
CMBB2315,Chứng quyền CMBB2315,Covered Warrants,,HSX
CMBB2316,Chứng quyền CMBB2316,Covered Warrants,,HSX
CMBB2317,Chứng quyền CMBB2317,Covered Warrants,,HSX
CMBB2318,Chứng quyền CMBB2318,Covered Warrants,,HSX
CMBB2401,Chứng quyền CMBB2401,Covered Warrants,,HSX
CMBB2402,Chứng quyền CMBB2402,Covered Warrants,,HSX
CMBB2403,Chứng quyền CMBB2403,Covered Warrants,,HSX
CMBB2404,Chứng quyền CMBB2404,Covered Warrants,,HSX
CMBB2405,Chứng quyền CMBB2405,Covered Warrants,,HSX
CMBB2406,Chứng quyền CMBB2406,Covered Warrants,,HSX
CMBB2407,Chứng quyền CMBB2407,Covered Warrants,,HSX
CMBB2408,Chứng quyền CMBB2408,Covered Warrants,,HSX
CMBB2409,Chứng quyền CMBB2409,Covered Warrants,,HSX
CMBB2501,Chứng quyền CMBB2501,Covered Warrants,,HSX
CMBB2502,Chứng quyền CMBB2502,Covered Warrants,,HSX
CMBB2503,Chứng quyền CMBB2503,Covered Warrants,,HSX
CMBB2504,Chứng quyền CMBB2504,Covered Warrants,,HSX
CMBB2505,Chứng quyền CMBB2505,Covered Warrants,,HSX
CMBB2506,Chứng quyền CMBB2506,Covered Warrants,,HSX
CMBB2507,Chứng quyền CMBB2507,Covered Warrants,,HSX
CMBB2508,Chứng quyền CMBB2508,Covered Warrants,,HSX
CMBB2509,Chứng quyền CMBB2509,Covered Warrants,,HSX
CMBB2510,Chứng quyền CMBB2510,Covered Warrants,,HSX
CMBB2511,Chứng quyền CMBB2511,Covered Warrants,,HSX
CMBB2512,Chứng quyền CMBB2512,Covered Warrants,,HSX
CMBB2513,Chứng quyền CMBB2513,Covered Warrants,,HSX
CMBB2514,Chứng quyền CMBB2514,Covered Warrants,,HSX
CMBB2515,Chứng quyền CMBB2515,Covered Warrants,,HSX
CMBB2516,Chứng quyền CMBB2516,Covered Warrants,,HSX
CMBB2517,Chứng quyền CMBB2517,Covered Warrants,,HSX
CMBB2518,Chứng quyền CMBB2518,Covered Warrants,,HSX
CMBB2519,Chứng quyền CMBB2519,Covered Warrants,,HSX
CMBB2520,Chứng quyền CMBB2520,Covered Warrants,,HSX
CMBB2521,Chứng quyền CMBB2521,Covered Warrants,,HSX
CMBB2522,Chứng quyền CMBB2522,Covered Warrants,,HSX
CMBB2523,Chứng quyền CMBB2523,Covered Warrants,,HSX
CMBB2524,Chứng quyền CMBB2524,Covered Warrants,,HSX
CMBB2601,Chứng quyền CMBB2601,Covered Warrants,,HSX
CMBB2602,Chứng quyền CMBB2602,Covered Warrants,,HSX
CMBB2603,Chứng quyền CMBB2603,Covered Warrants,,HSX
CMBB2604,Chứng quyền CMBB2604,Covered Warrants,,HSX
CMBB2605,Chứng quyền CMBB2605,Covered Warrants,,HSX
CMBB2606,Chứng quyền CMBB2606,Covered Warrants,,HSX
CMBB2607,Chứng quyền CMBB2607,Covered Warrants,,HSX
CMBB2608,Chứng quyền CMBB2608,Covered Warrants,,HSX
CMBB2609,Chứng quyền CMBB2609,Covered Warrants,,HSX
CMSN1901,Chứng quyền CMSN1901,Covered Warrants,,OTC
CMSN1902,Chứng quyền CMSN1902,Covered Warrants,,OTC
CMSN1903,Chứng quyền CMSN1903,Covered Warrants,,OTC
CMSN2001,Chứng quyền CMSN2001,Covered Warrants,,OTC
CMSN2002,Chứng quyền CMSN2002,Covered Warrants,,OTC
CMSN2003,Chứng quyền CMSN2003,Covered Warrants,,OTC
CMSN2004,Chứng quyền CMSN2004,Covered Warrants,,OTC
CMSN2005,Chứng quyền CMSN2005,Covered Warrants,,OTC
CMSN2006,Chứng quyền CMSN2006,Covered Warrants,,OTC
CMSN2007,Chứng quyền CMSN2007,Covered Warrants,,OTC
CMSN2008,Chứng quyền CMSN2008,Covered Warrants,,OTC
CMSN2009,Chứng quyền CMSN2009,Covered Warrants,,OTC
CMSN2010,Chứng quyền CMSN2010,Covered Warrants,,OTC
CMSN2011,Chứng quyền CMSN2011,Covered Warrants,,OTC
CMSN2012,Chứng quyền CMSN2012,Covered Warrants,,OTC
CMSN2013,Chứng quyền CMSN2013,Covered Warrants,,OTC
CMSN2014,Chứng quyền CMSN2014,Covered Warrants,,OTC
CMSN2101,Chứng quyền CMSN2101,Covered Warrants,,HSX
CMSN2102,Chứng quyền CMSN2102,Covered Warrants,,HSX
CMSN2103,Chứng quyền CMSN2103,Covered Warrants,,HSX
CMSN2104,Chứng quyền CMSN2104,Covered Warrants,,HSX
CMSN2105,Chứng quyền CMSN2105,Covered Warrants,,HSX
CMSN2106,Chứng quyền CMSN2106,Covered Warrants,,HSX
CMSN2107,Chứng quyền CMSN2107,Covered Warrants,,HSX
CMSN2108,Chứng quyền CMSN2108,Covered Warrants,,HSX
CMSN2109,Chứng quyền CMSN2109,Covered Warrants,,HSX
CMSN2110,Chứng quyền CMSN2110,Covered Warrants,,HSX
CMSN2111,Chứng quyền CMSN2111,Covered Warrants,,HSX
CMSN2201,Chứng quyền CMSN2201,Covered Warrants,,HSX
CMSN2202,Chứng quyền CMSN2202,Covered Warrants,,HSX
CMSN2203,Chứng quyền CMSN2203,Covered Warrants,,HSX
CMSN2204,Chứng quyền CMSN2204,Covered Warrants,,HSX
CMSN2205,Chứng quyền CMSN2205,Covered Warrants,,HSX
CMSN2206,Chứng quyền CMSN2206,Covered Warrants,,HSX
CMSN2207,Chứng quyền CMSN2207,Covered Warrants,,HSX
CMSN2208,Chứng quyền CMSN2208,Covered Warrants,,HSX
CMSN2209,Chứng quyền CMSN2209,Covered Warrants,,HSX
CMSN2210,Chứng quyền CMSN2210,Covered Warrants,,HSX
CMSN2211,Chứng quyền CMSN2211,Covered Warrants,,HSX
CMSN2212,Chứng quyền CMSN2212,Covered Warrants,,HSX
CMSN2213,Chứng quyền CMSN2213,Covered Warrants,,HSX
CMSN2214,Chứng quyền CMSN2214,Covered Warrants,,HSX
CMSN2215,Chứng quyền CMSN2215,Covered Warrants,,HSX
CMSN2301,Chứng quyền CMSN2301,Covered Warrants,,HSX
CMSN2302,Chứng quyền CMSN2302,Covered Warrants,,HSX
CMSN2303,Chứng quyền CMSN2303,Covered Warrants,,HSX
CMSN2304,Chứng quyền CMSN2304,Covered Warrants,,HSX
CMSN2305,Chứng quyền CMSN2305,Covered Warrants,,HSX
CMSN2306,Chứng quyền CMSN2306,Covered Warrants,,HSX
CMSN2307,Chứng quyền CMSN2307,Covered Warrants,,HSX
CMSN2308,Chứng quyền CMSN2308,Covered Warrants,,HSX
CMSN2309,Chứng quyền CMSN2309,Covered Warrants,,HSX
CMSN2310,Chứng quyền CMSN2310,Covered Warrants,,HSX
CMSN2311,Chứng quyền CMSN2311,Covered Warrants,,HSX
CMSN2312,Chứng quyền CMSN2312,Covered Warrants,,HSX
CMSN2313,Chứng quyền CMSN2313,Covered Warrants,,HSX
CMSN2314,Chứng quyền CMSN2314,Covered Warrants,,HSX
CMSN2315,Chứng quyền CMSN2315,Covered Warrants,,HSX
CMSN2316,Chứng quyền CMSN2316,Covered Warrants,,HSX
CMSN2317,Chứng quyền CMSN2317,Covered Warrants,,HSX
CMSN2401,Chứng quyền CMSN2401,Covered Warrants,,HSX
CMSN2402,Chứng quyền CMSN2402,Covered Warrants,,HSX
CMSN2403,Chứng quyền CMSN2403,Covered Warrants,,HSX
CMSN2404,Chứng quyền CMSN2404,Covered Warrants,,HSX
CMSN2405,Chứng quyền CMSN2405,Covered Warrants,,HSX
CMSN2406,Chứng quyền CMSN2406,Covered Warrants,,HSX
CMSN2407,Chứng quyền CMSN2407,Covered Warrants,,HSX
CMSN2408,Chứng quyền CMSN2408,Covered Warrants,,HSX
CMSN2501,Chứng quyền CMSN2501,Covered Warrants,,HSX
CMSN2502,Chứng quyền CMSN2502,Covered Warrants,,HSX
CMSN2503,Chứng quyền CMSN2503,Covered Warrants,,HSX
CMSN2504,Chứng quyền CMSN2504,Covered Warrants,,HSX
CMSN2505,Chứng quyền CMSN2505,Covered Warrants,,HSX
CMSN2506,Chứng quyền CMSN2506,Covered Warrants,,HSX
CMSN2507,Chứng quyền CMSN2507,Covered Warrants,,HSX
CMSN2508,Chứng quyền CMSN2508,Covered Warrants,,HSX
CMSN2509,Chứng quyền CMSN2509,Covered Warrants,,HSX
CMSN2510,Chứng quyền CMSN2510,Covered Warrants,,HSX
CMSN2511,Chứng quyền CMSN2511,Covered Warrants,,HSX
CMSN2512,Chứng quyền CMSN2512,Covered Warrants,,HSX
CMSN2513,Chứng quyền CMSN2513,Covered Warrants,,HSX
CMSN2514,Chứng quyền CMSN2514,Covered Warrants,,HSX
CMSN2515,Chứng quyền CMSN2515,Covered Warrants,,HSX
CMSN2516,Chứng quyền CMSN2516,Covered Warrants,,HSX
CMSN2517,Chứng quyền CMSN2517,Covered Warrants,,HSX
CMSN2518,Chứng quyền CMSN2518,Covered Warrants,,HSX
CMSN2519,Chứng quyền CMSN2519,Covered Warrants,,HSX
CMSN2520,Chứng quyền CMSN2520,Covered Warrants,,HSX
CMSN2521,Chứng quyền CMSN2521,Covered Warrants,,HSX
CMSN2522,Chứng quyền CMSN2522,Covered Warrants,,HSX
CMSN2523,Chứng quyền CMSN2523,Covered Warrants,,HSX
CMSN2601,Chứng quyền CMSN2601,Covered Warrants,,HSX
CMSN2602,Chứng quyền CMSN2602,Covered Warrants,,HSX
CMSN2603,Chứng quyền CMSN2603,Covered Warrants,,HSX
CMSN2604,Chứng quyền CMSN2604,Covered Warrants,,HSX
CMSN2605,Chứng quyền CMSN2605,Covered Warrants,,HSX
CMSN2606,Chứng quyền CMSN2606,Covered Warrants,,HSX
CMWG1901,Chứng quyền CMWG1901,Covered Warrants,,OTC
CMWG1902,Chứng quyền CMWG1902,Covered Warrants,,OTC
CMWG1903,Chứng quyền CMWG1903,Covered Warrants,,OTC
CMWG1904,Chứng quyền CMWG1904,Covered Warrants,,OTC
CMWG1905,Chứng quyền CMWG1905,Covered Warrants,,OTC
CMWG1906,Chứng quyền CMWG1906,Covered Warrants,,OTC
CMWG1907,Chứng quyền CMWG1907,Covered Warrants,,OTC
CMWG2001,Chứng quyền CMWG2001,Covered Warrants,,OTC
CMWG2002,Chứng quyền CMWG2002,Covered Warrants,,OTC
CMWG2003,Chứng quyền CMWG2003,Covered Warrants,,OTC
CMWG2004,Chứng quyền CMWG2004,Covered Warrants,,OTC
CMWG2005,Chứng quyền CMWG2005,Covered Warrants,,OTC
CMWG2006,Chứng quyền CMWG2006,Covered Warrants,,OTC
CMWG2007,Chứng quyền CMWG2007,Covered Warrants,,OTC
CMWG2008,Chứng quyền CMWG2008,Covered Warrants,,OTC
CMWG2009,Chứng quyền CMWG2009,Covered Warrants,,OTC
CMWG2010,Chứng quyền CMWG2010,Covered Warrants,,OTC
CMWG2011,Chứng quyền CMWG2011,Covered Warrants,,OTC
CMWG2012,Chứng quyền CMWG2012,Covered Warrants,,OTC
CMWG2013,Chứng quyền CMWG2013,Covered Warrants,,OTC
CMWG2014,Chứng quyền CMWG2014,Covered Warrants,,OTC
CMWG2015,Chứng quyền CMWG2015,Covered Warrants,,OTC
CMWG2016,Chứng quyền CMWG2016,Covered Warrants,,OTC
CMWG2017,Chứng quyền CMWG2017,Covered Warrants,,OTC
CMWG2101,Chứng quyền CMWG2101,Covered Warrants,,OTC
CMWG2102,Chứng quyền CMWG2102,Covered Warrants,,OTC
CMWG2103,Chứng quyền CMWG2103,Covered Warrants,,OTC
CMWG2104,Chứng quyền CMWG2104,Covered Warrants,,HSX
CMWG2105,Chứng quyền CMWG2105,Covered Warrants,,HSX
CMWG2106,Chứng quyền CMWG2106,Covered Warrants,,HSX
CMWG2107,Chứng quyền CMWG2107,Covered Warrants,,HSX
CMWG2108,Chứng quyền CMWG2108,Covered Warrants,,HSX
CMWG2109,Chứng quyền CMWG2109,Covered Warrants,,HSX
CMWG2110,Chứng quyền CMWG2110,Covered Warrants,,HSX
CMWG2111,Chứng quyền CMWG2111,Covered Warrants,,HSX
CMWG2112,Chứng quyền CMWG2112,Covered Warrants,,HSX
CMWG2113,Chứng quyền CMWG2113,Covered Warrants,,HSX
CMWG2114,Chứng quyền CMWG2114,Covered Warrants,,HSX
CMWG2201,Chứng quyền CMWG2201,Covered Warrants,,HSX
CMWG2202,Chứng quyền CMWG2202,Covered Warrants,,HSX
CMWG2203,Chứng quyền CMWG2203,Covered Warrants,,HSX
CMWG2204,Chứng quyền CMWG2204,Covered Warrants,,HSX
CMWG2205,Chứng quyền CMWG2205,Covered Warrants,,HSX
CMWG2206,Chứng quyền CMWG2206,Covered Warrants,,HSX
CMWG2207,Chứng quyền CMWG2207,Covered Warrants,,HSX
CMWG2208,Chứng quyền CMWG2208,Covered Warrants,,HSX
CMWG2209,Chứng quyền CMWG2209,Covered Warrants,,HSX
CMWG2210,Chứng quyền CMWG2210,Covered Warrants,,HSX
CMWG2211,Chứng quyền CMWG2211,Covered Warrants,,HSX
CMWG2212,Chứng quyền CMWG2212,Covered Warrants,,HSX
CMWG2213,Chứng quyền CMWG2213,Covered Warrants,,HSX
CMWG2214,Chứng quyền CMWG2214,Covered Warrants,,HSX
CMWG2215,Chứng quyền CMWG2215,Covered Warrants,,HSX
CMWG2301,Chứng quyền CMWG2301,Covered Warrants,,HSX
CMWG2302,Chứng quyền CMWG2302,Covered Warrants,,HSX
CMWG2303,Chứng quyền CMWG2303,Covered Warrants,,HSX
CMWG2304,Chứng quyền CMWG2304,Covered Warrants,,HSX
CMWG2305,Chứng quyền CMWG2305,Covered Warrants,,HSX
CMWG2306,Chứng quyền CMWG2306,Covered Warrants,,HSX
CMWG2307,Chứng quyền CMWG2307,Covered Warrants,,HSX
CMWG2308,Chứng quyền CMWG2308,Covered Warrants,,HSX
CMWG2309,Chứng quyền CMWG2309,Covered Warrants,,HSX
CMWG2310,Chứng quyền CMWG2310,Covered Warrants,,HSX
CMWG2311,Chứng quyền CMWG2311,Covered Warrants,,HSX
CMWG2312,Chứng quyền CMWG2312,Covered Warrants,,HSX
CMWG2313,Chứng quyền CMWG2313,Covered Warrants,,HSX
CMWG2314,Chứng quyền CMWG2314,Covered Warrants,,HSX
CMWG2315,Chứng quyền CMWG2315,Covered Warrants,,HSX
CMWG2316,Chứng quyền CMWG2316,Covered Warrants,,HSX
CMWG2317,Chứng quyền CMWG2317,Covered Warrants,,HSX
CMWG2318,Chứng quyền CMWG2318,Covered Warrants,,HSX
CMWG2401,Chứng quyền CMWG2401,Covered Warrants,,HSX
CMWG2402,Chứng quyền CMWG2402,Covered Warrants,,HSX
CMWG2403,Chứng quyền CMWG2403,Covered Warrants,,HSX
CMWG2404,Chứng quyền CMWG2404,Covered Warrants,,HSX
CMWG2405,Chứng quyền CMWG2405,Covered Warrants,,HSX
CMWG2406,Chứng quyền CMWG2406,Covered Warrants,,HSX
CMWG2407,Chứng quyền CMWG2407,Covered Warrants,,HSX
CMWG2408,Chứng quyền CMWG2408,Covered Warrants,,HSX
CMWG2409,Chứng quyền CMWG2409,Covered Warrants,,HSX
CMWG2410,Chứng quyền CMWG2410,Covered Warrants,,HSX
CMWG2501,Chứng quyền CMWG2501,Covered Warrants,,HSX
CMWG2502,Chứng quyền CMWG2502,Covered Warrants,,HSX
CMWG2503,Chứng quyền CMWG2503,Covered Warrants,,HSX
CMWG2504,Chứng quyền CMWG2504,Covered Warrants,,HSX
CMWG2505,Chứng quyền CMWG2505,Covered Warrants,,HSX
CMWG2506,Chứng quyền CMWG2506,Covered Warrants,,HSX
CMWG2507,Chứng quyền CMWG2507,Covered Warrants,,HSX
CMWG2508,Chứng quyền CMWG2508,Covered Warrants,,HSX
CMWG2509,Chứng quyền CMWG2509,Covered Warrants,,HSX
CMWG2510,Chứng quyền CMWG2510,Covered Warrants,,HSX
CMWG2511,Chứng quyền CMWG2511,Covered Warrants,,HSX
CMWG2512,Chứng quyền CMWG2512,Covered Warrants,,HSX
CMWG2513,Chứng quyền CMWG2513,Covered Warrants,,HSX
CMWG2514,Chứng quyền CMWG2514,Covered Warrants,,HSX
CMWG2515,Chứng quyền CMWG2515,Covered Warrants,,HSX
CMWG2516,Chứng quyền CMWG2516,Covered Warrants,,HSX
CMWG2517,Chứng quyền CMWG2517,Covered Warrants,,HSX
CMWG2518,Chứng quyền CMWG2518,Covered Warrants,,HSX
CMWG2519,Chứng quyền CMWG2519,Covered Warrants,,HSX
CMWG2520,Chứng quyền CMWG2520,Covered Warrants,,HSX
CMWG2521,Chứng quyền CMWG2521,Covered Warrants,,HSX
CMWG2522,Chứng quyền CMWG2522,Covered Warrants,,HSX
CMWG2523,Chứng quyền CMWG2523,Covered Warrants,,HSX
CMWG2524,Chứng quyền CMWG2524,Covered Warrants,,HSX
CMWG2525,Chứng quyền CMWG2525,Covered Warrants,,HSX
CMWG2526,Chứng quyền CMWG2526,Covered Warrants,,HSX
CMWG2527,Chứng quyền CMWG2527,Covered Warrants,,HSX
CMWG2528,Chứng quyền CMWG2528,Covered Warrants,,HSX
CMWG2601,Chứng quyền CMWG2601,Covered Warrants,,HSX
CMWG2602,Chứng quyền CMWG2602,Covered Warrants,,HSX
CMWG2603,Chứng quyền CMWG2603,Covered Warrants,,HSX
CMWG2604,Chứng quyền CMWG2604,Covered Warrants,,HSX
CMWG2605,Chứng quyền CMWG2605,Covered Warrants,,HSX
CMWG2606,Chứng quyền CMWG2606,Covered Warrants,,HSX
CMWG2607,Chứng quyền CMWG2607,Covered Warrants,,HSX
CMWG2608,Chứng quyền CMWG2608,Covered Warrants,,HSX
CMWG2609,Chứng quyền CMWG2609,Covered Warrants,,HSX
CMWG2610,Chứng quyền CMWG2610,Covered Warrants,,HSX
CNVL1901,Chứng quyền CNVL1901,Covered Warrants,,OTC
CNVL2001,Chứng quyền CNVL2001,Covered Warrants,,OTC
CNVL2002,Chứng quyền CNVL2002,Covered Warrants,,OTC
CNVL2003,Chứng quyền CNVL2003,Covered Warrants,,OTC
CNVL2101,Chứng quyền CNVL2101,Covered Warrants,,HSX
CNVL2102,Chứng quyền CNVL2102,Covered Warrants,,HSX
CNVL2103,Chứng quyền CNVL2103,Covered Warrants,,HSX
CNVL2104,Chứng quyền CNVL2104,Covered Warrants,,HSX
CNVL2201,Chứng quyền CNVL2201,Covered Warrants,,HSX
CNVL2202,Chứng quyền CNVL2202,Covered Warrants,,HSX
CNVL2203,Chứng quyền CNVL2203,Covered Warrants,,HSX
CNVL2204,Chứng quyền CNVL2204,Covered Warrants,,HSX
CNVL2205,Chứng quyền CNVL2205,Covered Warrants,,HSX
CNVL2206,Chứng quyền CNVL2206,Covered Warrants,,HSX
CNVL2207,Chứng quyền CNVL2207,Covered Warrants,,HSX
CNVL2208,Chứng quyền CNVL2208,Covered Warrants,,HSX
CNVL2209,Chứng quyền CNVL2209,Covered Warrants,,HSX
CNVL2210,Chứng quyền CNVL2210,Covered Warrants,,HSX
CNVL2301,Chứng quyền CNVL2301,Covered Warrants,,HSX
CNVL2302,Chứng quyền CNVL2302,Covered Warrants,,HSX
CNVL2303,Chứng quyền CNVL2303,Covered Warrants,,HSX
CNVL2304,Chứng quyền CNVL2304,Covered Warrants,,HSX
CNVL2305,Chứng quyền CNVL2305,Covered Warrants,,HSX
CPDR2101,Chứng quyền CPDR2101,Covered Warrants,,HSX
CPDR2102,Chứng quyền CPDR2102,Covered Warrants,,HSX
CPDR2103,Chứng quyền CPDR2103,Covered Warrants,,HSX
CPDR2201,Chứng quyền CPDR2201,Covered Warrants,,HSX
CPDR2202,Chứng quyền CPDR2202,Covered Warrants,,HSX
CPDR2203,Chứng quyền CPDR2203,Covered Warrants,,HSX
CPDR2204,Chứng quyền CPDR2204,Covered Warrants,,HSX
CPDR2205,Chứng quyền CPDR2205,Covered Warrants,,HSX
CPDR2206,Chứng quyền CPDR2206,Covered Warrants,,HSX
CPDR2301,Chứng quyền CPDR2301,Covered Warrants,,HSX
CPDR2302,Chứng quyền CPDR2302,Covered Warrants,,HSX
CPDR2303,Chứng quyền CPDR2303,Covered Warrants,,HSX
CPDR2304,Chứng quyền CPDR2304,Covered Warrants,,HSX
CPDR2305,Chứng quyền CPDR2305,Covered Warrants,,HSX
CPNJ1901,Chứng quyền CPNJ1901,Covered Warrants,,OTC
CPNJ1902,Chứng quyền CPNJ1902,Covered Warrants,,OTC
CPNJ2001,Chứng quyền CPNJ2001,Covered Warrants,,OTC
CPNJ2002,Chứng quyền CPNJ2002,Covered Warrants,,OTC
CPNJ2003,Chứng quyền CPNJ2003,Covered Warrants,,OTC
CPNJ2004,Chứng quyền CPNJ2004,Covered Warrants,,OTC
CPNJ2005,Chứng quyền CPNJ2005,Covered Warrants,,OTC
CPNJ2006,Chứng quyền CPNJ2006,Covered Warrants,,OTC
CPNJ2007,Chứng quyền CPNJ2007,Covered Warrants,,OTC
CPNJ2008,Chứng quyền CPNJ2008,Covered Warrants,,OTC
CPNJ2009,Chứng quyền CPNJ2009,Covered Warrants,,OTC
CPNJ2010,Chứng quyền CPNJ2010,Covered Warrants,,OTC
CPNJ2101,Chứng quyền CPNJ2101,Covered Warrants,,OTC
CPNJ2102,Chứng quyền CPNJ2102,Covered Warrants,,OTC
CPNJ2103,Chứng quyền CPNJ2103,Covered Warrants,,OTC
CPNJ2104,Chứng quyền CPNJ2104,Covered Warrants,,HSX
CPNJ2105,Chứng quyền CPNJ2105,Covered Warrants,,HSX
CPNJ2106,Chứng quyền CPNJ2106,Covered Warrants,,HSX
CPNJ2107,Chứng quyền CPNJ2107,Covered Warrants,,HSX
CPNJ2108,Chứng quyền CPNJ2108,Covered Warrants,,HSX
CPNJ2109,Chứng quyền CPNJ2109,Covered Warrants,,HSX
CPNJ2110,Chứng quyền CPNJ2110,Covered Warrants,,HSX
CPNJ2201,Chứng quyền CPNJ2201,Covered Warrants,,HSX
CPNJ2202,Chứng quyền CPNJ2202,Covered Warrants,,HSX
CPNJ2203,Chứng quyền CPNJ2203,Covered Warrants,,HSX
CPNJ2204,Chứng quyền CPNJ2204,Covered Warrants,,HSX
CPNJ2205,Chứng quyền CPNJ2205,Covered Warrants,,HSX
CPOW2201,Chứng quyền CPOW2201,Covered Warrants,,HSX
CPOW2202,Chứng quyền CPOW2202,Covered Warrants,,HSX
CPOW2203,Chứng quyền CPOW2203,Covered Warrants,,HSX
CPOW2204,Chứng quyền CPOW2204,Covered Warrants,,HSX
CPOW2205,Chứng quyền CPOW2205,Covered Warrants,,HSX
CPOW2206,Chứng quyền CPOW2206,Covered Warrants,,HSX
CPOW2207,Chứng quyền CPOW2207,Covered Warrants,,HSX
CPOW2208,Chứng quyền CPOW2208,Covered Warrants,,HSX
CPOW2209,Chứng quyền CPOW2209,Covered Warrants,,HSX
CPOW2210,Chứng quyền CPOW2210,Covered Warrants,,HSX
CPOW2301,Chứng quyền CPOW2301,Covered Warrants,,HSX
CPOW2302,Chứng quyền CPOW2302,Covered Warrants,,HSX
CPOW2303,Chứng quyền CPOW2303,Covered Warrants,,HSX
CPOW2304,Chứng quyền CPOW2304,Covered Warrants,,HSX
CPOW2305,Chứng quyền CPOW2305,Covered Warrants,,HSX
CPOW2306,Chứng quyền CPOW2306,Covered Warrants,,HSX
CPOW2307,Chứng quyền CPOW2307,Covered Warrants,,HSX
CPOW2308,Chứng quyền CPOW2308,Covered Warrants,,HSX
CPOW2309,Chứng quyền CPOW2309,Covered Warrants,,HSX
CPOW2310,Chứng quyền CPOW2310,Covered Warrants,,HSX
CPOW2311,Chứng quyền CPOW2311,Covered Warrants,,HSX
CPOW2312,Chứng quyền CPOW2312,Covered Warrants,,HSX
CPOW2313,Chứng quyền CPOW2313,Covered Warrants,,HSX
CPOW2314,Chứng quyền CPOW2314,Covered Warrants,,HSX
CPOW2315,Chứng quyền CPOW2315,Covered Warrants,,HSX
CREE1901,Chứng quyền CREE1901,Covered Warrants,,OTC
CREE1902,Chứng quyền CREE1902,Covered Warrants,,OTC
CREE1903,Chứng quyền CREE1903,Covered Warrants,,OTC
CREE1904,Chứng quyền CREE1904,Covered Warrants,,OTC
CREE1905,Chứng quyền CREE1905,Covered Warrants,,OTC
CREE2001,Chứng quyền CREE2001,Covered Warrants,,OTC
CREE2002,Chứng quyền CREE2002,Covered Warrants,,OTC
CREE2003,Chứng quyền CREE2003,Covered Warrants,,OTC
CREE2004,Chứng quyền CREE2004,Covered Warrants,,OTC
CREE2005,Chứng quyền CREE2005,Covered Warrants,,OTC
CREE2006,Chứng quyền CREE2006,Covered Warrants,,OTC
CREE2101,Chứng quyền CREE2101,Covered Warrants,,OTC
CROS2001,Chứng quyền CROS2001,Covered Warrants,,OTC
CROS2002,Chứng quyền CROS2002,Covered Warrants,,OTC
CSBT1901,Chứng quyền CSBT1901,Covered Warrants,,OTC
CSBT2001,Chứng quyền CSBT2001,Covered Warrants,,OTC
CSBT2007,Chứng quyền CSBT2007,Covered Warrants,,OTC
CSBT2101,Chứng quyền CSBT2101,Covered Warrants,,HSX
CSHB2301,Chứng quyền CSHB2301,Covered Warrants,,HSX
CSHB2302,Chứng quyền CSHB2302,Covered Warrants,,HSX
CSHB2303,Chứng quyền CSHB2303,Covered Warrants,,HSX
CSHB2304,Chứng quyền CSHB2304,Covered Warrants,,HSX
CSHB2305,Chứng quyền CSHB2305,Covered Warrants,,HSX
CSHB2306,Chứng quyền CSHB2306,Covered Warrants,,HSX
CSHB2401,Chứng quyền CSHB2401,Covered Warrants,,HSX
CSHB2402,Chứng quyền CSHB2402,Covered Warrants,,HSX
CSHB2403,Chứng quyền CSHB2403,Covered Warrants,,HSX
CSHB2501,Chứng quyền CSHB2501,Covered Warrants,,HSX
CSHB2502,Chứng quyền CSHB2502,Covered Warrants,,HSX
CSHB2503,Chứng quyền CSHB2503,Covered Warrants,,HSX
CSHB2504,Chứng quyền CSHB2504,Covered Warrants,,HSX
CSHB2505,Chứng quyền CSHB2505,Covered Warrants,,HSX
CSHB2506,Chứng quyền CSHB2506,Covered Warrants,,HSX
CSHB2507,Chứng quyền CSHB2507,Covered Warrants,,HSX
CSHB2508,Chứng quyền CSHB2508,Covered Warrants,,HSX
CSHB2509,Chứng quyền CSHB2509,Covered Warrants,,HSX
CSHB2510,Chứng quyền CSHB2510,Covered Warrants,,HSX
CSHB2511,Chứng quyền CSHB2511,Covered Warrants,,HSX
CSHB2512,Chứng quyền CSHB2512,Covered Warrants,,HSX
CSHB2513,Chứng quyền CSHB2513,Covered Warrants,,HSX
CSHB2514,Chứng quyền CSHB2514,Covered Warrants,,HSX
CSHB2515,Chứng quyền CSHB2515,Covered Warrants,,HSX
CSHB2601,Chứng quyền CSHB2601,Covered Warrants,,HSX
CSHB2602,Chứng quyền CSHB2602,Covered Warrants,,HSX
CSHB2603,Chứng quyền CSHB2603,Covered Warrants,,HSX
CSSB2401,Chứng quyền CSSB2401,Covered Warrants,,HSX
CSSB2501,Chứng quyền CSSB2501,Covered Warrants,,HSX
CSSB2502,Chứng quyền CSSB2502,Covered Warrants,,HSX
CSSB2503,Chứng quyền CSSB2503,Covered Warrants,,HSX
CSSB2504,Chứng quyền CSSB2504,Covered Warrants,,HSX
CSSB2505,Chứng quyền CSSB2505,Covered Warrants,,HSX
CSSB2506,Chứng quyền CSSB2506,Covered Warrants,,HSX
CSSB2507,Chứng quyền CSSB2507,Covered Warrants,,HSX
CSSB2508,Chứng quyền CSSB2508,Covered Warrants,,HSX
CSSB2509,Chứng quyền CSSB2509,Covered Warrants,,HSX
CSTB1901,Chứng quyền CSTB1901,Covered Warrants,,OTC
CSTB2001,Chứng quyền CSTB2001,Covered Warrants,,OTC
CSTB2002,Chứng quyền CSTB2002,Covered Warrants,,OTC
CSTB2003,Chứng quyền CSTB2003,Covered Warrants,,OTC
CSTB2004,Chứng quyền CSTB2004,Covered Warrants,,OTC
CSTB2005,Chứng quyền CSTB2005,Covered Warrants,,OTC
CSTB2006,Chứng quyền CSTB2006,Covered Warrants,,OTC
CSTB2007,Chứng quyền CSTB2007,Covered Warrants,,OTC
CSTB2008,Chứng quyền CSTB2008,Covered Warrants,,OTC
CSTB2009,Chứng quyền CSTB2009,Covered Warrants,,OTC
CSTB2010,Chứng quyền CSTB2010,Covered Warrants,,OTC
CSTB2011,Chứng quyền CSTB2011,Covered Warrants,,OTC
CSTB2012,Chứng quyền CSTB2012,Covered Warrants,,OTC
CSTB2013,Chứng quyền CSTB2013,Covered Warrants,,OTC
CSTB2014,Chứng quyền CSTB2014,Covered Warrants,,OTC
CSTB2015,Chứng quyền CSTB2015,Covered Warrants,,OTC
CSTB2016,Chứng quyền CSTB2016,Covered Warrants,,OTC
CSTB2017,Chứng quyền CSTB2017,Covered Warrants,,OTC
CSTB2101,Chứng quyền CSTB2101,Covered Warrants,,HSX
CSTB2102,Chứng quyền CSTB2102,Covered Warrants,,OTC
CSTB2103,Chứng quyền CSTB2103,Covered Warrants,,HSX
CSTB2104,Chứng quyền CSTB2104,Covered Warrants,,HSX
CSTB2105,Chứng quyền CSTB2105,Covered Warrants,,HSX
CSTB2106,Chứng quyền CSTB2106,Covered Warrants,,HSX
CSTB2107,Chứng quyền CSTB2107,Covered Warrants,,HSX
CSTB2108,Chứng quyền CSTB2108,Covered Warrants,,HSX
CSTB2109,Chứng quyền CSTB2109,Covered Warrants,,HSX
CSTB2110,Chứng quyền CSTB2110,Covered Warrants,,HSX
CSTB2111,Chứng quyền CSTB2111,Covered Warrants,,HSX
CSTB2112,Chứng quyền CSTB2112,Covered Warrants,,HSX
CSTB2201,Chứng quyền CSTB2201,Covered Warrants,,HSX
CSTB2202,Chứng quyền CSTB2202,Covered Warrants,,HSX
CSTB2203,Chứng quyền CSTB2203,Covered Warrants,,HSX
CSTB2205,Chứng quyền CSTB2205,Covered Warrants,,HSX
CSTB2206,Chứng quyền CSTB2206,Covered Warrants,,HSX
CSTB2207,Chứng quyền CSTB2207,Covered Warrants,,HSX
CSTB2208,Chứng quyền CSTB2208,Covered Warrants,,HSX
CSTB2209,Chứng quyền CSTB2209,Covered Warrants,,HSX
CSTB2210,Chứng quyền CSTB2210,Covered Warrants,,HSX
CSTB2211,Chứng quyền CSTB2211,Covered Warrants,,HSX
CSTB2212,Chứng quyền CSTB2212,Covered Warrants,,HSX
CSTB2213,Chứng quyền CSTB2213,Covered Warrants,,HSX
CSTB2214,Chứng quyền CSTB2214,Covered Warrants,,HSX
CSTB2215,Chứng quyền CSTB2215,Covered Warrants,,HSX
CSTB2216,Chứng quyền CSTB2216,Covered Warrants,,HSX
CSTB2217,Chứng quyền CSTB2217,Covered Warrants,,HSX
CSTB2218,Chứng quyền CSTB2218,Covered Warrants,,HSX
CSTB2220,Chứng quyền CSTB2220,Covered Warrants,,HSX
CSTB2222,Chứng quyền CSTB2222,Covered Warrants,,HSX
CSTB2223,Chứng quyền CSTB2223,Covered Warrants,,HSX
CSTB2224,Chứng quyền CSTB2224,Covered Warrants,,HSX
CSTB2225,Chứng quyền CSTB2225,Covered Warrants,,HSX
CSTB2301,Chứng quyền CSTB2301,Covered Warrants,,HSX
CSTB2302,Chứng quyền CSTB2302,Covered Warrants,,HSX
CSTB2303,Chứng quyền CSTB2303,Covered Warrants,,HSX
CSTB2304,Chứng quyền CSTB2304,Covered Warrants,,HSX
CSTB2305,Chứng quyền CSTB2305,Covered Warrants,,HSX
CSTB2306,Chứng quyền CSTB2306,Covered Warrants,,HSX
CSTB2307,Chứng quyền CSTB2307,Covered Warrants,,HSX
CSTB2308,Chứng quyền CSTB2308,Covered Warrants,,HSX
CSTB2309,Chứng quyền CSTB2309,Covered Warrants,,HSX
CSTB2310,Chứng quyền CSTB2310,Covered Warrants,,HSX
CSTB2311,Chứng quyền CSTB2311,Covered Warrants,,HSX
CSTB2312,Chứng quyền CSTB2312,Covered Warrants,,HSX
CSTB2313,Chứng quyền CSTB2313,Covered Warrants,,HSX
CSTB2314,Chứng quyền CSTB2314,Covered Warrants,,HSX
CSTB2315,Chứng quyền CSTB2315,Covered Warrants,,HSX
CSTB2316,Chứng quyền CSTB2316,Covered Warrants,,HSX
CSTB2317,Chứng quyền CSTB2317,Covered Warrants,,HSX
CSTB2318,Chứng quyền CSTB2318,Covered Warrants,,HSX
CSTB2319,Chứng quyền CSTB2319,Covered Warrants,,HSX
CSTB2320,Chứng quyền CSTB2320,Covered Warrants,,HSX
CSTB2321,Chứng quyền CSTB2321,Covered Warrants,,HSX
CSTB2322,Chứng quyền CSTB2322,Covered Warrants,,HSX
CSTB2323,Chứng quyền CSTB2323,Covered Warrants,,HSX
CSTB2324,Chứng quyền CSTB2324,Covered Warrants,,HSX
CSTB2325,Chứng quyền CSTB2325,Covered Warrants,,HSX
CSTB2326,Chứng quyền CSTB2326,Covered Warrants,,HSX
CSTB2327,Chứng quyền CSTB2327,Covered Warrants,,HSX
CSTB2328,Chứng quyền CSTB2328,Covered Warrants,,HSX
CSTB2329,Chứng quyền CSTB2329,Covered Warrants,,HSX
CSTB2330,Chứng quyền CSTB2330,Covered Warrants,,HSX
CSTB2331,Chứng quyền CSTB2331,Covered Warrants,,HSX
CSTB2332,Chứng quyền CSTB2332,Covered Warrants,,HSX
CSTB2333,Chứng quyền CSTB2333,Covered Warrants,,HSX
CSTB2334,Chứng quyền CSTB2334,Covered Warrants,,HSX
CSTB2335,Chứng quyền CSTB2335,Covered Warrants,,HSX
CSTB2336,Chứng quyền CSTB2336,Covered Warrants,,HSX
CSTB2337,Chứng quyền CSTB2337,Covered Warrants,,HSX
CSTB2338,Chứng quyền CSTB2338,Covered Warrants,,HSX
CSTB2401,Chứng quyền CSTB2401,Covered Warrants,,HSX
CSTB2402,Chứng quyền CSTB2402,Covered Warrants,,HSX
CSTB2403,Chứng quyền CSTB2403,Covered Warrants,,HSX
CSTB2404,Chứng quyền CSTB2404,Covered Warrants,,HSX
CSTB2405,Chứng quyền CSTB2405,Covered Warrants,,HSX
CSTB2406,Chứng quyền CSTB2406,Covered Warrants,,HSX
CSTB2407,Chứng quyền CSTB2407,Covered Warrants,,HSX
CSTB2408,Chứng quyền CSTB2408,Covered Warrants,,HSX
CSTB2409,Chứng quyền CSTB2409,Covered Warrants,,HSX
CSTB2410,Chứng quyền CSTB2410,Covered Warrants,,HSX
CSTB2411,Chứng quyền CSTB2411,Covered Warrants,,HSX
CSTB2412,Chứng quyền CSTB2412,Covered Warrants,,HSX
CSTB2413,Chứng quyền CSTB2413,Covered Warrants,,HSX
CSTB2501,Chứng quyền CSTB2501,Covered Warrants,,HSX
CSTB2502,Chứng quyền CSTB2502,Covered Warrants,,HSX
CSTB2503,Chứng quyền CSTB2503,Covered Warrants,,HSX
CSTB2504,Chứng quyền CSTB2504,Covered Warrants,,HSX
CSTB2505,Chứng quyền CSTB2505,Covered Warrants,,HSX
CSTB2506,Chứng quyền CSTB2506,Covered Warrants,,HSX
CSTB2507,Chứng quyền CSTB2507,Covered Warrants,,HSX
CSTB2508,Chứng quyền CSTB2508,Covered Warrants,,HSX
CSTB2509,Chứng quyền CSTB2509,Covered Warrants,,HSX
CSTB2510,Chứng quyền CSTB2510,Covered Warrants,,HSX
CSTB2511,Chứng quyền CSTB2511,Covered Warrants,,HSX
CSTB2512,Chứng quyền CSTB2512,Covered Warrants,,HSX
CSTB2513,Chứng quyền CSTB2513,Covered Warrants,,HSX
CSTB2514,Chứng quyền CSTB2514,Covered Warrants,,HSX
CSTB2515,Chứng quyền CSTB2515,Covered Warrants,,HSX
CSTB2516,Chứng quyền CSTB2516,Covered Warrants,,HSX
CSTB2517,Chứng quyền CSTB2517,Covered Warrants,,HSX
CSTB2518,Chứng quyền CSTB2518,Covered Warrants,,HSX
CSTB2519,Chứng quyền CSTB2519,Covered Warrants,,HSX
CSTB2520,Chứng quyền CSTB2520,Covered Warrants,,HSX
CSTB2521,Chứng quyền CSTB2521,Covered Warrants,,HSX
CSTB2522,Chứng quyền CSTB2522,Covered Warrants,,HSX
CSTB2523,Chứng quyền CSTB2523,Covered Warrants,,HSX
CSTB2524,Chứng quyền CSTB2524,Covered Warrants,,HSX
CSTB2525,Chứng quyền CSTB2525,Covered Warrants,,HSX
CSTB2526,Chứng quyền CSTB2526,Covered Warrants,,HSX
CSTB2527,Chứng quyền CSTB2527,Covered Warrants,,HSX
CSTB2528,Chứng quyền CSTB2528,Covered Warrants,,HSX
CSTB2529,Chứng quyền CSTB2529,Covered Warrants,,HSX
CSTB2530,Chứng quyền CSTB2530,Covered Warrants,,HSX
CSTB2531,Chứng quyền CSTB2531,Covered Warrants,,HSX
CSTB2532,Chứng quyền CSTB2532,Covered Warrants,,HSX
CSTB2533,Chứng quyền CSTB2533,Covered Warrants,,HSX
CSTB2534,Chứng quyền CSTB2534,Covered Warrants,,HSX
CSTB2535,Chứng quyền CSTB2535,Covered Warrants,,HSX
CSTB2536,Chứng quyền CSTB2536,Covered Warrants,,HSX
CSTB2537,Chứng quyền CSTB2537,Covered Warrants,,HSX
CSTB2538,Chứng quyền CSTB2538,Covered Warrants,,HSX
CSTB2601,Chứng quyền CSTB2601,Covered Warrants,,HSX
CSTB2602,Chứng quyền CSTB2602,Covered Warrants,,HSX
CSTB2603,Chứng quyền CSTB2603,Covered Warrants,,HSX
CSTB2604,Chứng quyền CSTB2604,Covered Warrants,,HSX
CSTB2605,Chứng quyền CSTB2605,Covered Warrants,,HSX
CSTB2606,Chứng quyền CSTB2606,Covered Warrants,,HSX
CTCB1901,Chứng quyền CTCB1901,Covered Warrants,,OTC
CTCB1902,Chứng quyền CTCB1902,Covered Warrants,,OTC
CTCB2001,Chứng quyền CTCB2001,Covered Warrants,,OTC
CTCB2002,Chứng quyền CTCB2002,Covered Warrants,,OTC
CTCB2003,Chứng quyền CTCB2003,Covered Warrants,,OTC
CTCB2004,Chứng quyền CTCB2004,Covered Warrants,,OTC
CTCB2005,Chứng quyền CTCB2005,Covered Warrants,,OTC
CTCB2006,Chứng quyền CTCB2006,Covered Warrants,,OTC
CTCB2007,Chứng quyền CTCB2007,Covered Warrants,,OTC
CTCB2008,Chứng quyền CTCB2008,Covered Warrants,,OTC
CTCB2009,Chứng quyền CTCB2009,Covered Warrants,,OTC
CTCB2010,Chứng quyền CTCB2010,Covered Warrants,,OTC
CTCB2011,Chứng quyền CTCB2011,Covered Warrants,,OTC
CTCB2012,Chứng quyền CTCB2012,Covered Warrants,,OTC
CTCB2013,Chứng quyền CTCB2013,Covered Warrants,,OTC
CTCB2101,Chứng quyền CTCB2101,Covered Warrants,,HSX
CTCB2102,Chứng quyền CTCB2102,Covered Warrants,,OTC
CTCB2103,Chứng quyền CTCB2103,Covered Warrants,,OTC
CTCB2104,Chứng quyền CTCB2104,Covered Warrants,,HSX
CTCB2105,Chứng quyền CTCB2105,Covered Warrants,,HSX
CTCB2106,Chứng quyền CTCB2106,Covered Warrants,,HSX
CTCB2107,Chứng quyền CTCB2107,Covered Warrants,,HSX
CTCB2108,Chứng quyền CTCB2108,Covered Warrants,,HSX
CTCB2109,Chứng quyền CTCB2109,Covered Warrants,,HSX
CTCB2110,Chứng quyền CTCB2110,Covered Warrants,,HSX
CTCB2111,Chứng quyền CTCB2111,Covered Warrants,,HSX
CTCB2112,Chứng quyền CTCB2112,Covered Warrants,,HSX
CTCB2201,Chứng quyền CTCB2201,Covered Warrants,,HSX
CTCB2202,Chứng quyền CTCB2202,Covered Warrants,,HSX
CTCB2203,Chứng quyền CTCB2203,Covered Warrants,,HSX
CTCB2204,Chứng quyền CTCB2204,Covered Warrants,,HSX
CTCB2205,Chứng quyền CTCB2205,Covered Warrants,,HSX
CTCB2206,Chứng quyền CTCB2206,Covered Warrants,,HSX
CTCB2207,Chứng quyền CTCB2207,Covered Warrants,,HSX
CTCB2208,Chứng quyền CTCB2208,Covered Warrants,,HSX
CTCB2209,Chứng quyền CTCB2209,Covered Warrants,,HSX
CTCB2210,Chứng quyền CTCB2210,Covered Warrants,,HSX
CTCB2211,Chứng quyền CTCB2211,Covered Warrants,,HSX
CTCB2212,Chứng quyền CTCB2212,Covered Warrants,,HSX
CTCB2213,Chứng quyền CTCB2213,Covered Warrants,,HSX
CTCB2214,Chứng quyền CTCB2214,Covered Warrants,,HSX
CTCB2215,Chứng quyền CTCB2215,Covered Warrants,,HSX
CTCB2216,Chứng quyền CTCB2216,Covered Warrants,,HSX
CTCB2301,Chứng quyền CTCB2301,Covered Warrants,,HSX
CTCB2302,Chứng quyền CTCB2302,Covered Warrants,,HSX
CTCB2303,Chứng quyền CTCB2303,Covered Warrants,,HSX
CTCB2304,Chứng quyền CTCB2304,Covered Warrants,,HSX
CTCB2305,Chứng quyền CTCB2305,Covered Warrants,,HSX
CTCB2306,Chứng quyền CTCB2306,Covered Warrants,,HSX
CTCB2307,Chứng quyền CTCB2307,Covered Warrants,,HSX
CTCB2308,Chứng quyền CTCB2308,Covered Warrants,,HSX
CTCB2309,Chứng quyền CTCB2309,Covered Warrants,,HSX
CTCB2310,Chứng quyền CTCB2310,Covered Warrants,,HSX
CTCB2311,Chứng quyền CTCB2311,Covered Warrants,,HSX
CTCB2312,Chứng quyền CTCB2312,Covered Warrants,,HSX
CTCB2401,Chứng quyền CTCB2401,Covered Warrants,,HSX
CTCB2402,Chứng quyền CTCB2402,Covered Warrants,,HSX
CTCB2403,Chứng quyền CTCB2403,Covered Warrants,,HSX
CTCB2405,Chứng quyền CTCB2405,Covered Warrants,,HSX
CTCB2406,Chứng quyền CTCB2406,Covered Warrants,,HSX
CTCB2501,Chứng quyền CTCB2501,Covered Warrants,,HSX
CTCB2502,Chứng quyền CTCB2502,Covered Warrants,,HSX
CTCB2503,Chứng quyền CTCB2503,Covered Warrants,,HSX
CTCB2504,Chứng quyền CTCB2504,Covered Warrants,,HSX
CTCB2505,Chứng quyền CTCB2505,Covered Warrants,,HSX
CTCB2506,Chứng quyền CTCB2506,Covered Warrants,,HSX
CTCB2507,Chứng quyền CTCB2507,Covered Warrants,,HSX
CTCB2508,Chứng quyền CTCB2508,Covered Warrants,,HSX
CTCB2509,Chứng quyền CTCB2509,Covered Warrants,,HSX
CTCB2510,Chứng quyền CTCB2510,Covered Warrants,,HSX
CTCB2511,Chứng quyền CTCB2511,Covered Warrants,,HSX
CTCB2512,Chứng quyền CTCB2512,Covered Warrants,,HSX
CTCB2513,Chứng quyền CTCB2513,Covered Warrants,,HSX
CTCB2514,Chứng quyền CTCB2514,Covered Warrants,,HSX
CTCB2515,Chứng quyền CTCB2515,Covered Warrants,,HSX
CTCB2516,Chứng quyền CTCB2516,Covered Warrants,,HSX
CTCB2517,Chứng quyền CTCB2517,Covered Warrants,,HSX
CTCB2518,Chứng quyền CTCB2518,Covered Warrants,,HSX
CTCB2519,Chứng quyền CTCB2519,Covered Warrants,,HSX
CTCB2520,Chứng quyền CTCB2520,Covered Warrants,,HSX
CTCB2521,Chứng quyền CTCB2521,Covered Warrants,,HSX
CTCB2522,Chứng quyền CTCB2522,Covered Warrants,,HSX
CTCB2523,Chứng quyền CTCB2523,Covered Warrants,,HSX
CTCB2524,Chứng quyền CTCB2524,Covered Warrants,,HSX
CTCB2601,Chứng quyền CTCB2601,Covered Warrants,,HSX
CTCB2602,Chứng quyền CTCB2602,Covered Warrants,,HSX
CTCB2603,Chứng quyền CTCB2603,Covered Warrants,,HSX
CTCB2604,Chứng quyền CTCB2604,Covered Warrants,,HSX
CTCB2605,Chứng quyền CTCB2605,Covered Warrants,,HSX
CTCB2606,Chứng quyền CTCB2606,Covered Warrants,,HSX
CTCH2001,Chứng quyền CTCH2001,Covered Warrants,,OTC
CTCH2002,Chứng quyền CTCH2002,Covered Warrants,,OTC
CTCH2003,Chứng quyền CTCH2003,Covered Warrants,,OTC
CTCH2101,Chứng quyền CTCH2101,Covered Warrants,,HSX
CTCH2102,Chứng quyền CTCH2102,Covered Warrants,,HSX
CTCH2103,Chứng quyền CTCH2103,Covered Warrants,,HSX
CTPB2101,Chứng quyền CTPB2101,Covered Warrants,,HSX
CTPB2201,Chứng quyền CTPB2201,Covered Warrants,,HSX
CTPB2202,Chứng quyền CTPB2202,Covered Warrants,,HSX
CTPB2203,Chứng quyền CTPB2203,Covered Warrants,,HSX
CTPB2204,Chứng quyền CTPB2204,Covered Warrants,,HSX
CTPB2205,Chứng quyền CTPB2205,Covered Warrants,,HSX
CTPB2206,Chứng quyền CTPB2206,Covered Warrants,,HSX
CTPB2301,Chứng quyền CTPB2301,Covered Warrants,,HSX
CTPB2302,Chứng quyền CTPB2302,Covered Warrants,,HSX
CTPB2303,Chứng quyền CTPB2303,Covered Warrants,,HSX
CTPB2304,Chứng quyền CTPB2304,Covered Warrants,,HSX
CTPB2305,Chứng quyền CTPB2305,Covered Warrants,,HSX
CTPB2306,Chứng quyền CTPB2306,Covered Warrants,,HSX
CTPB2401,Chứng quyền CTPB2401,Covered Warrants,,HSX
CTPB2402,Chứng quyền CTPB2402,Covered Warrants,,HSX
CTPB2403,Chứng quyền CTPB2403,Covered Warrants,,HSX
CTPB2404,Chứng quyền CTPB2404,Covered Warrants,,HSX
CTPB2405,Chứng quyền CTPB2405,Covered Warrants,,HSX
CTPB2501,Chứng quyền CTPB2501,Covered Warrants,,HSX
CTPB2502,Chứng quyền CTPB2502,Covered Warrants,,HSX
CTPB2503,Chứng quyền CTPB2503,Covered Warrants,,HSX
CTPB2504,Chứng quyền CTPB2504,Covered Warrants,,HSX
CTPB2505,Chứng quyền CTPB2505,Covered Warrants,,HSX
CTPB2506,Chứng quyền CTPB2506,Covered Warrants,,HSX
CTPB2507,Chứng quyền CTPB2507,Covered Warrants,,HSX
CTPB2508,Chứng quyền CTPB2508,Covered Warrants,,HSX
CTPB2509,Chứng quyền CTPB2509,Covered Warrants,,HSX
CTPB2510,Chứng quyền CTPB2510,Covered Warrants,,HSX
CTPB2511,Chứng quyền CTPB2511,Covered Warrants,,HSX
CTPB2601,Chứng quyền CTPB2601,Covered Warrants,,HSX
CTPB2602,Chứng quyền CTPB2602,Covered Warrants,,HSX
CTPB2603,Chứng quyền CTPB2603,Covered Warrants,,HSX
CVHM1901,Chứng quyền CVHM1901,Covered Warrants,,OTC
CVHM1902,Chứng quyền CVHM1902,Covered Warrants,,OTC
CVHM1903,Chứng quyền CVHM1903,Covered Warrants,,OTC
CVHM2001,Chứng quyền CVHM2001,Covered Warrants,,OTC
CVHM2002,Chứng quyền CVHM2002,Covered Warrants,,OTC
CVHM2003,Chứng quyền CVHM2003,Covered Warrants,,OTC
CVHM2004,Chứng quyền CVHM2004,Covered Warrants,,OTC
CVHM2005,Chứng quyền CVHM2005,Covered Warrants,,OTC
CVHM2006,Chứng quyền CVHM2006,Covered Warrants,,OTC
CVHM2007,Chứng quyền CVHM2007,Covered Warrants,,OTC
CVHM2008,Chứng quyền CVHM2008,Covered Warrants,,OTC
CVHM2009,Chứng quyền CVHM2009,Covered Warrants,,OTC
CVHM2010,Chứng quyền CVHM2010,Covered Warrants,,OTC
CVHM2101,Chứng quyền CVHM2101,Covered Warrants,,HSX
CVHM2102,Chứng quyền CVHM2102,Covered Warrants,,OTC
CVHM2103,Chứng quyền CVHM2103,Covered Warrants,,OTC
CVHM2104,Chứng quyền CVHM2104,Covered Warrants,,OTC
CVHM2105,Chứng quyền CVHM2105,Covered Warrants,,HSX
CVHM2106,Chứng quyền CVHM2106,Covered Warrants,,HSX
CVHM2107,Chứng quyền CVHM2107,Covered Warrants,,HSX
CVHM2108,Chứng quyền CVHM2108,Covered Warrants,,HSX
CVHM2109,Chứng quyền CVHM2109,Covered Warrants,,HSX
CVHM2110,Chứng quyền CVHM2110,Covered Warrants,,HSX
CVHM2111,Chứng quyền CVHM2111,Covered Warrants,,HSX
CVHM2112,Chứng quyền CVHM2112,Covered Warrants,,HSX
CVHM2113,Chứng quyền CVHM2113,Covered Warrants,,HSX
CVHM2114,Chứng quyền CVHM2114,Covered Warrants,,HSX
CVHM2115,Chứng quyền CVHM2115,Covered Warrants,,HSX
CVHM2201,Chứng quyền CVHM2201,Covered Warrants,,HSX
CVHM2202,Chứng quyền CVHM2202,Covered Warrants,,HSX
CVHM2203,Chứng quyền CVHM2203,Covered Warrants,,HSX
CVHM2204,Chứng quyền CVHM2204,Covered Warrants,,HSX
CVHM2205,Chứng quyền CVHM2205,Covered Warrants,,HSX
CVHM2206,Chứng quyền CVHM2206,Covered Warrants,,HSX
CVHM2207,Chứng quyền CVHM2207,Covered Warrants,,HSX
CVHM2208,Chứng quyền CVHM2208,Covered Warrants,,HSX
CVHM2209,Chứng quyền CVHM2209,Covered Warrants,,HSX
CVHM2210,Chứng quyền CVHM2210,Covered Warrants,,HSX
CVHM2211,Chứng quyền CVHM2211,Covered Warrants,,HSX
CVHM2212,Chứng quyền CVHM2212,Covered Warrants,,HSX
CVHM2213,Chứng quyền CVHM2213,Covered Warrants,,HSX
CVHM2214,Chứng quyền CVHM2214,Covered Warrants,,HSX
CVHM2215,Chứng quyền CVHM2215,Covered Warrants,,HSX
CVHM2216,Chứng quyền CVHM2216,Covered Warrants,,HSX
CVHM2217,Chứng quyền CVHM2217,Covered Warrants,,HSX
CVHM2218,Chứng quyền CVHM2218,Covered Warrants,,HSX
CVHM2219,Chứng quyền CVHM2219,Covered Warrants,,HSX
CVHM2220,Chứng quyền CVHM2220,Covered Warrants,,HSX
CVHM2301,Chứng quyền CVHM2301,Covered Warrants,,HSX
CVHM2302,Chứng quyền CVHM2302,Covered Warrants,,HSX
CVHM2303,Chứng quyền CVHM2303,Covered Warrants,,HSX
CVHM2304,Chứng quyền CVHM2304,Covered Warrants,,HSX
CVHM2305,Chứng quyền CVHM2305,Covered Warrants,,HSX
CVHM2306,Chứng quyền CVHM2306,Covered Warrants,,HSX
CVHM2307,Chứng quyền CVHM2307,Covered Warrants,,HSX
CVHM2308,Chứng quyền CVHM2308,Covered Warrants,,HSX
CVHM2309,Chứng quyền CVHM2309,Covered Warrants,,HSX
CVHM2310,Chứng quyền CVHM2310,Covered Warrants,,HSX
CVHM2311,Chứng quyền CVHM2311,Covered Warrants,,HSX
CVHM2312,Chứng quyền CVHM2312,Covered Warrants,,HSX
CVHM2313,Chứng quyền CVHM2313,Covered Warrants,,HSX
CVHM2314,Chứng quyền CVHM2314,Covered Warrants,,HSX
CVHM2315,Chứng quyền CVHM2315,Covered Warrants,,HSX
CVHM2316,Chứng quyền CVHM2316,Covered Warrants,,HSX
CVHM2317,Chứng quyền CVHM2317,Covered Warrants,,HSX
CVHM2318,Chứng quyền CVHM2318,Covered Warrants,,HSX
CVHM2319,Chứng quyền CVHM2319,Covered Warrants,,HSX
CVHM2401,Chứng quyền CVHM2401,Covered Warrants,,HSX
CVHM2402,Chứng quyền CVHM2402,Covered Warrants,,HSX
CVHM2403,Chứng quyền CVHM2403,Covered Warrants,,HSX
CVHM2404,Chứng quyền CVHM2404,Covered Warrants,,HSX
CVHM2405,Chứng quyền CVHM2405,Covered Warrants,,HSX
CVHM2406,Chứng quyền CVHM2406,Covered Warrants,,HSX
CVHM2407,Chứng quyền CVHM2407,Covered Warrants,,HSX
CVHM2408,Chứng quyền CVHM2408,Covered Warrants,,HSX
CVHM2409,Chứng quyền CVHM2409,Covered Warrants,,HSX
CVHM2410,Chứng quyền CVHM2410,Covered Warrants,,HSX
CVHM2411,Chứng quyền CVHM2411,Covered Warrants,,HSX
CVHM2501,Chứng quyền CVHM2501,Covered Warrants,,HSX
CVHM2502,Chứng quyền CVHM2502,Covered Warrants,,HSX
CVHM2503,Chứng quyền CVHM2503,Covered Warrants,,HSX
CVHM2504,Chứng quyền CVHM2504,Covered Warrants,,HSX
CVHM2505,Chứng quyền CVHM2505,Covered Warrants,,HSX
CVHM2506,Chứng quyền CVHM2506,Covered Warrants,,HSX
CVHM2507,Chứng quyền CVHM2507,Covered Warrants,,HSX
CVHM2508,Chứng quyền CVHM2508,Covered Warrants,,HSX
CVHM2509,Chứng quyền CVHM2509,Covered Warrants,,HSX
CVHM2510,Chứng quyền CVHM2510,Covered Warrants,,HSX
CVHM2511,Chứng quyền CVHM2511,Covered Warrants,,HSX
CVHM2512,Chứng quyền CVHM2512,Covered Warrants,,HSX
CVHM2513,Chứng quyền CVHM2513,Covered Warrants,,HSX
CVHM2514,Chứng quyền CVHM2514,Covered Warrants,,HSX
CVHM2515,Chứng quyền CVHM2515,Covered Warrants,,HSX
CVHM2516,Chứng quyền CVHM2516,Covered Warrants,,HSX
CVHM2517,Chứng quyền CVHM2517,Covered Warrants,,HSX
CVHM2518,Chứng quyền CVHM2518,Covered Warrants,,HSX
CVHM2519,Chứng quyền CVHM2519,Covered Warrants,,HSX
CVHM2520,Chứng quyền CVHM2520,Covered Warrants,,HSX
CVHM2521,Chứng quyền CVHM2521,Covered Warrants,,HSX
CVHM2522,Chứng quyền CVHM2522,Covered Warrants,,HSX
CVHM2523,Chứng quyền CVHM2523,Covered Warrants,,HSX
CVHM2524,Chứng quyền CVHM2524,Covered Warrants,,HSX
CVHM2525,Chứng quyền CVHM2525,Covered Warrants,,HSX
CVHM2601,Chứng quyền CVHM2601,Covered Warrants,,HSX
CVHM2602,Chứng quyền CVHM2602,Covered Warrants,,HSX
CVHM2603,Chứng quyền CVHM2603,Covered Warrants,,HSX
CVHM2604,Chứng quyền CVHM2604,Covered Warrants,,HSX
CVHM2605,Chứng quyền CVHM2605,Covered Warrants,,HSX
CVHM2606,Chứng quyền CVHM2606,Covered Warrants,,HSX
CVHM2607,Chứng quyền CVHM2607,Covered Warrants,,HSX
CVIB2201,Chứng quyền CVIB2201,Covered Warrants,,HSX
CVIB2301,Chứng quyền CVIB2301,Covered Warrants,,HSX
CVIB2302,Chứng quyền CVIB2302,Covered Warrants,,HSX
CVIB2303,Chứng quyền CVIB2303,Covered Warrants,,HSX
CVIB2304,Chứng quyền CVIB2304,Covered Warrants,,HSX
CVIB2305,Chứng quyền CVIB2305,Covered Warrants,,HSX
CVIB2306,Chứng quyền CVIB2306,Covered Warrants,,HSX
CVIB2307,Chứng quyền CVIB2307,Covered Warrants,,HSX
CVIB2401,Chứng quyền CVIB2401,Covered Warrants,,HSX
CVIB2402,Chứng quyền CVIB2402,Covered Warrants,,HSX
CVIB2403,Chứng quyền CVIB2403,Covered Warrants,,HSX
CVIB2404,Chứng quyền CVIB2404,Covered Warrants,,HSX
CVIB2405,Chứng quyền CVIB2405,Covered Warrants,,HSX
CVIB2406,Chứng quyền CVIB2406,Covered Warrants,,HSX
CVIB2407,Chứng quyền CVIB2407,Covered Warrants,,HSX
CVIB2408,Chứng quyền CVIB2408,Covered Warrants,,HSX
CVIB2501,Chứng quyền CVIB2501,Covered Warrants,,HSX
CVIB2502,Chứng quyền CVIB2502,Covered Warrants,,HSX
CVIB2503,Chứng quyền CVIB2503,Covered Warrants,,HSX
CVIB2504,Chứng quyền CVIB2504,Covered Warrants,,HSX
CVIB2505,Chứng quyền CVIB2505,Covered Warrants,,HSX
CVIB2506,Chứng quyền CVIB2506,Covered Warrants,,HSX
CVIB2507,Chứng quyền CVIB2507,Covered Warrants,,HSX
CVIB2508,Chứng quyền CVIB2508,Covered Warrants,,HSX
CVIB2509,Chứng quyền CVIB2509,Covered Warrants,,HSX
CVIB2510,Chứng quyền CVIB2510,Covered Warrants,,HSX
CVIB2511,Chứng quyền CVIB2511,Covered Warrants,,HSX
CVIB2512,Chứng quyền CVIB2512,Covered Warrants,,HSX
CVIB2513,Chứng quyền CVIB2513,Covered Warrants,,HSX
CVIB2514,Chứng quyền CVIB2514,Covered Warrants,,HSX
CVIB2601,Chứng quyền CVIB2601,Covered Warrants,,HSX
CVIB2602,Chứng quyền CVIB2602,Covered Warrants,,HSX
CVIB2603,Chứng quyền CVIB2603,Covered Warrants,,HSX
CVIC1901,Chứng quyền CVIC1901,Covered Warrants,,OTC
CVIC1902,Chứng quyền CVIC1902,Covered Warrants,,OTC
CVIC1903,Chứng quyền CVIC1903,Covered Warrants,,OTC
CVIC2001,Chứng quyền CVIC2001,Covered Warrants,,OTC
CVIC2002,Chứng quyền CVIC2002,Covered Warrants,,OTC
CVIC2003,Chứng quyền CVIC2003,Covered Warrants,,OTC
CVIC2004,Chứng quyền CVIC2004,Covered Warrants,,OTC
CVIC2005,Chứng quyền CVIC2005,Covered Warrants,,OTC
CVIC2006,Chứng quyền CVIC2006,Covered Warrants,,OTC
CVIC2007,Chứng quyền CVIC2007,Covered Warrants,,OTC
CVIC2101,Chứng quyền CVIC2101,Covered Warrants,,HSX
CVIC2102,Chứng quyền CVIC2102,Covered Warrants,,OTC
CVIC2103,Chứng quyền CVIC2103,Covered Warrants,,HSX
CVIC2104,Chứng quyền CVIC2104,Covered Warrants,,HSX
CVIC2105,Chứng quyền CVIC2105,Covered Warrants,,HSX
CVIC2106,Chứng quyền CVIC2106,Covered Warrants,,HSX
CVIC2107,Chứng quyền CVIC2107,Covered Warrants,,HSX
CVIC2108,Chứng quyền CVIC2108,Covered Warrants,,HSX
CVIC2109,Chứng quyền CVIC2109,Covered Warrants,,HSX
CVIC2110,Chứng quyền CVIC2110,Covered Warrants,,HSX
CVIC2201,Chứng quyền CVIC2201,Covered Warrants,,HSX
CVIC2202,Chứng quyền CVIC2202,Covered Warrants,,HSX
CVIC2203,Chứng quyền CVIC2203,Covered Warrants,,HSX
CVIC2204,Chứng quyền CVIC2204,Covered Warrants,,HSX
CVIC2205,Chứng quyền CVIC2205,Covered Warrants,,HSX
CVIC2206,Chứng quyền CVIC2206,Covered Warrants,,HSX
CVIC2301,Chứng quyền CVIC2301,Covered Warrants,,HSX
CVIC2302,Chứng quyền CVIC2302,Covered Warrants,,HSX
CVIC2303,Chứng quyền CVIC2303,Covered Warrants,,HSX
CVIC2304,Chứng quyền CVIC2304,Covered Warrants,,HSX
CVIC2305,Chứng quyền CVIC2305,Covered Warrants,,HSX
CVIC2306,Chứng quyền CVIC2306,Covered Warrants,,HSX
CVIC2307,Chứng quyền CVIC2307,Covered Warrants,,HSX
CVIC2308,Chứng quyền CVIC2308,Covered Warrants,,HSX
CVIC2309,Chứng quyền CVIC2309,Covered Warrants,,HSX
CVIC2310,Chứng quyền CVIC2310,Covered Warrants,,HSX
CVIC2311,Chứng quyền CVIC2311,Covered Warrants,,HSX
CVIC2312,Chứng quyền CVIC2312,Covered Warrants,,HSX
CVIC2313,Chứng quyền CVIC2313,Covered Warrants,,HSX
CVIC2314,Chứng quyền CVIC2314,Covered Warrants,,HSX
CVIC2401,Chứng quyền CVIC2401,Covered Warrants,,HSX
CVIC2402,Chứng quyền CVIC2402,Covered Warrants,,HSX
CVIC2403,Chứng quyền CVIC2403,Covered Warrants,,HSX
CVIC2404,Chứng quyền CVIC2404,Covered Warrants,,HSX
CVIC2405,Chứng quyền CVIC2405,Covered Warrants,,HSX
CVIC2406,Chứng quyền CVIC2406,Covered Warrants,,HSX
CVIC2407,Chứng quyền CVIC2407,Covered Warrants,,HSX
CVIC2501,Chứng quyền CVIC2501,Covered Warrants,,HSX
CVIC2502,Chứng quyền CVIC2502,Covered Warrants,,HSX
CVIC2503,Chứng quyền CVIC2503,Covered Warrants,,HSX
CVIC2504,Chứng quyền CVIC2504,Covered Warrants,,HSX
CVIC2505,Chứng quyền CVIC2505,Covered Warrants,,HSX
CVIC2506,Chứng quyền CVIC2506,Covered Warrants,,HSX
CVIC2507,Chứng quyền CVIC2507,Covered Warrants,,HSX
CVIC2508,Chứng quyền CVIC2508,Covered Warrants,,HSX
CVIC2509,Chứng quyền CVIC2509,Covered Warrants,,HSX
CVIC2510,Chứng quyền CVIC2510,Covered Warrants,,HSX
CVIC2511,Chứng quyền CVIC2511,Covered Warrants,,HSX
CVIC2513,Chứng quyền CVIC2513,Covered Warrants,,HSX
CVIC2514,Chứng quyền CVIC2514,Covered Warrants,,HSX
CVIC2515,Chứng quyền CVIC2515,Covered Warrants,,HSX
CVIC2516,Chứng quyền CVIC2516,Covered Warrants,,HSX
CVIC2517,Chứng quyền CVIC2517,Covered Warrants,,HSX
CVJC1901,Chứng quyền CVJC1901,Covered Warrants,,OTC
CVJC1902,Chứng quyền CVJC1902,Covered Warrants,,OTC
CVJC2001,Chứng quyền CVJC2001,Covered Warrants,,OTC
CVJC2002,Chứng quyền CVJC2002,Covered Warrants,,OTC
CVJC2003,Chứng quyền CVJC2003,Covered Warrants,,OTC
CVJC2004,Chứng quyền CVJC2004,Covered Warrants,,OTC
CVJC2005,Chứng quyền CVJC2005,Covered Warrants,,OTC
CVJC2006,Chứng quyền CVJC2006,Covered Warrants,,OTC
CVJC2101,Chứng quyền CVJC2101,Covered Warrants,,HSX
CVJC2102,Chứng quyền CVJC2102,Covered Warrants,,HSX
CVJC2103,Chứng quyền CVJC2103,Covered Warrants,,HSX
CVJC2201,Chứng quyền CVJC2201,Covered Warrants,,HSX
CVJC2202,Chứng quyền CVJC2202,Covered Warrants,,HSX
CVJC2203,Chứng quyền CVJC2203,Covered Warrants,,HSX
CVJC2204,Chứng quyền CVJC2204,Covered Warrants,,HSX
CVJC2205,Chứng quyền CVJC2205,Covered Warrants,,HSX
CVJC2206,Chứng quyền CVJC2206,Covered Warrants,,HSX
CVJC2401,Chứng quyền CVJC2401,Covered Warrants,,HSX
CVJC2501,Chứng quyền CVJC2501,Covered Warrants,,HSX
CVJC2502,Chứng quyền CVJC2502,Covered Warrants,,HSX
CVJC2503,Chứng quyền CVJC2503,Covered Warrants,,HSX
CVJC2504,Chứng quyền CVJC2504,Covered Warrants,,HSX
CVJC2505,Chứng quyền CVJC2505,Covered Warrants,,HSX
CVJC2506,Chứng quyền CVJC2506,Covered Warrants,,HSX
CVJC2507,Chứng quyền CVJC2507,Covered Warrants,,HSX
CVNM1901,Chứng quyền CVNM1901,Covered Warrants,,OTC
CVNM1902,Chứng quyền CVNM1902,Covered Warrants,,OTC
CVNM1903,Chứng quyền CVNM1903,Covered Warrants,,OTC
CVNM1904,Chứng quyền CVNM1904,Covered Warrants,,OTC
CVNM1905,Chứng quyền CVNM1905,Covered Warrants,,OTC
CVNM1906,Chứng quyền CVNM1906,Covered Warrants,,OTC
CVNM2001,Chứng quyền CVNM2001,Covered Warrants,,OTC
CVNM2002,Chứng quyền CVNM2002,Covered Warrants,,OTC
CVNM2003,Chứng quyền CVNM2003,Covered Warrants,,OTC
CVNM2004,Chứng quyền CVNM2004,Covered Warrants,,OTC
CVNM2005,Chứng quyền CVNM2005,Covered Warrants,,OTC
CVNM2006,Chứng quyền CVNM2006,Covered Warrants,,OTC
CVNM2007,Chứng quyền CVNM2007,Covered Warrants,,OTC
CVNM2008,Chứng quyền CVNM2008,Covered Warrants,,OTC
CVNM2009,Chứng quyền CVNM2009,Covered Warrants,,OTC
CVNM2010,Chứng quyền CVNM2010,Covered Warrants,,OTC
CVNM2011,Chứng quyền CVNM2011,Covered Warrants,,OTC
CVNM2012,Chứng quyền CVNM2012,Covered Warrants,,OTC
CVNM2013,Chứng quyền CVNM2013,Covered Warrants,,OTC
CVNM2014,Chứng quyền CVNM2014,Covered Warrants,,OTC
CVNM2015,Chứng quyền CVNM2015,Covered Warrants,,OTC
CVNM2016,Chứng quyền CVNM2016,Covered Warrants,,OTC
CVNM2101,Chứng quyền CVNM2101,Covered Warrants,,HSX
CVNM2102,Chứng quyền CVNM2102,Covered Warrants,,OTC
CVNM2103,Chứng quyền CVNM2103,Covered Warrants,,OTC
CVNM2104,Chứng quyền CVNM2104,Covered Warrants,,HSX
CVNM2105,Chứng quyền CVNM2105,Covered Warrants,,HSX
CVNM2106,Chứng quyền CVNM2106,Covered Warrants,,HSX
CVNM2107,Chứng quyền CVNM2107,Covered Warrants,,HSX
CVNM2108,Chứng quyền CVNM2108,Covered Warrants,,HSX
CVNM2109,Chứng quyền CVNM2109,Covered Warrants,,HSX
CVNM2110,Chứng quyền CVNM2110,Covered Warrants,,HSX
CVNM2111,Chứng quyền CVNM2111,Covered Warrants,,HSX
CVNM2112,Chứng quyền CVNM2112,Covered Warrants,,HSX
CVNM2113,Chứng quyền CVNM2113,Covered Warrants,,HSX
CVNM2114,Chứng quyền CVNM2114,Covered Warrants,,HSX
CVNM2201,Chứng quyền CVNM2201,Covered Warrants,,HSX
CVNM2202,Chứng quyền CVNM2202,Covered Warrants,,HSX
CVNM2203,Chứng quyền CVNM2203,Covered Warrants,,HSX
CVNM2204,Chứng quyền CVNM2204,Covered Warrants,,HSX
CVNM2205,Chứng quyền CVNM2205,Covered Warrants,,HSX
CVNM2206,Chứng quyền CVNM2206,Covered Warrants,,HSX
CVNM2207,Chứng quyền CVNM2207,Covered Warrants,,HSX
CVNM2208,Chứng quyền CVNM2208,Covered Warrants,,HSX
CVNM2209,Chứng quyền CVNM2209,Covered Warrants,,HSX
CVNM2210,Chứng quyền CVNM2210,Covered Warrants,,HSX
CVNM2211,Chứng quyền CVNM2211,Covered Warrants,,HSX
CVNM2212,Chứng quyền CVNM2212,Covered Warrants,,HSX
CVNM2301,Chứng quyền CVNM2301,Covered Warrants,,HSX
CVNM2302,Chứng quyền CVNM2302,Covered Warrants,,HSX
CVNM2303,Chứng quyền CVNM2303,Covered Warrants,,HSX
CVNM2304,Chứng quyền CVNM2304,Covered Warrants,,HSX
CVNM2305,Chứng quyền CVNM2305,Covered Warrants,,HSX
CVNM2306,Chứng quyền CVNM2306,Covered Warrants,,HSX
CVNM2307,Chứng quyền CVNM2307,Covered Warrants,,HSX
CVNM2308,Chứng quyền CVNM2308,Covered Warrants,,HSX
CVNM2309,Chứng quyền CVNM2309,Covered Warrants,,HSX
CVNM2310,Chứng quyền CVNM2310,Covered Warrants,,HSX
CVNM2311,Chứng quyền CVNM2311,Covered Warrants,,HSX
CVNM2312,Chứng quyền CVNM2312,Covered Warrants,,HSX
CVNM2313,Chứng quyền CVNM2313,Covered Warrants,,HSX
CVNM2314,Chứng quyền CVNM2314,Covered Warrants,,HSX
CVNM2315,Chứng quyền CVNM2315,Covered Warrants,,HSX
CVNM2316,Chứng quyền CVNM2316,Covered Warrants,,HSX
CVNM2401,Chứng quyền CVNM2401,Covered Warrants,,HSX
CVNM2402,Chứng quyền CVNM2402,Covered Warrants,,HSX
CVNM2403,Chứng quyền CVNM2403,Covered Warrants,,HSX
CVNM2404,Chứng quyền CVNM2404,Covered Warrants,,HSX
CVNM2405,Chứng quyền CVNM2405,Covered Warrants,,HSX
CVNM2406,Chứng quyền CVNM2406,Covered Warrants,,HSX
CVNM2407,Chứng quyền CVNM2407,Covered Warrants,,HSX
CVNM2408,Chứng quyền CVNM2408,Covered Warrants,,HSX
CVNM2501,Chứng quyền CVNM2501,Covered Warrants,,HSX
CVNM2502,Chứng quyền CVNM2502,Covered Warrants,,HSX
CVNM2503,Chứng quyền CVNM2503,Covered Warrants,,HSX
CVNM2504,Chứng quyền CVNM2504,Covered Warrants,,HSX
CVNM2505,Chứng quyền CVNM2505,Covered Warrants,,HSX
CVNM2506,Chứng quyền CVNM2506,Covered Warrants,,HSX
CVNM2507,Chứng quyền CVNM2507,Covered Warrants,,HSX
CVNM2508,Chứng quyền CVNM2508,Covered Warrants,,HSX
CVNM2509,Chứng quyền CVNM2509,Covered Warrants,,HSX
CVNM2510,Chứng quyền CVNM2510,Covered Warrants,,HSX
CVNM2511,Chứng quyền CVNM2511,Covered Warrants,,HSX
CVNM2512,Chứng quyền CVNM2512,Covered Warrants,,HSX
CVNM2513,Chứng quyền CVNM2513,Covered Warrants,,HSX
CVNM2514,Chứng quyền CVNM2514,Covered Warrants,,HSX
CVNM2515,Chứng quyền CVNM2515,Covered Warrants,,HSX
CVNM2516,Chứng quyền CVNM2516,Covered Warrants,,HSX
CVNM2517,Chứng quyền CVNM2517,Covered Warrants,,HSX
CVNM2518,Chứng quyền CVNM2518,Covered Warrants,,HSX
CVNM2519,Chứng quyền CVNM2519,Covered Warrants,,HSX
CVNM2520,Chứng quyền CVNM2520,Covered Warrants,,HSX
CVNM2521,Chứng quyền CVNM2521,Covered Warrants,,HSX
CVNM2522,Chứng quyền CVNM2522,Covered Warrants,,HSX
CVNM2523,Chứng quyền CVNM2523,Covered Warrants,,HSX
CVNM2524,Chứng quyền CVNM2524,Covered Warrants,,HSX
CVNM2601,Chứng quyền CVNM2601,Covered Warrants,,HSX
CVNM2602,Chứng quyền CVNM2602,Covered Warrants,,HSX
CVNM2603,Chứng quyền CVNM2603,Covered Warrants,,HSX
CVPB1901,Chứng quyền CVPB1901,Covered Warrants,,OTC
CVPB2001,Chứng quyền CVPB2001,Covered Warrants,,OTC
CVPB2002,Chứng quyền CVPB2002,Covered Warrants,,OTC
CVPB2003,Chứng quyền CVPB2003,Covered Warrants,,OTC
CVPB2004,Chứng quyền CVPB2004,Covered Warrants,,OTC
CVPB2005,Chứng quyền CVPB2005,Covered Warrants,,OTC
CVPB2006,Chứng quyền CVPB2006,Covered Warrants,,OTC
CVPB2007,Chứng quyền CVPB2007,Covered Warrants,,OTC
CVPB2008,Chứng quyền CVPB2008,Covered Warrants,,OTC
CVPB2009,Chứng quyền CVPB2009,Covered Warrants,,OTC
CVPB2010,Chứng quyền CVPB2010,Covered Warrants,,OTC
CVPB2011,Chứng quyền CVPB2011,Covered Warrants,,OTC
CVPB2012,Chứng quyền CVPB2012,Covered Warrants,,OTC
CVPB2013,Chứng quyền CVPB2013,Covered Warrants,,OTC
CVPB2014,Chứng quyền CVPB2014,Covered Warrants,,OTC
CVPB2015,Chứng quyền CVPB2015,Covered Warrants,,OTC
CVPB2016,Chứng quyền CVPB2016,Covered Warrants,,OTC
CVPB2017,Chứng quyền CVPB2017,Covered Warrants,,OTC
CVPB2101,Chứng quyền CVPB2101,Covered Warrants,,OTC
CVPB2102,Chứng quyền CVPB2102,Covered Warrants,,OTC
CVPB2103,Chứng quyền CVPB2103,Covered Warrants,,OTC
CVPB2104,Chứng quyền CVPB2104,Covered Warrants,,HSX
CVPB2105,Chứng quyền CVPB2105,Covered Warrants,,HSX
CVPB2106,Chứng quyền CVPB2106,Covered Warrants,,HSX
CVPB2107,Chứng quyền CVPB2107,Covered Warrants,,HSX
CVPB2108,Chứng quyền CVPB2108,Covered Warrants,,HSX
CVPB2109,Chứng quyền CVPB2109,Covered Warrants,,HSX
CVPB2110,Chứng quyền CVPB2110,Covered Warrants,,HSX
CVPB2111,Chứng quyền CVPB2111,Covered Warrants,,HSX
CVPB2201,Chứng quyền CVPB2201,Covered Warrants,,HSX
CVPB2202,Chứng quyền CVPB2202,Covered Warrants,,HSX
CVPB2203,Chứng quyền CVPB2203,Covered Warrants,,HSX
CVPB2204,Chứng quyền CVPB2204,Covered Warrants,,HSX
CVPB2205,Chứng quyền CVPB2205,Covered Warrants,,HSX
CVPB2206,Chứng quyền CVPB2206,Covered Warrants,,HSX
CVPB2207,Chứng quyền CVPB2207,Covered Warrants,,HSX
CVPB2208,Chứng quyền CVPB2208,Covered Warrants,,HSX
CVPB2209,Chứng quyền CVPB2209,Covered Warrants,,HSX
CVPB2210,Chứng quyền CVPB2210,Covered Warrants,,HSX
CVPB2211,Chứng quyền CVPB2211,Covered Warrants,,HSX
CVPB2212,Chứng quyền CVPB2212,Covered Warrants,,HSX
CVPB2213,Chứng quyền CVPB2213,Covered Warrants,,HSX
CVPB2214,Chứng quyền CVPB2214,Covered Warrants,,HSX
CVPB2301,Chứng quyền CVPB2301,Covered Warrants,,HSX
CVPB2302,Chứng quyền CVPB2302,Covered Warrants,,HSX
CVPB2303,Chứng quyền CVPB2303,Covered Warrants,,HSX
CVPB2304,Chứng quyền CVPB2304,Covered Warrants,,HSX
CVPB2305,Chứng quyền CVPB2305,Covered Warrants,,HSX
CVPB2306,Chứng quyền CVPB2306,Covered Warrants,,HSX
CVPB2307,Chứng quyền CVPB2307,Covered Warrants,,HSX
CVPB2308,Chứng quyền CVPB2308,Covered Warrants,,HSX
CVPB2309,Chứng quyền CVPB2309,Covered Warrants,,HSX
CVPB2310,Chứng quyền CVPB2310,Covered Warrants,,HSX
CVPB2311,Chứng quyền CVPB2311,Covered Warrants,,HSX
CVPB2312,Chứng quyền CVPB2312,Covered Warrants,,HSX
CVPB2313,Chứng quyền CVPB2313,Covered Warrants,,HSX
CVPB2314,Chứng quyền CVPB2314,Covered Warrants,,HSX
CVPB2315,Chứng quyền CVPB2315,Covered Warrants,,HSX
CVPB2316,Chứng quyền CVPB2316,Covered Warrants,,HSX
CVPB2317,Chứng quyền CVPB2317,Covered Warrants,,HSX
CVPB2318,Chứng quyền CVPB2318,Covered Warrants,,HSX
CVPB2319,Chứng quyền CVPB2319,Covered Warrants,,HSX
CVPB2320,Chứng quyền CVPB2320,Covered Warrants,,HSX
CVPB2321,Chứng quyền CVPB2321,Covered Warrants,,HSX
CVPB2322,Chứng quyền CVPB2322,Covered Warrants,,HSX
CVPB2401,Chứng quyền CVPB2401,Covered Warrants,,HSX
CVPB2402,Chứng quyền CVPB2402,Covered Warrants,,HSX
CVPB2403,Chứng quyền CVPB2403,Covered Warrants,,HSX
CVPB2404,Chứng quyền CVPB2404,Covered Warrants,,HSX
CVPB2405,Chứng quyền CVPB2405,Covered Warrants,,HSX
CVPB2406,Chứng quyền CVPB2406,Covered Warrants,,HSX
CVPB2407,Chứng quyền CVPB2407,Covered Warrants,,HSX
CVPB2408,Chứng quyền CVPB2408,Covered Warrants,,HSX
CVPB2409,Chứng quyền CVPB2409,Covered Warrants,,HSX
CVPB2410,Chứng quyền CVPB2410,Covered Warrants,,HSX
CVPB2411,Chứng quyền CVPB2411,Covered Warrants,,HSX
CVPB2412,Chứng quyền CVPB2412,Covered Warrants,,HSX
CVPB2501,Chứng quyền CVPB2501,Covered Warrants,,HSX
CVPB2502,Chứng quyền CVPB2502,Covered Warrants,,HSX
CVPB2503,Chứng quyền CVPB2503,Covered Warrants,,HSX
CVPB2504,Chứng quyền CVPB2504,Covered Warrants,,HSX
CVPB2505,Chứng quyền CVPB2505,Covered Warrants,,HSX
CVPB2506,Chứng quyền CVPB2506,Covered Warrants,,HSX
CVPB2507,Chứng quyền CVPB2507,Covered Warrants,,HSX
CVPB2508,Chứng quyền CVPB2508,Covered Warrants,,HSX
CVPB2509,Chứng quyền CVPB2509,Covered Warrants,,HSX
CVPB2510,Chứng quyền CVPB2510,Covered Warrants,,HSX
CVPB2511,Chứng quyền CVPB2511,Covered Warrants,,HSX
CVPB2512,Chứng quyền CVPB2512,Covered Warrants,,HSX
CVPB2513,Chứng quyền CVPB2513,Covered Warrants,,HSX
CVPB2514,Chứng quyền CVPB2514,Covered Warrants,,HSX
CVPB2515,Chứng quyền CVPB2515,Covered Warrants,,HSX
CVPB2516,Chứng quyền CVPB2516,Covered Warrants,,HSX
CVPB2517,Chứng quyền CVPB2517,Covered Warrants,,HSX
CVPB2518,Chứng quyền CVPB2518,Covered Warrants,,HSX
CVPB2519,Chứng quyền CVPB2519,Covered Warrants,,HSX
CVPB2520,Chứng quyền CVPB2520,Covered Warrants,,HSX
CVPB2521,Chứng quyền CVPB2521,Covered Warrants,,HSX
CVPB2522,Chứng quyền CVPB2522,Covered Warrants,,HSX
CVPB2523,Chứng quyền CVPB2523,Covered Warrants,,HSX
CVPB2524,Chứng quyền CVPB2524,Covered Warrants,,HSX
CVPB2525,Chứng quyền CVPB2525,Covered Warrants,,HSX
CVPB2526,Chứng quyền CVPB2526,Covered Warrants,,HSX
CVPB2527,Chứng quyền CVPB2527,Covered Warrants,,HSX
CVPB2528,Chứng quyền CVPB2528,Covered Warrants,,HSX
CVPB2529,Chứng quyền CVPB2529,Covered Warrants,,HSX
CVPB2530,Chứng quyền CVPB2530,Covered Warrants,,HSX
CVPB2531,Chứng quyền CVPB2531,Covered Warrants,,HSX
CVPB2532,Chứng quyền CVPB2532,Covered Warrants,,HSX
CVPB2533,Chứng quyền CVPB2533,Covered Warrants,,HSX
CVPB2601,Chứng quyền CVPB2601,Covered Warrants,,HSX
CVPB2602,Chứng quyền CVPB2602,Covered Warrants,,HSX
CVPB2603,Chứng quyền CVPB2603,Covered Warrants,,HSX
CVPB2604,Chứng quyền CVPB2604,Covered Warrants,,HSX
CVPB2605,Chứng quyền CVPB2605,Covered Warrants,,HSX
CVPB2606,Chứng quyền CVPB2606,Covered Warrants,,HSX
CVRE1901,Chứng quyền CVRE1901,Covered Warrants,,OTC
CVRE1902,Chứng quyền CVRE1902,Covered Warrants,,OTC
CVRE1903,Chứng quyền CVRE1903,Covered Warrants,,OTC
CVRE1904,Chứng quyền CVRE1904,Covered Warrants,,OTC
CVRE2001,Chứng quyền CVRE2001,Covered Warrants,,OTC
CVRE2002,Chứng quyền CVRE2002,Covered Warrants,,OTC
CVRE2003,Chứng quyền CVRE2003,Covered Warrants,,OTC
CVRE2004,Chứng quyền CVRE2004,Covered Warrants,,OTC
CVRE2005,Chứng quyền CVRE2005,Covered Warrants,,OTC
CVRE2006,Chứng quyền CVRE2006,Covered Warrants,,OTC
CVRE2007,Chứng quyền CVRE2007,Covered Warrants,,OTC
CVRE2008,Chứng quyền CVRE2008,Covered Warrants,,OTC
CVRE2009,Chứng quyền CVRE2009,Covered Warrants,,OTC
CVRE2010,Chứng quyền CVRE2010,Covered Warrants,,OTC
CVRE2011,Chứng quyền CVRE2011,Covered Warrants,,OTC
CVRE2012,Chứng quyền CVRE2012,Covered Warrants,,OTC
CVRE2013,Chứng quyền CVRE2013,Covered Warrants,,OTC
CVRE2014,Chứng quyền CVRE2014,Covered Warrants,,OTC
CVRE2015,Chứng quyền CVRE2015,Covered Warrants,,OTC
CVRE2101,Chứng quyền CVRE2101,Covered Warrants,,HSX
CVRE2102,Chứng quyền CVRE2102,Covered Warrants,,OTC
CVRE2103,Chứng quyền CVRE2103,Covered Warrants,,OTC
CVRE2104,Chứng quyền CVRE2104,Covered Warrants,,HSX
CVRE2105,Chứng quyền CVRE2105,Covered Warrants,,HSX
CVRE2106,Chứng quyền CVRE2106,Covered Warrants,,HSX
CVRE2107,Chứng quyền CVRE2107,Covered Warrants,,HSX
CVRE2108,Chứng quyền CVRE2108,Covered Warrants,,HSX
CVRE2109,Chứng quyền CVRE2109,Covered Warrants,,HSX
CVRE2110,Chứng quyền CVRE2110,Covered Warrants,,HSX
CVRE2111,Chứng quyền CVRE2111,Covered Warrants,,HSX
CVRE2112,Chứng quyền CVRE2112,Covered Warrants,,HSX
CVRE2113,Chứng quyền CVRE2113,Covered Warrants,,HSX
CVRE2114,Chứng quyền CVRE2114,Covered Warrants,,HSX
CVRE2201,Chứng quyền CVRE2201,Covered Warrants,,HSX
CVRE2202,Chứng quyền CVRE2202,Covered Warrants,,HSX
CVRE2203,Chứng quyền CVRE2203,Covered Warrants,,HSX
CVRE2204,Chứng quyền CVRE2204,Covered Warrants,,HSX
CVRE2205,Chứng quyền CVRE2205,Covered Warrants,,HSX
CVRE2206,Chứng quyền CVRE2206,Covered Warrants,,HSX
CVRE2207,Chứng quyền CVRE2207,Covered Warrants,,HSX
CVRE2208,Chứng quyền CVRE2208,Covered Warrants,,HSX
CVRE2209,Chứng quyền CVRE2209,Covered Warrants,,HSX
CVRE2210,Chứng quyền CVRE2210,Covered Warrants,,HSX
CVRE2211,Chứng quyền CVRE2211,Covered Warrants,,HSX
CVRE2212,Chứng quyền CVRE2212,Covered Warrants,,HSX
CVRE2213,Chứng quyền CVRE2213,Covered Warrants,,HSX
CVRE2214,Chứng quyền CVRE2214,Covered Warrants,,HSX
CVRE2215,Chứng quyền CVRE2215,Covered Warrants,,HSX
CVRE2216,Chứng quyền CVRE2216,Covered Warrants,,HSX
CVRE2217,Chứng quyền CVRE2217,Covered Warrants,,HSX
CVRE2218,Chứng quyền CVRE2218,Covered Warrants,,HSX
CVRE2219,Chứng quyền CVRE2219,Covered Warrants,,HSX
CVRE2220,Chứng quyền CVRE2220,Covered Warrants,,HSX
CVRE2221,Chứng quyền CVRE2221,Covered Warrants,,HSX
CVRE2301,Chứng quyền CVRE2301,Covered Warrants,,HSX
CVRE2302,Chứng quyền CVRE2302,Covered Warrants,,HSX
CVRE2303,Chứng quyền CVRE2303,Covered Warrants,,HSX
CVRE2304,Chứng quyền CVRE2304,Covered Warrants,,HSX
CVRE2305,Chứng quyền CVRE2305,Covered Warrants,,HSX
CVRE2306,Chứng quyền CVRE2306,Covered Warrants,,HSX
CVRE2307,Chứng quyền CVRE2307,Covered Warrants,,HSX
CVRE2308,Chứng quyền CVRE2308,Covered Warrants,,HSX
CVRE2309,Chứng quyền CVRE2309,Covered Warrants,,HSX
CVRE2310,Chứng quyền CVRE2310,Covered Warrants,,HSX
CVRE2311,Chứng quyền CVRE2311,Covered Warrants,,HSX
CVRE2312,Chứng quyền CVRE2312,Covered Warrants,,HSX
CVRE2313,Chứng quyền CVRE2313,Covered Warrants,,HSX
CVRE2314,Chứng quyền CVRE2314,Covered Warrants,,HSX
CVRE2315,Chứng quyền CVRE2315,Covered Warrants,,HSX
CVRE2316,Chứng quyền CVRE2316,Covered Warrants,,HSX
CVRE2317,Chứng quyền CVRE2317,Covered Warrants,,HSX
CVRE2318,Chứng quyền CVRE2318,Covered Warrants,,HSX
CVRE2319,Chứng quyền CVRE2319,Covered Warrants,,HSX
CVRE2320,Chứng quyền CVRE2320,Covered Warrants,,HSX
CVRE2321,Chứng quyền CVRE2321,Covered Warrants,,HSX
CVRE2322,Chứng quyền CVRE2322,Covered Warrants,,HSX
CVRE2323,Chứng quyền CVRE2323,Covered Warrants,,HSX
CVRE2401,Chứng quyền CVRE2401,Covered Warrants,,HSX
CVRE2402,Chứng quyền CVRE2402,Covered Warrants,,HSX
CVRE2403,Chứng quyền CVRE2403,Covered Warrants,,HSX
CVRE2404,Chứng quyền CVRE2404,Covered Warrants,,HSX
CVRE2405,Chứng quyền CVRE2405,Covered Warrants,,HSX
CVRE2406,Chứng quyền CVRE2406,Covered Warrants,,HSX
CVRE2407,Chứng quyền CVRE2407,Covered Warrants,,HSX
CVRE2408,Chứng quyền CVRE2408,Covered Warrants,,HSX
CVRE2409,Chứng quyền CVRE2409,Covered Warrants,,HSX
CVRE2410,Chứng quyền CVRE2410,Covered Warrants,,HSX
CVRE2501,Chứng quyền CVRE2501,Covered Warrants,,HSX
CVRE2502,Chứng quyền CVRE2502,Covered Warrants,,HSX
CVRE2503,Chứng quyền CVRE2503,Covered Warrants,,HSX
CVRE2504,Chứng quyền CVRE2504,Covered Warrants,,HSX
CVRE2505,Chứng quyền CVRE2505,Covered Warrants,,HSX
CVRE2506,Chứng quyền CVRE2506,Covered Warrants,,HSX
CVRE2507,Chứng quyền CVRE2507,Covered Warrants,,HSX
CVRE2508,Chứng quyền CVRE2508,Covered Warrants,,HSX
CVRE2509,Chứng quyền CVRE2509,Covered Warrants,,HSX
CVRE2510,Chứng quyền CVRE2510,Covered Warrants,,HSX
CVRE2511,Chứng quyền CVRE2511,Covered Warrants,,HSX
CVRE2512,Chứng quyền CVRE2512,Covered Warrants,,HSX
CVRE2513,Chứng quyền CVRE2513,Covered Warrants,,HSX
CVRE2514,Chứng quyền CVRE2514,Covered Warrants,,HSX
CVRE2515,Chứng quyền CVRE2515,Covered Warrants,,HSX
CVRE2516,Chứng quyền CVRE2516,Covered Warrants,,HSX
CVRE2517,Chứng quyền CVRE2517,Covered Warrants,,HSX
CVRE2518,Chứng quyền CVRE2518,Covered Warrants,,HSX
CVRE2519,Chứng quyền CVRE2519,Covered Warrants,,HSX
CVRE2520,Chứng quyền CVRE2520,Covered Warrants,,HSX
CVRE2521,Chứng quyền CVRE2521,Covered Warrants,,HSX
CVRE2522,Chứng quyền CVRE2522,Covered Warrants,,HSX
CVRE2523,Chứng quyền CVRE2523,Covered Warrants,,HSX
CVRE2524,Chứng quyền CVRE2524,Covered Warrants,,HSX
CVRE2525,Chứng quyền CVRE2525,Covered Warrants,,HSX
CVRE2526,Chứng quyền CVRE2526,Covered Warrants,,HSX
CVRE2527,Chứng quyền CVRE2527,Covered Warrants,,HSX
CVRE2601,Chứng quyền CVRE2601,Covered Warrants,,HSX
PNJ-HSC-MET05,Chứng quyền PNJ-HSC-MET05,Covered Warrants,,HSX
VN100F1M,Hợp đồng tương lai VN100F1M,Futures,,INDICES
VN100F1Q,Hợp đồng tương lai VN100F1Q,Futures,,INDICES
VN100F2M,Hợp đồng tương lai VN100F2M,Futures,,INDICES
VN100F2Q,Hợp đồng tương lai VN100F2Q,Futures,,INDICES
VN30F1M,Hợp đồng tương lai VN30F1M,Futures,,INDICES
VN30F1Q,Hợp đồng tương lai VN30F1Q,Futures,,INDICES
VN30F2M,Hợp đồng tương lai VN30F2M,Futures,,INDICES
VN30F2Q,Hợp đồng tương lai VN30F2Q,Futures,,INDICES
