current_interest_score,time_since_last_interaction,is_active_trader,historical_conversion_rate,asset_price_change_24h,asset_trading_volume_spike,target_action
0.9838,0.09956666666666666,0,0.0,0.0,0,3
0.7596,0.09956666666666666,0,0.0,0.0,0,3
0.7596,189.63518333333334,0,0.0,0.0,0,3
0.7596,0.18388333333333332,0,0.0,0.0,0,3
0.7596,0.09956666666666666,0,0.0,0.0,0,0
0.7596,281.73229999999995,0,0.0,0.57,0,0
0.7596,1172.8505,0,0.0,0.0,0,0
0.7059,0.09956666666666666,1,0.0,0.0,0,3
0.7673,0.18325,1,0.0,-1.85,0,3
0.7673,0.08371666666666666,1,0.0,-1.85,0,3
0.7673,0.09973333333333333,1,0.0,-1.85,0,3
0.7673,0.08346666666666666,1,0.0,-1.85,0,3
0.7673,0.18326666666666666,1,0.0,-1.85,0,3
0.7673,0.38343333333333335,1,0.0,-1.85,0,3
0.7673,0.0004166666666666667,1,0.0,-1.85,0,3
0.7673,4370.100033333333,1,0.0,1.7,0,3
0.2647,0.5619333333333334,1,0.0,0.38,0,3
0.2424,0.08306666666666666,1,0.0,1.87,0,3
0.7596,0.284,1,0.0,-0.43,0,0
0.7596,0.1831,1,0.0,-0.43,0,0
0.2424,1.2002,1,0.0,1.87,0,3
0.2647,0.2824,1,0.0,0.38,0,3
0.7596,1.3835833333333334,1,0.0,0.0,0,0
0.7673,123.60816666666666,1,0.0,1.7,0,3
0.7673,0.26306666666666667,1,0.0,1.7,0,3
0.7673,0.08326666666666667,1,0.0,1.7,0,3
0.7673,0.1831,1,0.0,1.7,0,3
0.7673,0.20015,1,0.0,1.7,0,3
0.7673,0.08318333333333333,1,0.0,1.7,0,3
0.7596,13.616966666666666,1,0.0,0.0,0,3
0.7596,0.08370000000000001,1,0.0,0.0,0,3
0.7596,0.09975,1,0.0,0.0,0,3
0.7596,16.286133333333332,1,0.0,0.0,0,3
0.7596,0.19968333333333332,1,0.0,0.0,0,3
0.7596,0.0005333333333333334,1,0.0,0.0,0,3
0.7596,0.00035,1,0.0,0.0,0,3
0.7596,0.00031666666666666665,1,0.0,0.0,0,3
0.7596,0.08018333333333333,1,0.0,0.0,0,3
0.3346,0.09956666666666666,1,0.0,0.0,0,0
0.4185,1.1983166666666667,1,0.0,0.0,0,0
0.7596,4.6331,1,0.0,0.0,0,0
0.3346,11.200233333333333,1,0.0,0.0,0,0
0.7596,21.667983333333332,1,0.0,0.0,0,0
0.7596,67.50186666666667,1,0.0,0.0,0,0
0.4185,27.584166666666665,1,0.0,0.0,0,3
0.7596,21.11745,1,0.0,0.0,0,0
0.7596,1.1997333333333333,1,0.0,0.0,0,0
0.7596,2.3169166666666663,1,0.0,0.0,0,0
0.456,9.7169,1,0.0,0.0,0,0
0.7596,0.18334999999999999,1,0.0,0.0,0,0
0.7596,0.46695,1,0.0,0.0,0,0
0.7596,0.3663666666666667,1,0.0,0.0,0,0
0.7596,5.000616666666667,1,0.0,0.0,0,0
0.7596,0.9335333333333333,1,0.0,0.0,0,0
0.7596,33.60078333333333,1,0.0,0.0,0,0
0.7596,15.933833333333332,1,0.0,0.0,0,0
0.7596,0.9168333333333333,1,0.0,0.0,0,0
0.4185,1.4004,1,0.0,0.0,0,0
0.3346,19.419233333333334,1,0.0,0.0,0,3
0.3346,0.09828333333333333,1,0.0,0.0,0,3
0.3346,0.0828,1,0.0,0.0,0,3
0.3346,11.96715,1,0.0,0.0,0,3
0.4184,8.116683333333333,1,0.0,0.0,0,0
0.3346,10.367266666666666,1,0.0,0.0,0,0
0.3346,1.1999833333333332,1,0.0,0.0,0,0
0.3346,0.10036666666666667,1,0.0,0.0,0,0
0.3346,11145.374466666666,1,0.0,0.0,0,0
0.7596,4.44955,1,0.0,0.0,0,0
0.3346,1414.6307666666667,1,0.0,0.0,0,0
0.0741,102.05451666666666,1,0.0,0.0,0,0
0.0741,1.09945,1,0.0,0.0,0,0
0.3346,243.4415,1,0.0,0.0,0,3
0.3346,0.2056333333333333,1,0.0,0.0,0,3
0.1071,1.0045166666666667,1,0.0,0.0,0,0
0.0741,39.07891666666667,1,0.0,0.0,0,0
0.0741,6.563183333333333,1,0.0,0.0,0,0
0.7596,60.417950000000005,1,0.0,0.0,0,0
0.3346,0.08323333333333333,1,0.0,0.0,0,3
0.3346,0.10013333333333334,1,0.0,0.0,0,3
0.3346,0.0844,1,0.0,0.0,0,3
0.3346,0.0002666666666666667,1,0.0,0.0,0,3
0.3346,0.00023333333333333333,1,0.0,0.0,0,3
0.3346,0.00018333333333333334,1,0.0,0.0,0,0
0.3346,0.00016666666666666666,1,0.0,0.0,0,3
0.3346,0.10948333333333334,1,0.0,0.0,0,3
0.3346,0.00028333333333333335,1,0.0,0.0,0,3
0.3346,0.07165,1,0.0,0.0,0,0
0.3346,0.0002,1,0.0,0.0,0,3
0.3346,0.09978333333333333,1,0.0,0.0,0,3
0.3346,0.00023333333333333333,1,0.0,0.0,0,3
0.3346,0.08305,1,0.0,0.0,0,3
0.3346,0.10015,1,0.0,0.0,0,3
0.3346,0.09998333333333333,1,0.0,0.0,0,3
0.3346,0.08795,1,0.0,0.0,0,0
0.7596,1.7638500000000001,1,0.0,0.0,0,1
0.3346,977.8787166666666,1,0.0,0.0,0,3
0.3346,0.1832,1,0.0,0.0,0,0
0.3346,0.7499833333333333,1,0.0,0.0,0,3
0.3346,49.7686,1,0.0,0.0,0,0
0.3346,2.769366666666667,1,0.0,0.0,0,3
0.3346,1.4813166666666668,1,0.0,0.0,0,3
0.3346,4.266033333333334,1,0.0,0.0,0,0
0.723,7.184216666666667,1,0.0,0.0,0,3
0.8397,0.09926666666666667,1,0.0,0.0,0,0
0.7596,277.80963333333335,1,0.0,0.0,1,0
0.7596,9.616933333333332,1,0.0,0.0,0,0
0.2424,32.91855,1,0.0,0.0,0,3
0.2647,2.4159833333333336,1,0.0,0.0,0,0
0.7596,0.3673166666666667,1,0.0,0.0,0,0
0.7596,0.6501333333333333,1,0.0,0.0,0,0
0.7596,2.3024666666666667,1,0.0,0.0,0,0
0.4184,0.19746666666666668,1,0.0,0.0,0,0
0.7596,0.36806666666666665,1,0.0,0.0,0,0
0.2647,3.815233333333333,1,0.0,0.0,0,3
0.1379,9954.51375,1,0.0,0.0,0,3
0.8397,1262.54595,1,0.0,0.0,0,0
0.7596,0.9165333333333333,1,0.0,0.0,0,0
0.7596,0.46835,1,0.0,0.0,0,0
0.7596,7.215466666666667,1,0.0,0.0,0,0
0.3346,39.91843333333334,1,0.0,0.0,0,3
0.7596,0.18236666666666668,1,0.0,0.0,0,0
0.7596,4.717,1,0.0,0.0,0,0
0.7596,267.2781,1,0.0,0.0,0,0
0.7596,1.3007666666666668,1,0.0,0.0,0,0
0.4184,31.167783333333333,1,0.0,0.0,0,3
0.4184,0.4663833333333333,1,0.0,0.0,0,3
0.2647,0.10016666666666667,1,0.0,0.0,0,3
0.2647,0.08303333333333333,1,0.0,0.0,0,3
0.456,0.46758333333333335,1,0.0,0.0,0,3
0.456,1.3835000000000002,1,0.0,0.0,0,3
0.4185,6.850183333333334,1,0.0,0.0,0,3
0.4185,4.633733333333334,1,0.0,0.0,0,3
0.4185,3.699183333333333,1,0.0,0.0,0,3
0.4185,0.65,1,0.0,0.0,0,3
0.4184,0.18343333333333334,1,0.0,0.0,0,3
0.4184,0.3672333333333333,1,0.0,0.0,0,3
0.4186,0.2830166666666667,1,0.0,0.0,0,3
0.4186,0.18395,1,0.0,0.0,0,3
0.1071,0.0999,1,0.0,0.0,0,0
0.4186,0.9160333333333334,1,0.0,0.0,0,3
0.4186,0.10006666666666666,1,0.0,0.0,0,3
0.2647,0.2666,1,0.0,0.0,0,3
0.2647,0.28348333333333336,1,0.0,0.0,0,3
0.2647,2.5002833333333334,1,0.0,0.0,1,3
0.2647,0.28315,1,0.0,0.0,1,3
0.723,4.017,1,0.0,0.0,0,3
0.723,0.18408333333333332,1,0.0,0.0,0,3
0.723,0.08266666666666667,1,0.0,0.0,0,3
0.723,0.00038333333333333334,1,0.0,0.0,0,3
0.723,0.00018333333333333334,1,0.0,0.0,0,3
0.723,0.0001,1,0.0,0.0,0,3
0.723,0.09923333333333333,1,0.0,0.0,0,3
0.723,0.367,1,0.0,0.0,0,3
0.723,0.5499833333333334,1,0.0,0.0,0,3
0.723,0.0009166666666666666,1,0.0,0.0,0,3
0.723,0.0002666666666666667,1,0.0,0.0,0,3
0.723,1.4820333333333333,1,0.0,0.0,0,3
0.723,0.10731666666666667,1,0.0,0.0,0,3
0.723,3.0426,1,0.0,0.0,0,3
0.723,0.0831,1,0.0,0.0,0,3
0.456,0.3672166666666667,1,0.0,0.0,0,3
0.723,0.4669166666666667,1,0.0,0.0,0,3
0.8397,0.3669,1,0.0,0.0,0,3
0.8397,0.10013333333333334,1,0.0,0.0,0,3
0.8397,1.2014333333333334,1,0.0,0.0,0,3
0.8397,0.09886666666666667,1,0.0,0.0,0,3
0.8397,0.1833,1,0.0,0.0,0,3
0.8397,0.17413333333333333,1,0.0,0.0,0,3
0.8397,0.09131666666666667,1,0.0,0.0,0,3
0.2537,1.1167666666666667,1,0.0,0.0,0,0
0.8397,0.18351666666666666,1,0.0,0.0,0,3
0.8397,2.4164000000000003,1,0.0,0.0,0,3
0.8397,0.18408333333333332,1,0.0,0.0,0,3
0.8397,0.08251666666666665,1,0.0,0.0,0,3
0.1071,1.7671999999999999,1,0.0,0.0,0,0
0.8397,0.08323333333333333,1,0.0,0.0,0,3
0.8397,0.0005166666666666667,1,0.0,0.0,0,3
0.8397,2.9663833333333334,1,0.0,0.0,0,3
0.8397,0.36678333333333335,1,0.0,0.0,0,3
0.8397,1.0282666666666667,1,0.0,0.0,0,3
0.8397,0.0004,1,0.0,0.0,0,3
0.8397,0.08993333333333334,1,0.0,0.0,0,3
0.8397,0.0003333333333333333,1,0.0,0.0,0,3
0.8397,0.09756666666666666,1,0.0,0.0,0,3
0.8397,5e-05,1,0.0,0.0,0,3
0.8397,0.00025,1,0.0,0.0,0,3
0.8397,0.00021666666666666666,1,0.0,0.0,0,3
0.8397,0.00025,1,0.0,0.0,0,3
0.8397,0.2656,1,0.0,0.0,0,3
0.8397,0.18336666666666668,1,0.0,0.0,0,3
0.8397,0.5666166666666667,1,0.0,0.0,0,3
0.8397,1.5669166666666667,1,0.0,0.0,0,3
0.1071,0.18333333333333332,1,0.0,0.0,0,0
0.8397,0.36683333333333334,1,0.0,0.0,0,3
0.8397,6.666666666666667e-05,1,0.0,0.0,0,3
0.8397,0.0004,1,0.0,0.0,0,3
0.8397,0.0003333333333333333,1,0.0,0.0,0,3
0.8397,0.09906666666666666,1,0.0,0.0,0,3
0.8397,0.00035,1,0.0,0.0,0,3
0.8397,0.09985,1,0.0,0.0,0,3
0.8397,0.183,1,0.0,0.0,0,3
0.8397,0.1851,1,0.0,0.0,0,3
0.8397,0.00036666666666666667,1,0.0,0.0,0,3
0.8397,0.08178333333333333,1,0.0,0.0,0,3
0.8397,0.0005666666666666667,1,0.0,0.0,0,3
0.1071,0.18315,1,0.0,0.0,0,0
0.723,1.8664333333333334,1,0.0,0.0,0,3
0.3346,0.6329166666666667,1,0.0,0.0,0,3
0.3346,0.10043333333333333,1,0.0,0.0,0,3
0.3346,0.00035,1,0.0,0.0,0,3
0.3346,0.08355,1,0.0,0.0,0,3
0.3346,0.0015833333333333333,1,0.0,0.0,0,3
0.3346,0.09703333333333333,1,0.0,0.0,0,3
0.3346,0.10001666666666667,1,0.0,0.0,0,3
0.3346,0.2676,1,0.0,0.0,0,3
0.1071,0.83245,1,0.0,0.0,0,0
0.456,2.233966666666667,1,0.0,0.0,0,3
0.456,0.08518333333333333,1,0.0,0.0,0,3
0.2537,0.0979,1,0.0,0.0,0,3
0.2537,0.18353333333333335,1,0.0,0.0,0,3
0.1071,0.1832,1,0.0,0.0,0,0
0.7596,3798.1790833333334,1,0.0,0.0,0,0
0.7596,0.9318666666666666,1,0.0,0.0,0,0
0.7596,0.6504,1,0.0,0.0,0,0
0.7596,0.18076666666666666,1,0.0,0.0,0,0
0.7596,0.8332333333333334,1,0.0,0.0,0,0
0.3346,11845.081316666667,1,0.0,0.0,0,3
0.2424,0.09956666666666666,1,0.0,0.0,0,3
0.3902,0.7428166666666667,1,0.0,0.0,0,3
0.3902,0.0001,1,0.0,0.0,0,3
0.3902,0.0001,1,0.0,0.0,0,3
0.3902,6.666666666666667e-05,1,0.0,0.0,0,3
0.3902,3.1906666666666665,1,0.0,0.0,0,3
0.3855,0.27845000000000003,1,0.0,0.0,0,3
0.2424,0.37138333333333334,1,0.0,0.0,0,0
0.2424,0.18475000000000003,1,0.0,0.0,0,0
0.3243,1.82415,1,0.0,0.0,0,3
0.3243,6.122183333333334,1,0.0,0.0,0,3
0.3243,0.2788833333333333,1,0.0,0.0,0,0
0.3243,0.09251666666666666,1,0.0,0.0,0,3
0.3902,3.3394666666666666,1,0.0,0.0,0,3
0.3902,0.09323333333333333,1,0.0,0.0,0,3
0.7596,0.09380000000000001,1,0.0,0.0,0,0
0.3902,0.0929,1,0.0,0.0,0,0
0.2424,1031.4478166666665,1,0.0,0.0,0,3
0.2424,0.18516666666666665,1,0.0,0.0,0,0
0.2424,0.6506500000000001,1,0.0,0.0,0,3
0.2424,8.333333333333333e-05,1,0.0,0.0,0,3
0.2424,0.09318333333333334,1,0.0,0.0,0,3
0.2424,8.333333333333333e-05,1,0.0,0.0,0,3
0.2424,0.09223333333333333,1,0.0,0.0,0,3
0.2424,0.27876666666666666,1,0.0,0.0,0,3
0.3855,0.18606666666666666,1,0.0,0.0,0,0
0.3902,4.73245,1,0.0,0.0,0,0
0.7596,0.1853,1,0.0,0.0,0,0
0.2424,14.016533333333333,1,0.0,0.0,0,0
0.2424,0.18575,1,0.0,0.0,0,0
0.3902,0.6510333333333332,1,0.0,0.0,0,0
0.7596,0.18488333333333334,1,0.0,0.0,0,0
0.7596,2.41295,1,0.0,0.0,0,0
0.2424,0.3716,1,0.0,0.0,0,0
0.7596,1.7640333333333333,1,0.0,0.0,0,0
0.7596,124.38611666666667,1,0.0,0.0,0,0
0.7596,0.09306666666666666,1,0.0,0.0,0,0
0.7596,0.09196666666666667,1,0.0,0.0,0,0
0.2424,1.0703,1,0.0,0.0,0,0
0.3855,9.8366,1,0.0,0.0,0,3
0.7596,165.576,1,0.0,0.0,0,0
0.2424,13.0974,1,0.0,0.0,0,3
0.2424,0.37070000000000003,1,0.0,0.0,1,0
0.2424,0.37138333333333334,1,0.0,0.0,1,3
0.7596,0.18556666666666669,1,0.0,0.0,0,0
0.7596,0.3713166666666667,1,0.0,0.0,0,0
0.2424,1149.7544500000001,1,0.0,0.0,0,3
0.2424,1.3001333333333334,1,0.0,0.0,0,3
0.2424,0.0924,1,0.0,0.0,0,3
0.2424,0.00015,1,0.0,0.0,0,3
0.2424,0.00031666666666666665,1,0.0,0.0,0,3
0.2424,0.00016666666666666666,1,0.0,0.0,0,3
0.2424,16.6189,1,0.0,0.0,0,3
0.2424,0.09559999999999999,1,0.0,0.0,0,3
0.2424,0.0002,1,0.0,0.0,0,3
0.2424,0.08963333333333333,1,0.0,0.0,0,3
0.2424,0.0925,1,0.0,0.0,0,3
0.2424,0.37205,1,0.0,0.0,0,3
0.2424,0.2783833333333333,1,0.0,0.0,0,3
0.3855,0.18545,1,0.0,0.0,0,0
0.7596,28.854966666666666,1,0.0,0.0,0,0
0.2424,197.59101666666666,1,0.0,0.0,0,3
0.2424,1502.8149666666666,1,0.0,-1.28,0,0
0.2424,5.7527833333333325,1,0.0,-0.42,0,3
0.2424,0.8342166666666666,1,0.0,-0.42,0,0
0.7596,0.09956666666666666,0,0.0,0.0,0,3
0.7596,0.0001,0,0.0,0.0,0,3
0.7596,12.030466666666666,0,0.0,0.0,0,3
0.7596,0.030233333333333334,0,0.0,0.0,0,3
0.7596,0.5988833333333333,0,0.0,0.0,0,3
0.7596,0.014283333333333334,0,0.0,0.0,0,3
0.7596,0.0132,0,0.0,0.0,0,3
0.7596,0.00575,0,0.0,0.0,0,3
0.7596,0.00735,0,0.0,0.0,0,3
0.7596,4.261516666666667,0,0.0,0.0,0,3
0.7596,0.30713333333333337,0,0.0,0.0,0,3
0.7596,5e-05,0,0.0,0.0,0,3
0.7596,1324.2105166666665,0,0.0,0.0,0,3
0.7596,0.0981,0,0.0,0.0,0,4
0.7596,0.09956666666666666,0,0.0,0.0,0,3
0.6371,0.09956666666666666,0,0.0,0.0,0,3
0.6371,0.09853333333333333,0,0.0,0.0,0,3
0.6711,6.666666666666667e-05,0,0.0,0.0,0,3
0.6711,0.10018333333333333,0,0.0,0.0,0,0
0.6711,0.26681666666666665,0,0.0,0.0,0,3
0.7596,0.09956666666666666,0,0.0,0.0,1,0
0.7596,32.5859,0,0.0,0.0,0,0
0.7596,0.18485,0,0.0,0.0,1,0
0.7596,0.20143333333333333,0,0.0,0.0,0,0
0.2053,0.09956666666666666,1,0.0,0.0,0,0
0.7596,36.550533333333334,1,0.0,-0.43,0,0
0.7596,0.08288333333333334,1,0.0,-0.43,0,0
0.1379,62.4523,1,0.0,0.0,0,3
0.7596,9.817883333333333,1,0.0,0.0,0,0
0.2053,162.6558,1,0.0,0.0,0,3
0.2042,15.331816666666667,1,0.0,-0.7,0,3
0.9304,3.08555,1,0.0,-0.63,0,0
0.7596,31.234616666666668,1,0.0,0.0,0,0
0.9304,10.414383333333335,1,0.0,-0.42,0,3
0.7596,9.801316666666667,1,0.0,0.0,0,0
0.1379,0.46585,1,0.0,-1.48,0,3
0.7596,0.09955,1,0.0,0.0,0,0
0.7596,0.7334999999999999,1,0.0,0.0,0,0
0.7596,0.367,1,0.0,0.0,0,0
0.7596,0.7494166666666667,1,0.0,0.0,0,0
0.7596,8.967166666666666,1,0.0,0.0,0,0
0.7596,2.216616666666667,1,0.0,0.0,0,0
0.7596,0.28353333333333336,1,0.0,0.0,0,0
0.7596,18.117849999999997,1,0.0,0.0,0,0
0.7596,0.9160333333333334,1,0.0,0.0,0,0
0.7596,4.167,1,0.0,0.0,0,0
0.7596,2.26655,1,0.0,0.0,0,0
0.7596,1.0514333333333332,1,0.0,0.0,0,0
0.5192,1.6650500000000001,1,0.0,1.77,0,3
0.5192,0.00028333333333333335,1,0.0,1.77,0,3
0.5192,0.00018333333333333334,1,0.0,1.77,0,3
0.5192,0.00016666666666666666,1,0.0,1.77,0,3
0.5192,0.00023333333333333333,1,0.0,1.77,0,3
0.4318,3.3211500000000003,1,0.0,0.75,0,3
0.4318,0.09515,1,0.0,0.75,0,3
0.4318,0.0003333333333333333,1,0.0,0.75,0,3
0.4318,0.0003,1,0.0,0.75,0,3
0.4318,4.082483333333333,1,0.0,0.75,0,3
0.5192,1.8503666666666667,1,0.0,1.77,0,3
0.7596,1.0160333333333333,1,0.0,-0.57,1,0
0.5192,6.0671,1,0.0,1.77,0,3
0.33,44.401716666666665,1,0.0,0.0,0,0
0.2053,9.999833333333333,1,0.0,0.0,0,0
0.1725,992.68095,1,0.0,0.0,0,0
0.7596,0.18345,1,0.0,0.0,0,0
0.1725,0.10033333333333333,1,0.0,0.0,0,0
0.1725,0.08313333333333334,1,0.0,0.0,0,0
0.7596,0.00023333333333333333,1,0.0,1.73,0,0
0.1725,2.7832,1,0.0,0.0,0,0
0.3901,6126.074833333333,1,0.0,0.0,0,3
0.3059,0.4659833333333333,1,0.0,0.0,0,3
0.3901,0.46726666666666666,1,0.0,0.0,0,3
0.3901,7.2161,1,0.0,0.0,0,3
0.3901,7.417199999999999,1,0.0,0.0,0,3
0.1379,7.50045,1,0.0,0.0,0,3
0.1379,0.7332833333333333,1,0.0,0.0,0,3
0.1379,0.18363333333333334,1,0.0,0.0,0,3
0.1379,1.4853833333333335,1,0.0,0.0,0,3
0.1379,2.4976,1,0.0,0.0,0,3
0.1379,3.0674,1,0.0,0.0,0,3
0.2261,0.0829,1,0.0,0.0,0,3
0.1379,0.7501333333333334,1,0.0,0.0,0,3
0.1379,0.18409999999999999,1,0.0,0.0,0,3
0.1379,17.02245,1,0.0,-0.18,0,3
0.2042,0.09390000000000001,1,0.0,0.14,0,3
0.9304,13.5832,1,0.0,-0.84,0,3
0.1379,39.11933333333333,1,0.0,0.0,0,3
0.2318,951.5694333333333,1,0.0,0.0,0,3
0.1725,89.96896666666666,1,0.0,-0.18,0,3
0.33,29.71783333333333,1,0.0,0.0,0,3
0.33,2.6359333333333335,1,0.0,0.0,0,0
0.33,7.049883333333333,1,0.0,0.0,0,3
0.1379,47.38271666666667,1,0.0,2.27,0,3
0.3059,83.15855,1,0.0,0.0,0,3
0.2053,183.10655,1,0.0,0.0,0,3
0.33,0.46946666666666664,1,0.0,0.0,0,3
0.1379,997.8289,1,0.0,-0.67,0,3
0.1379,2.2164333333333333,1,0.0,6.97,0,3
0.2423,54.035133333333334,1,0.0,0.53,0,3
0.1379,0.08373333333333334,1,0.0,0.0,0,3
0.1379,1.58445,1,0.0,0.45,0,3
0.1379,10.57845,1,0.0,0.0,1,3
0.1379,0.0712,1,0.0,0.0,0,3
0.2423,0.7385666666666667,1,0.0,0.18,0,3
0.1379,0.09976666666666666,1,0.0,0.19,0,3
0.1379,48.14681666666667,1,0.0,0.73,0,3
0.1379,186.4876,1,0.0,0.0,0,3
0.2261,9.722866666666667,1,0.0,0.0,0,3
0.1379,3.61195,1,0.0,0.0,0,3
0.2318,2.683066666666667,1,0.0,-0.7,0,3
0.9304,7029.4895333333325,1,0.0,0.21,0,3
0.9304,2.2522666666666664,1,0.0,0.21,0,3
0.9304,32.36536666666667,1,0.0,0.43,0,0
0.7596,1.6662333333333335,1,0.0,-0.76,0,0
0.6988,10061.582266666666,1,0.0,0.0,0,0
0.6988,0.18331666666666668,1,0.0,0.0,0,0
0.6988,0.28326666666666667,1,0.0,0.0,0,3
0.6988,0.09901666666666667,1,0.0,0.0,0,0
0.6988,0.3677,1,0.0,0.0,0,0
0.6988,0.18266666666666667,1,0.0,0.0,0,0
0.7596,0.3668166666666667,1,0.0,0.0,0,0
0.6988,1.30005,1,0.0,0.0,0,0
0.9304,4196.6615,1,0.0,0.22,0,3
0.9304,0.00035,1,0.0,0.22,0,3
0.9304,0.09936666666666666,1,0.0,0.22,0,4
0.9304,5.63605,1,0.02,0.22,0,3
0.9304,6.666666666666667e-05,1,0.02,0.22,0,3
0.9304,0.08233333333333334,1,0.02,0.22,0,3
0.9304,0.0002666666666666667,1,0.02,0.22,0,3
0.9304,0.00028333333333333335,1,0.02,0.22,0,3
0.9304,0.0004,1,0.02,0.22,0,3
0.9304,0.18315,1,0.02,0.22,0,3
0.9304,0.0003,1,0.02,0.22,0,3
0.9304,5.83085,1,0.02,0.22,0,3
0.9304,0.00016666666666666666,1,0.02,0.22,0,3
0.9304,0.09995,1,0.02,0.22,0,3
0.9304,0.0004,1,0.02,0.22,0,3
0.9304,0.00025,1,0.02,0.22,0,3
0.9304,7.716916666666666,1,0.02,0.22,0,3
0.9304,0.08245,1,0.02,0.22,0,3
0.7596,339.6886333333333,1,0.02,-0.56,0,0
0.9304,53.31818333333333,1,0.0196078431372549,-0.22,0,0
0.7596,0.09956666666666666,0,0.0,0.0,0,3
0.7596,0.5496833333333334,0,0.0,0.0,0,3
0.7596,0.09971666666666666,0,0.0,0.0,0,3
0.7596,0.8335333333333333,0,0.0,0.0,0,3
0.7596,0.08343333333333333,0,0.0,0.0,0,3
0.8867,0.09956666666666666,1,0.0,0.0,0,3
0.8867,5e-05,1,0.0,0.0,0,3
0.8049,36.90153333333333,1,0.0,0.0,0,3
0.8049,0.0004333333333333333,1,0.0,0.0,0,3
0.8049,19.3766,1,0.0,0.0,0,3
0.8049,0.006933333333333333,1,0.0,0.0,0,3
0.9803,1488.3391333333334,1,0.0,0.0,0,3
0.9803,0.00028333333333333335,1,0.0,0.0,0,3
0.7596,15982.817716666666,1,0.0,0.0,0,3
0.7596,8.333333333333333e-05,1,0.0,0.0,0,3
0.9803,18.469933333333334,1,0.0,0.0,0,3
0.9803,1.6666666666666667e-05,1,0.0,0.0,0,3
0.9803,0.73795,1,0.0,0.0,0,3
0.9803,0.0,1,0.0,0.0,0,3
0.9803,15.371383333333334,1,0.0,0.0,0,3
0.9803,0.0,1,0.0,0.0,0,3
0.7596,70.04043333333334,1,0.0,0.0,0,3
0.7596,1.6666666666666667e-05,1,0.0,0.0,0,3
0.7596,0.09176666666666668,1,0.0,0.0,0,3
0.7596,1.6666666666666667e-05,1,0.0,0.0,0,3
0.7596,0.19053333333333333,1,0.0,0.0,0,3
0.7596,0.0,1,0.0,0.0,0,3
0.7596,8.32635,1,0.0,0.0,0,3
0.7596,0.00023333333333333333,1,0.0,0.0,0,3
0.7596,0.04773333333333333,1,0.0,0.0,0,3
0.7596,6.666666666666667e-05,1,0.0,0.0,0,3
0.7596,0.19068333333333334,1,0.0,0.0,0,3
0.7596,0.0,1,0.0,0.0,0,3
0.7596,2.6922833333333336,1,0.0,0.0,0,3
0.7596,8.333333333333333e-05,1,0.0,0.0,0,3
0.7596,5.131316666666667,1,0.0,0.0,0,3
0.7596,0.00018333333333333334,1,0.0,0.0,0,3
0.7596,0.12718333333333334,1,0.0,0.0,0,3
0.7596,0.0,1,0.0,0.0,0,3
0.7596,0.050866666666666664,1,0.0,0.0,0,3
0.7596,0.0003333333333333333,1,0.0,0.0,0,3
0.7596,0.07719999999999999,1,0.0,0.0,0,3
0.7596,0.0,1,0.0,0.0,0,3
0.7596,1.1775166666666665,1,0.0,0.0,0,3
0.7596,0.00028333333333333335,1,0.0,0.0,0,3
0.8377,5.172366666666666,1,0.0,0.0,0,3
0.8377,3.3333333333333335e-05,1,0.0,0.0,0,3
0.7596,98.54803333333332,1,0.0,0.0,0,3
0.7596,0.0,1,0.0,0.0,0,3
0.8377,0.7222833333333334,1,0.0,0.0,0,3
0.8377,0.00065,1,0.0,0.0,0,3
0.9384,1039.9223,1,0.0,0.0,0,3
0.9384,0.00023333333333333333,1,0.0,0.0,0,3
0.9803,19.2826,1,0.0,0.0,0,3
0.9803,1.6666666666666667e-05,1,0.0,0.0,0,3
0.9803,3.6586166666666666,1,0.0,0.0,0,3
0.9803,1.6666666666666667e-05,1,0.0,0.0,0,3
0.7596,12.253716666666666,1,0.0,0.0,0,3
0.7596,8.333333333333333e-05,1,0.0,0.0,0,3
0.9803,24.80655,1,0.0,0.0,0,3
0.9803,8.333333333333333e-05,1,0.0,0.0,0,3
0.9803,1287.6005166666666,1,0.0,0.0,0,3
0.9803,0.14425,1,0.0,0.0,0,3
0.9803,5.117566666666666,1,0.0,0.0,0,3
0.9803,0.054433333333333334,1,0.0,0.0,0,3
0.9803,0.013366666666666667,1,0.0,0.0,0,3
0.9803,0.011416666666666667,1,0.0,0.0,0,3
0.9803,0.007516666666666667,1,0.0,0.0,0,3
0.9803,0.016266666666666665,1,0.0,0.0,0,3
0.9803,3.4890833333333333,1,0.0,0.0,0,3
0.9803,4.714466666666667,1,0.0,0.0,0,3
0.9803,0.3797333333333333,1,0.0,0.0,0,3
0.9803,0.13588333333333333,1,0.0,0.0,0,3
0.9803,0.06506666666666666,1,0.0,0.0,0,3
0.9803,0.035883333333333337,1,0.0,0.0,0,3
0.9803,0.00035,1,0.0,0.0,0,3
0.9803,71.40979999999999,1,0.0,0.0,0,3
0.9803,10.705983333333334,1,0.0,0.0,0,3
0.9803,0.5244333333333333,1,0.0,0.0,0,3
0.9803,0.16075,1,0.0,0.0,0,3
0.9803,0.9280833333333334,1,0.0,0.0,0,3
0.8867,9.965916666666667,1,0.0,0.0,0,3
0.8867,0.08181666666666666,1,0.0,0.0,0,3
0.8867,0.021916666666666664,1,0.0,0.0,0,3
0.9803,0.06933333333333333,1,0.0,0.0,0,3
0.8867,0.0257,1,0.0,0.0,0,3
0.8867,0.14504999999999998,1,0.0,0.0,0,3
0.8867,0.04115,1,0.0,0.0,0,3
0.8049,0.029449999999999997,1,0.0,0.0,0,3
0.8049,0.059666666666666666,1,0.0,0.0,0,3
0.8867,0.033,1,0.0,0.0,0,3
0.8867,0.14448333333333335,1,0.0,0.0,0,3
0.8867,0.0241,1,0.0,0.0,0,3
0.9803,13.00655,1,0.0,0.0,0,3
0.8867,0.21993333333333334,1,0.0,0.0,0,3
0.9803,9.516950000000001,1,0.0,0.0,0,3
0.9803,12.103966666666668,1,0.0,0.0,0,3
0.9803,7.73145,1,0.0,0.0,0,3
0.9803,2.2683000000000004,1,0.0,0.0,0,3
0.9803,1.0843,1,0.0,0.0,0,3
0.9803,0.93285,1,0.0,0.0,0,3
0.9803,130.0508,1,0.0,0.0,0,3
0.9803,0.28381666666666666,1,0.0,0.0,0,3
0.9803,20.85425,1,0.0,0.0,0,3
0.9803,15.4195,1,0.0,0.0,0,3
0.9803,1.0230166666666667,1,0.0,0.0,0,3
0.9803,0.42413333333333336,1,0.0,0.0,0,3
0.8867,0.14736666666666667,1,0.0,0.0,0,3
0.8867,0.07101666666666667,1,0.0,0.0,0,3
0.9803,16.285166666666665,1,0.0,0.0,0,3
0.9803,20.830316666666665,1,0.0,0.0,0,3
0.9803,0.05678333333333333,1,0.0,0.0,0,3
0.9803,3.0662000000000003,1,0.0,0.0,0,3
0.9803,10.60375,1,0.0,0.0,0,3
0.8867,0.04158333333333333,1,0.0,0.0,0,3
0.8867,1.1795833333333334,1,0.0,0.0,0,3
0.8867,0.06048333333333333,1,0.0,0.0,0,3
0.9803,1.8469333333333333,1,0.0,0.0,0,3
0.8049,2.6554833333333336,1,0.0,0.0,0,3
0.8049,0.10986666666666665,1,0.0,0.0,0,3
0.7596,0.032716666666666665,1,0.0,0.0,0,3
0.7596,0.10883333333333334,1,0.0,0.0,0,3
0.7596,0.24029999999999999,1,0.0,0.0,0,3
0.7596,0.7146666666666667,1,0.0,0.0,0,3
0.7596,0.9303666666666667,1,0.0,0.0,0,3
0.9803,16.102016666666668,1,0.0,0.0,0,3
0.9803,0.03825,1,0.0,0.0,0,3
0.9803,3.277233333333333,1,0.0,0.0,0,3
0.9803,4.972583333333334,1,0.0,0.0,0,3
0.8049,0.035649999999999994,1,0.0,0.0,0,3
0.8049,1.6414,1,0.0,0.0,0,3
0.8049,0.029083333333333336,1,0.0,0.0,0,3
0.8049,1.03355,1,0.0,0.0,0,3
0.8049,0.07091666666666667,1,0.0,0.0,0,3
0.9803,2.1841333333333335,1,0.0,0.0,0,3
0.9803,2.9642666666666666,1,0.0,0.0,0,3
0.9803,0.048100000000000004,1,0.0,0.0,0,3
0.8867,15.785066666666667,1,0.0,0.0,0,3
0.8867,0.00016666666666666666,1,0.0,0.0,0,3
0.9384,1.4690666666666667,1,0.0,0.0,0,3
0.9384,0.0,1,0.0,0.0,0,3
0.7596,1153.30445,1,0.0,0.0,0,3
0.7596,3.3333333333333335e-05,1,0.0,0.0,0,3
0.9803,152.35448333333335,1,0.0,0.0,0,3
0.7596,0.00028333333333333335,1,0.0,0.0,0,3
0.9803,27.390666666666668,1,0.0,0.0,0,3
0.9803,0.0001,1,0.0,0.0,0,3
0.9803,0.3903166666666667,1,0.0,0.0,0,3
0.9803,8.333333333333333e-05,1,0.0,0.0,0,3
0.2647,4.488233333333333,1,0.0,0.0,0,3
0.2647,5e-05,1,0.0,0.0,0,3
0.9803,11.182583333333334,1,0.0,0.0,0,3
0.9803,5e-05,1,0.0,0.0,0,3
0.9803,40.77373333333333,1,0.0,0.0,0,3
0.9803,0.00036666666666666667,1,0.0,0.0,0,3
0.8049,0.028883333333333334,1,0.0,0.0,0,3
0.8049,0.06275,1,0.0,0.0,0,3
0.8049,0.00013333333333333334,1,0.0,0.0,0,3
0.7596,0.07321666666666667,1,0.0,0.0,0,3
0.7596,0.03973333333333333,1,0.0,0.0,0,3
0.7596,0.0,1,0.0,0.0,0,3
0.9803,1.8502333333333332,1,0.0,0.0,0,3
0.9803,1.6695666666666669,1,0.0,0.0,0,3
0.9803,0.00031666666666666665,1,0.0,0.0,0,3
0.9803,0.6365833333333334,1,0.0,0.0,0,3
0.9803,5e-05,1,0.0,0.0,0,3
0.8867,0.12035,1,0.0,0.0,0,3
0.8867,0.00011666666666666667,1,0.0,0.0,0,3
0.9803,14.685616666666666,1,0.0,0.0,0,3
0.9803,0.20129999999999998,1,0.0,0.0,0,3
0.7596,0.05755,1,0.0,0.0,0,3
0.8867,3.2637666666666667,1,0.0,0.0,0,3
0.8867,3.3333333333333335e-05,1,0.0,0.0,0,3
0.9384,0.07195,1,0.0,0.0,0,3
0.9384,5e-05,1,0.0,0.0,0,3
0.7596,0.06135,1,0.0,0.0,0,3
0.7596,0.0003,1,0.0,0.0,0,3
0.9449,0.17231666666666667,1,0.0,0.0,0,3
0.9449,1.6666666666666667e-05,1,0.0,0.0,0,3
0.7596,0.18238333333333331,1,0.0,0.0,0,3
0.7596,1.6666666666666667e-05,1,0.0,0.0,0,3
0.7596,0.09776666666666665,1,0.0,0.0,0,3
0.7596,3.3333333333333335e-05,1,0.0,0.0,0,3
0.8377,7.84805,1,0.0,0.0,0,3
0.8377,1.6666666666666667e-05,1,0.0,0.0,0,3
0.9803,81.11323333333333,1,0.0,0.0,0,3
0.9803,5e-05,1,0.0,0.0,0,3
0.9803,948.0709333333333,1,0.0,0.0,0,3
0.9803,0.00031666666666666665,1,0.0,0.0,0,3
0.7596,8.62435,1,0.0,0.0,1,3
0.7596,0.015066666666666667,1,0.0,0.0,1,3
0.7596,0.01796666666666667,1,0.0,0.0,1,3
0.7596,16.735783333333334,1,0.0,0.0,0,3
0.7596,0.0423,1,0.0,0.0,0,3
0.7596,0.009466666666666667,1,0.0,0.0,0,3
0.7596,0.008033333333333333,1,0.0,0.0,0,3
0.7596,0.0138,1,0.0,0.0,0,3
0.7596,13.300366666666667,1,0.0,0.0,0,3
0.7596,0.0653,1,0.0,0.0,0,3
0.7596,0.18385,1,0.0,0.0,0,3
0.7596,44.880116666666666,1,0.0,0.0,0,3
0.7596,0.0001,1,0.0,0.0,0,3
0.7596,30.08288333333333,1,0.0,0.0,0,3
0.7596,0.0,1,0.0,0.0,0,3
0.7596,6.905950000000001,1,0.0,0.0,0,3
0.7596,0.5667166666666666,1,0.0,0.0,0,3
0.7596,0.0614,1,0.0,0.0,0,3
0.7596,0.2532,1,0.0,0.0,0,3
0.7596,0.049749999999999996,1,0.0,0.0,0,3
0.7596,1.8771166666666665,1,0.0,0.0,0,3
0.7596,0.014966666666666666,1,0.0,0.0,0,3
0.7596,0.047483333333333336,1,0.0,0.0,0,3
0.9803,6.94975,1,0.0,0.0,0,3
0.9803,0.3823,1,0.0,0.0,0,3
0.9803,0.00035,1,0.0,0.0,0,3
0.7596,28.881983333333334,1,0.0,0.0,0,3
0.7596,0.00011666666666666667,1,0.0,0.0,0,3
0.7596,0.22823333333333334,1,0.0,0.0,0,3
0.7596,5e-05,1,0.0,0.0,0,3
0.9803,131.7643,1,0.0,0.0,0,3
0.9803,0.8165833333333333,1,0.0,0.0,0,3
0.7596,8.6062,1,0.0,0.0,0,3
0.7596,0.00018333333333333334,1,0.0,0.0,0,3
0.9803,8.350016666666667,1,0.0,0.0,0,3
0.9803,6.666666666666667e-05,1,0.0,0.0,0,3
0.9803,0.07153333333333332,1,0.0,0.0,0,3
0.9803,3.3333333333333335e-05,1,0.0,0.0,0,3
0.8867,0.023399999999999997,1,0.0,0.0,0,3
0.8867,0.0001,1,0.0,0.0,0,3
0.7596,0.10096666666666666,1,0.0,0.0,0,3
0.7596,5e-05,1,0.0,0.0,0,3
0.7596,21.903216666666665,1,0.0,0.0,0,3
0.7596,1.6666666666666667e-05,1,0.0,0.0,0,3
0.4593,20.887383333333332,1,0.0,0.0,0,3
0.4593,0.0992,1,0.0,0.0,0,3
0.4593,0.01055,1,0.0,0.0,0,3
0.4593,0.05528333333333334,1,0.0,0.0,0,3
0.4593,1.3354,1,0.0,0.0,0,3
0.9803,9.146366666666667,1,0.0,0.0,0,3
0.9803,0.12175,1,0.0,0.0,0,3
0.9803,0.013733333333333332,1,0.0,0.0,0,3
0.9803,3.6007000000000002,1,0.0,0.0,0,3
0.9803,0.008866666666666667,1,0.0,0.0,0,3
0.9803,0.015183333333333333,1,0.0,0.0,0,3
0.9803,0.010633333333333333,1,0.0,0.0,0,3
0.9803,0.31415,1,0.0,0.0,0,3
0.9803,0.012133333333333333,1,0.0,0.0,0,3
0.9803,0.0313,1,0.0,0.0,0,3
0.9803,0.00635,1,0.0,0.0,0,3
0.9803,2.952633333333333,1,0.0,0.0,0,3
0.9803,0.0129,1,0.0,0.0,0,3
0.9803,0.011699999999999999,1,0.0,0.0,0,3
0.9803,1.1881666666666668,1,0.0,0.0,0,3
0.9803,0.0,1,0.0,0.0,0,3
0.7596,5.5362,1,0.0,0.0,0,3
0.7596,1.8106166666666668,1,0.0,0.0,0,3
0.7596,3.3333333333333335e-05,1,0.0,0.0,0,3
0.2647,129.04096666666666,1,0.0,0.0,0,3
0.2647,0.10686666666666667,1,0.0,0.0,0,3
0.2647,0.013699999999999999,1,0.0,0.0,0,3
0.2647,0.032016666666666665,1,0.0,0.0,0,3
0.7596,3.8045666666666667,1,0.0,0.0,0,3
0.7596,1.6666666666666667e-05,1,0.0,0.0,0,3
0.2647,3876.5381333333335,1,0.0,0.0,0,3
0.9803,3.3333333333333335e-05,1,0.0,0.0,0,3
0.9803,25.036150000000003,1,0.0,0.0,0,3
0.9803,6.666666666666667e-05,1,0.0,0.0,0,3
0.7596,257.02818333333335,1,0.0,0.0,0,3
0.7596,0.11699999999999999,1,0.0,0.0,0,3
0.7596,0.11618333333333333,1,0.0,0.0,0,3
0.7596,0.15751666666666667,1,0.0,0.0,0,3
0.7596,0.02061666666666667,1,0.0,0.0,0,3
0.7596,0.02351666666666667,1,0.0,0.0,0,3
0.7596,0.028866666666666665,1,0.0,0.0,0,3
0.8867,22.64565,1,0.0,0.0,0,3
0.8867,0.0001,1,0.0,0.0,0,3
0.8049,0.6116666666666667,1,0.0,0.0,0,3
0.8049,3.3333333333333335e-05,1,0.0,0.0,0,3
0.7596,0.45990000000000003,1,0.0,0.0,0,3
0.7596,0.0001,1,0.0,0.0,0,3
0.7596,2.57235,1,0.0,0.0,0,3
0.7596,0.0007833333333333334,1,0.0,0.0,0,3
0.8049,0.12265,1,0.0,0.0,0,3
0.8049,0.0005666666666666667,1,0.0,0.0,0,3
0.8867,126.37978333333334,1,0.0,0.0,0,3
0.8867,2.139616666666667,1,0.0,0.0,0,3
0.8867,1.4226333333333334,1,0.0,0.0,0,3
0.7596,913.3653833333334,1,0.0,0.0,0,3
0.7596,0.0145,1,0.0,0.0,0,3
0.8049,30.049683333333334,1,0.0,0.0,0,3
0.8049,0.0008333333333333334,1,0.0,0.0,0,3
0.8867,0.04363333333333333,1,0.0,0.0,0,3
0.8867,0.00011666666666666667,1,0.0,0.0,0,3
0.8049,0.09056666666666667,1,0.0,0.0,0,3
0.8049,1.6666666666666667e-05,1,0.0,0.0,0,3
0.8049,0.40195000000000003,1,0.0,0.0,0,3
0.8049,1.6666666666666667e-05,1,0.0,0.0,0,3
0.9803,0.8776499999999999,1,0.0,0.0,0,3
0.9803,3.3333333333333335e-05,1,0.0,0.0,0,3
0.9803,6.1014333333333335,1,0.0,0.0,0,3
0.9803,0.00021666666666666666,1,0.0,0.0,0,3
0.9803,7.337666666666666,1,0.0,0.0,0,3
0.9803,1.6666666666666667e-05,1,0.0,0.0,0,3
0.9803,1.3801166666666667,1,0.0,0.0,0,3
0.9803,6.666666666666667e-05,1,0.0,0.0,0,3
0.7596,8.802516666666666,1,0.0,0.0,0,3
0.7596,8.333333333333333e-05,1,0.0,0.0,0,3
0.9803,3.97885,1,0.0,0.0,0,3
0.7596,0.0022,1,0.0,0.0,0,3
0.9803,0.3811,1,0.0,0.0,0,3
0.9803,5e-05,1,0.0,0.0,0,3
0.7596,1.92425,1,0.0,0.0,0,3
0.7596,0.0,1,0.0,0.0,0,3
0.9803,7.532483333333333,1,0.0,0.0,0,3
0.9803,1.6666666666666667e-05,1,0.0,0.0,0,3
0.7596,13.985433333333333,1,0.0,0.0,0,3
0.7596,0.0,1,0.0,0.0,0,3
0.9803,8.879216666666668,1,0.0,0.0,0,3
0.9803,5e-05,1,0.0,0.0,0,3
0.8867,31.437450000000002,1,0.0,0.0,0,3
0.8867,0.00015,1,0.0,0.0,0,3
0.7596,0.09801666666666667,1,0.0,0.0,0,3
0.7596,0.0,1,0.0,0.0,0,3
0.7596,5.12245,1,0.0,0.0,0,3
0.7596,8.333333333333333e-05,1,0.0,0.0,0,3
0.9384,3.5738,1,0.0,0.0,0,3
0.9384,5e-05,1,0.0,0.0,0,3
0.8049,14.274033333333334,1,0.0,0.0,0,3
0.8049,3.3333333333333335e-05,1,0.0,0.0,0,3
0.9803,7.018066666666667,1,0.0,0.0,0,3
0.9803,6.666666666666667e-05,1,0.0,0.0,0,3
0.8049,11.199983333333334,1,0.0,0.0,0,3
0.8049,5e-05,1,0.0,0.0,0,3
0.8867,14.155333333333335,1,0.0,0.0,0,3
0.8867,1.6666666666666667e-05,1,0.0,0.0,0,3
0.9803,4.82515,1,0.0,0.0,0,3
0.9803,0.03715,1,0.0,0.0,0,3
0.9803,0.00045,1,0.0,0.0,0,3
0.7596,118.23655000000001,1,0.0,0.0,0,3
0.7596,0.016466666666666668,1,0.0,0.0,0,3
0.7596,0.029949999999999997,1,0.0,0.0,0,3
0.7596,0.3085833333333333,1,0.0,0.0,0,3
0.7596,0.010766666666666667,1,0.0,0.0,0,3
0.7596,0.041133333333333334,1,0.0,0.0,0,3
0.7596,5e-05,1,0.0,0.0,0,3
0.9803,0.17843333333333333,1,0.0,0.0,0,3
0.9803,0.010416666666666666,1,0.0,0.0,0,3
0.9803,0.022033333333333335,1,0.0,0.0,0,3
0.9803,0.06598333333333334,1,0.0,0.0,0,3
0.9803,6.666666666666667e-05,1,0.0,0.0,0,3
0.8867,0.042,1,0.0,0.0,0,3
0.8867,1.25945,1,0.0,0.0,0,3
0.8867,0.01465,1,0.0,0.0,0,3
0.8867,0.0,1,0.0,0.0,0,3
0.8867,0.10711666666666667,1,0.0,0.0,0,3
0.8867,0.00023333333333333333,1,0.0,0.0,0,3
0.9803,64.30453333333334,1,0.0,0.0,0,3
0.9803,1.6666666666666667e-05,1,0.0,0.0,0,3
0.7596,61.15871666666667,1,0.0,0.0,0,3
0.7596,0.00028333333333333335,1,0.0,0.0,0,3
0.7596,0.45353333333333334,1,0.0,0.0,0,3
0.7596,5e-05,1,0.0,0.0,0,3
0.7596,0.4418666666666667,1,0.0,0.0,0,3
0.8377,1.6666666666666667e-05,1,0.0,0.0,0,3
0.7596,0.07043333333333333,1,0.0,0.0,0,3
0.7596,5e-05,1,0.0,0.0,0,3
0.7596,0.03623333333333333,1,0.0,0.0,0,3
0.7596,0.0,1,0.0,0.0,0,3
0.7596,0.08226666666666667,1,0.0,0.0,0,3
0.7596,3.3333333333333335e-05,1,0.0,0.0,0,3
0.7596,1.1342833333333333,1,0.0,0.0,0,3
0.7596,0.016666666666666666,1,0.0,0.0,0,3
0.7596,0.07301666666666667,1,0.0,0.0,0,3
0.7596,0.03261666666666667,1,0.0,0.0,0,3
0.7596,0.018966666666666666,1,0.0,0.0,0,3
0.7596,0.03593333333333334,1,0.0,0.0,0,3
0.7596,0.008916666666666666,1,0.0,0.0,0,3
0.7596,1.6272666666666666,1,0.0,0.0,0,3
0.7596,1.6666666666666667e-05,1,0.0,0.0,0,3
0.8377,0.18493333333333334,1,0.0,0.0,0,3
0.8377,1.6666666666666667e-05,1,0.0,0.0,0,3
0.7596,10.292483333333333,1,0.0,0.0,0,3
0.7596,8.333333333333333e-05,1,0.0,0.0,0,3
0.7596,3.6856166666666668,1,0.0,0.0,0,3
0.7596,8.333333333333333e-05,1,0.0,0.0,0,3
0.7596,4.712133333333333,1,0.0,0.0,0,3
0.7596,0.0,1,0.0,0.0,0,3
0.8377,0.24721666666666667,1,0.0,0.0,0,3
0.8377,1.6666666666666667e-05,1,0.0,0.0,0,3
0.7596,1.6121333333333332,1,0.0,0.0,0,3
0.7596,1.6666666666666667e-05,1,0.0,0.0,0,3
0.7596,0.09741666666666667,1,0.0,0.0,1,3
0.7596,3.3333333333333335e-05,1,0.0,0.0,1,3
0.7596,0.04981666666666666,1,0.0,0.0,1,3
0.7596,0.00011666666666666667,1,0.0,0.0,1,3
0.7596,0.09268333333333333,1,0.0,0.0,0,3
0.7596,1.6666666666666667e-05,1,0.0,0.0,0,3
0.7596,0.17586666666666667,1,0.0,0.0,0,3
0.7596,0.0,1,0.0,0.0,0,3
0.7596,0.3004833333333333,1,0.0,0.0,0,3
0.7596,0.00013333333333333334,1,0.0,0.0,0,3
0.7596,3.1185,1,0.0,0.0,0,3
0.7596,0.0,1,0.0,0.0,0,3
0.7596,0.19973333333333335,1,0.0,0.0,0,3
0.7596,5e-05,1,0.0,0.0,0,3
0.7596,0.54995,1,0.0,0.0,0,3
0.7596,0.0006833333333333333,1,0.0,0.0,0,3
0.7596,0.19971666666666668,1,0.0,0.0,0,3
0.7596,0.0001,1,0.0,0.0,0,3
0.7596,1.2887666666666666,1,0.0,0.0,0,3
0.7596,0.00011666666666666667,1,0.0,0.0,0,3
0.7596,22.08235,1,0.0,0.0,0,3
0.7596,0.00016666666666666666,1,0.0,0.0,0,3
0.7596,0.79135,1,0.0,0.0,0,3
0.7596,8.333333333333333e-05,1,0.0,0.0,0,3
0.7596,0.3741333333333333,1,0.0,0.0,0,3
0.7596,1.6666666666666667e-05,1,0.0,0.0,0,3
0.7596,0.5621166666666666,1,0.0,0.0,1,3
0.7596,1.6666666666666667e-05,1,0.0,0.0,1,3
0.7596,0.4864833333333333,1,0.0,0.0,0,3
0.7596,0.0,1,0.0,0.0,0,3
0.7596,0.41506666666666664,1,0.0,0.0,0,3
0.7596,1.6666666666666667e-05,1,0.0,0.0,0,3
0.7596,0.17413333333333333,1,0.0,0.0,0,3
0.7596,0.0002,1,0.0,0.0,0,3
0.7596,2.534283333333333,1,0.0,0.0,0,3
0.7596,0.00013333333333333334,1,0.0,0.0,0,3
0.7596,5.762233333333333,1,0.0,0.0,0,3
0.7596,0.0,1,0.0,0.0,0,3
0.7596,1.6335333333333333,1,0.0,0.0,0,3
0.7596,1.6666666666666667e-05,1,0.0,0.0,0,3
0.9803,25.416183333333333,1,0.0,0.0,0,3
0.9803,3.3333333333333335e-05,1,0.0,0.0,0,3
0.7596,0.19833333333333333,1,0.0,0.0,0,3
0.7596,0.0003,1,0.0,0.0,0,3
0.9803,939.4018166666666,1,0.0,0.0,0,3
0.9803,0.042583333333333334,1,0.0,0.0,0,3
0.9803,0.0371,1,0.0,0.0,0,3
0.9803,0.07135,1,0.0,0.0,0,3
0.9803,0.0,1,0.0,0.0,0,3
0.9803,6.877433333333333,1,0.0,0.0,0,3
0.9803,5e-05,1,0.0,0.0,0,3
0.9803,9.96495,1,0.0,0.0,0,3
0.9803,1.6666666666666667e-05,1,0.0,0.0,0,3
0.7596,2.02615,1,0.0,0.0,0,3
0.7596,3.3333333333333335e-05,1,0.0,0.0,0,3
0.7596,0.31628333333333336,1,0.0,0.0,0,3
0.7596,0.00045,1,0.0,0.0,0,3
0.7596,13.71465,1,0.0,0.0,0,3
0.7596,6.666666666666667e-05,1,0.0,0.0,0,3
0.8049,72.79966666666665,1,0.0,0.0,0,3
0.8049,3.3333333333333335e-05,1,0.0,0.0,0,3
0.7596,6.60275,1,0.0,0.0,0,3
0.7596,0.0,1,0.0,0.0,0,3
0.7596,16.607916666666668,1,0.0,0.0,0,3
0.9803,0.0004,1,0.0,0.0,0,3
0.9803,15.2364,1,0.0,0.0,0,3
0.9803,0.0013833333333333334,1,0.0,0.0,0,3
0.7596,18.996816666666668,1,0.0,0.0,0,3
0.7596,6.666666666666667e-05,1,0.0,0.0,0,3
0.8377,7.2784,1,0.0,0.0,0,3
0.8377,0.00013333333333333334,1,0.0,0.0,0,3
0.9803,92.19628333333334,1,0.0,0.0,0,3
0.9803,1.6666666666666667e-05,1,0.0,0.0,0,3
0.8867,0.8752833333333334,1,0.0,0.0,0,3
0.8867,0.0,1,0.0,0.0,0,3
0.8049,2.3682666666666665,1,0.0,0.0,0,3
0.2647,3.3333333333333335e-05,1,0.0,0.0,0,3
0.9803,0.91615,1,0.0,0.0,0,3
0.9803,0.00028333333333333335,1,0.0,0.0,0,3
0.8049,4.201833333333334,1,0.0,0.0,0,3
0.9803,1.6666666666666667e-05,1,0.0,0.0,0,3
0.9803,10.630383333333333,1,0.0,0.0,0,3
0.9803,0.0,1,0.0,0.0,0,3
0.9803,30.708366666666667,1,0.0,0.0,0,3
0.9803,0.00023333333333333333,1,0.0,0.0,0,3
0.9384,53.941516666666665,1,0.0,0.0,0,3
0.9384,3.3333333333333335e-05,1,0.0,0.0,0,3
0.8867,16.49385,1,0.0,0.0,0,3
0.9803,2.4318166666666667,1,0.0,0.0,0,3
0.9803,0.00055,1,0.0,0.0,0,3
0.8867,1086.6569333333332,1,0.0,0.0,0,3
0.8867,0.0010333333333333334,1,0.0,0.0,0,3
0.7596,41.97496666666667,1,0.0,0.0,0,3
0.7596,0.00011666666666666667,1,0.0,0.0,0,3
0.9803,209.0045166666667,1,0.0,0.0,0,3
0.9803,0.00011666666666666667,1,0.0,0.0,0,3
0.9803,0.9728166666666667,1,0.0,0.0,0,3
0.9803,5e-05,1,0.0,0.0,0,3
0.9803,3.3752,1,0.0,0.0,0,3
0.9803,5e-05,1,0.0,0.0,0,3
0.9803,2.7315833333333335,1,0.0,0.0,0,3
0.9803,1.6666666666666667e-05,1,0.0,0.0,0,3
0.8867,0.3844333333333333,1,0.0,0.0,0,3
0.8867,1.6666666666666667e-05,1,0.0,0.0,0,3
0.8867,0.48708333333333337,1,0.0,0.0,0,3
0.8867,0.0005666666666666667,1,0.0,0.0,0,3
0.8049,0.49110000000000004,1,0.0,0.0,0,3
0.8049,0.0,1,0.0,0.0,0,3
0.9803,0.24375,1,0.0,0.0,0,3
0.9803,1.6666666666666667e-05,1,0.0,0.0,0,3
0.9803,8.736833333333333,1,0.0,0.0,0,3
0.7596,0.0007,1,0.0,0.0,0,3
0.9803,0.9035333333333334,1,0.0,0.0,0,3
0.9803,1.6666666666666667e-05,1,0.0,0.0,0,3
0.9803,0.2948,1,0.0,0.0,0,3
0.9803,5e-05,1,0.0,0.0,0,3
0.9803,0.8990333333333334,1,0.0,0.0,0,3
0.9803,8.333333333333333e-05,1,0.0,0.0,0,3
0.9803,4.421533333333333,1,0.0,0.0,0,3
0.9803,3.3333333333333335e-05,1,0.0,0.0,0,3
0.9803,0.23671666666666666,1,0.0,0.0,0,3
0.9803,0.00025,1,0.0,0.0,0,3
0.9803,2.2989666666666664,1,0.0,0.0,0,3
0.9803,0.0,1,0.0,0.0,0,3
0.9803,10.92265,1,0.0,0.0,0,3
0.9803,3.3333333333333335e-05,1,0.0,0.0,0,3
0.8867,2.6075833333333334,1,0.0,0.0,0,3
0.8867,5e-05,1,0.0,0.0,0,3
0.8867,4.281066666666666,1,0.0,0.0,0,3
0.8867,1.6666666666666667e-05,1,0.0,0.0,0,3
0.9803,6.419483333333333,1,0.0,0.0,0,3
0.9803,0.01035,1,0.0,0.0,0,3
0.9803,0.024116666666666668,1,0.0,0.0,0,3
0.9803,0.0223,1,0.0,0.0,0,3
0.4593,3.5361,1,0.0,0.0,0,3
0.4593,5e-05,1,0.0,0.0,0,3
0.7596,2.9679,1,0.0,0.0,0,3
0.7596,0.0,1,0.0,0.0,0,3
0.9803,1255.7167833333333,1,0.0,0.0,0,3
0.9803,3.3333333333333335e-05,1,0.0,0.0,0,3
0.8049,29.854933333333335,1,0.0,0.0,0,3
0.8049,0.0002666666666666667,1,0.0,0.0,0,3
0.9384,109.632,1,0.0,0.0,0,3
0.9384,3.3333333333333335e-05,1,0.0,0.0,0,3
0.9803,0.39799999999999996,1,0.0,0.0,0,3
0.9803,0.0,1,0.0,0.0,0,3
0.9803,2.1466333333333334,1,0.0,0.0,0,3
0.9803,0.2401,1,0.0,0.0,0,3
0.9803,0.17831666666666665,1,0.0,0.0,0,3
0.9803,1.6666666666666667e-05,1,0.0,0.0,0,3
0.9803,32.51991666666667,1,0.0,0.0,0,3
0.9803,1.6666666666666667e-05,1,0.0,0.0,0,3
0.9803,3994.5476166666663,1,0.0,0.0,0,3
0.9803,0.00016666666666666666,1,0.0,0.0,0,3
0.8867,22.076183333333333,1,0.0,0.0,0,3
0.8867,0.00016666666666666666,1,0.0,0.0,0,3
0.8049,3.128816666666667,1,0.0,0.0,0,3
0.8049,0.0,1,0.0,0.0,0,3
0.8867,0.23956666666666668,1,0.0,0.0,0,3
0.8867,0.037766666666666664,1,0.0,0.0,0,3
0.8867,0.026033333333333335,1,0.0,0.0,0,3
0.8867,1.655,1,0.0,0.0,0,3
0.4593,0.0846,1,0.0,0.0,0,3
0.4593,0.1712,1,0.0,0.0,0,3
0.4593,0.13331666666666667,1,0.0,0.0,0,3
0.4593,0.02238333333333333,1,0.0,0.0,0,3
0.8867,15.326183333333335,1,0.0,0.0,0,3
0.8867,5e-05,1,0.0,0.0,0,3
0.9803,0.19556666666666667,1,0.0,0.0,0,3
0.9803,0.0060999999999999995,1,0.0,0.0,0,3
0.9803,1.6666666666666667e-05,1,0.0,0.0,0,3
0.4593,13.710966666666668,1,0.0,0.0,0,3
0.4593,0.017033333333333334,1,0.0,0.0,0,3
0.4593,0.4941833333333333,1,0.0,0.0,0,3
0.4593,0.0002,1,0.0,0.0,0,3
0.2647,4.359866666666666,1,0.0,0.0,0,3
0.2647,0.00345,1,0.0,0.0,0,3
0.1667,5.2838,1,0.0,0.0,0,3
0.1667,8.333333333333333e-05,1,0.0,0.0,0,3
0.7596,46.94983333333333,1,0.0,0.0,0,3
0.7596,0.0,1,0.0,0.0,0,3
0.7596,28.531883333333333,1,0.0,0.0,0,3
0.7596,0.010566666666666667,1,0.0,0.0,0,3
0.7596,0.30945,1,0.0,0.0,0,3
0.7596,1.6666666666666667e-05,1,0.0,0.0,0,3
0.7596,0.19773333333333334,1,0.0,0.0,0,3
0.7596,3.3333333333333335e-05,1,0.0,0.0,0,3
0.7596,0.26943333333333336,1,0.0,0.0,0,3
0.7596,0.00015,1,0.0,0.0,0,3
0.8867,0.274,1,0.0,0.0,0,3
0.8867,5e-05,1,0.0,0.0,0,3
0.7596,2.7795,1,0.0,0.0,1,3
0.7596,3.3333333333333335e-05,1,0.0,0.0,1,3
0.9803,5.95525,1,0.0,0.0,0,3
0.9803,0.07728333333333333,1,0.0,0.0,0,3
0.9803,8.333333333333333e-05,1,0.0,0.0,0,3
0.7596,88.79395,1,0.0,0.0,0,3
0.7596,1.6666666666666667e-05,1,0.0,0.0,0,3
0.7596,0.14841666666666667,1,0.0,0.0,0,3
0.7596,0.0,1,0.0,0.0,0,3
0.8049,1251.52315,1,0.0,0.0,0,3
0.8049,0.00021666666666666666,1,0.0,0.0,0,3
0.9803,216.78338333333335,1,0.0,0.0,0,3
0.9803,0.026366666666666667,1,0.0,0.0,0,3
0.9803,0.08073333333333334,1,0.0,0.0,0,3
0.9803,0.32253333333333334,1,0.0,0.0,0,3
0.9803,0.0,1,0.0,0.0,0,3
0.9803,8.489133333333333,1,0.0,0.0,0,3
0.9803,0.0008333333333333334,1,0.0,0.0,0,3
0.9803,29.19161666666667,1,0.0,0.0,0,3
0.9803,3.3333333333333335e-05,1,0.0,0.0,0,3
0.9803,23.448066666666666,1,0.0,0.0,0,3
0.9803,0.00016666666666666666,1,0.0,0.0,0,3
0.9803,5.8318666666666665,1,0.0,0.0,0,3
0.9803,1.6666666666666667e-05,1,0.0,0.0,0,3
0.9803,10.710766666666666,1,0.0,0.0,0,3
0.9803,1.6666666666666667e-05,1,0.0,0.0,0,3
0.9449,27.464016666666666,1,0.0,0.0,0,3
0.9449,0.00016666666666666666,1,0.0,0.0,0,3
0.9803,37.4288,1,0.0,0.0,0,3
0.9803,0.021033333333333334,1,0.0,0.0,0,3
0.9803,0.08156666666666666,1,0.0,0.0,0,3
0.9803,0.00015,1,0.0,0.0,0,3
0.9803,7.32105,1,0.0,0.0,0,3
0.9803,0.015600000000000001,1,0.0,0.0,0,3
0.9803,0.20161666666666667,1,0.0,0.0,0,3
0.9803,0.032016666666666665,1,0.0,0.0,0,3
0.9803,0.01933333333333333,1,0.0,0.0,0,3
0.9803,0.029150000000000002,1,0.0,0.0,0,3
0.9803,0.0,1,0.0,0.0,0,3
0.8867,0.04035,1,0.0,0.0,0,3
0.8867,0.012266666666666667,1,0.0,0.0,0,3
0.8867,0.043583333333333335,1,0.0,0.0,0,3
0.8867,0.0001,1,0.0,0.0,0,3
0.8049,0.04635,1,0.0,0.0,0,3
0.8049,0.022683333333333333,1,0.0,0.0,0,3
0.8049,0.02315,1,0.0,0.0,0,3
0.8049,1.6666666666666667e-05,1,0.0,0.0,0,3
0.9384,0.07753333333333333,1,0.0,0.0,0,3
0.9384,0.03818333333333333,1,0.0,0.0,0,3
0.9384,0.38415,1,0.0,0.0,0,3
0.9384,0.0002,1,0.0,0.0,0,3
0.9803,7.136066666666666,1,0.0,0.0,0,3
0.9803,0.08698333333333334,1,0.0,0.0,0,3
0.9803,0.018733333333333334,1,0.0,0.0,0,3
0.9803,1.6666666666666667e-05,1,0.0,0.0,0,3
0.7596,0.3905666666666667,1,0.0,0.0,0,3
0.7596,0.12528333333333333,1,0.0,0.0,0,3
0.9803,2.03705,1,0.0,0.0,0,3
0.9803,0.03928333333333334,1,0.0,0.0,0,3
0.9803,6.666666666666667e-05,1,0.0,0.0,0,3
0.9803,1.9557666666666667,1,0.0,0.0,0,3
0.9803,0.06603333333333333,1,0.0,0.0,0,3
0.9803,0.00015,1,0.0,0.0,0,3
0.9803,12.807016666666668,1,0.0,0.0,0,3
0.9803,0.008916666666666666,1,0.0,0.0,0,3
0.9803,0.0235,1,0.0,0.0,0,3
0.9803,0.020283333333333334,1,0.0,0.0,0,3
0.9803,6.666666666666667e-05,1,0.0,0.0,0,3
0.8049,0.04384999999999999,1,0.0,0.0,0,3
0.8049,0.009466666666666667,1,0.0,0.0,0,3
0.8049,0.0218,1,0.0,0.0,0,3
0.8049,0.05183333333333333,1,0.0,0.0,0,3
0.8049,0.009866666666666666,1,0.0,0.0,0,3
0.8049,0.022616666666666667,1,0.0,0.0,0,3
0.8049,0.11991666666666667,1,0.0,0.0,0,3
0.8867,1083.0488,1,0.0,0.0,0,3
0.8867,1.6666666666666667e-05,1,0.0,0.0,0,3
0.9803,0.9262833333333333,1,0.0,0.0,0,3
0.9803,0.0006666666666666666,1,0.0,0.0,0,3
0.8867,220.31478333333334,1,0.0,0.0,0,3
0.8867,0.0004,1,0.0,0.0,0,3
0.7596,0.17154999999999998,1,0.0,0.0,0,3
0.7596,0.00011666666666666667,1,0.0,0.0,0,3
0.7596,0.1686,1,0.0,0.0,0,3
0.7596,1.6666666666666667e-05,1,0.0,0.0,0,3
0.7596,0.19811666666666666,1,0.0,0.0,0,3
0.7596,3.3333333333333335e-05,1,0.0,0.0,0,3
0.7596,0.13915,1,0.0,0.0,0,3
0.7596,1.6666666666666667e-05,1,0.0,0.0,0,3
0.7596,12.1929,1,0.0,0.0,0,3
0.7596,5e-05,1,0.0,0.0,0,3
0.9384,1435.7012666666667,1,0.0,0.0,0,3
0.9384,6.666666666666667e-05,1,0.0,0.0,0,3
0.7596,1263.4478666666666,1,0.0,0.0,0,3
0.7596,5e-05,1,0.0,0.0,0,3
0.9803,154.38363333333334,1,0.0,0.0,0,3
0.9803,0.00015,1,0.0,0.0,0,3
0.9384,0.8196666666666667,1,0.0,0.0,0,3
0.9384,1.6666666666666667e-05,1,0.0,0.0,0,3
0.9803,0.0679,1,0.0,0.0,0,3
0.9803,3.3333333333333335e-05,1,0.0,0.0,0,3
0.8867,0.0555,1,0.0,0.0,0,3
0.8867,0.00075,1,0.0,0.0,0,3
0.9384,0.10600000000000001,1,0.0,0.0,0,3
0.9384,0.023866666666666665,1,0.0,0.0,0,3
0.9384,0.01935,1,0.0,0.0,0,3
0.9384,0.37121666666666664,1,0.0,0.0,0,3
0.9384,5e-05,1,0.0,0.0,0,3
0.9384,3.0852500000000003,1,0.0,0.0,0,3
0.9384,0.0,1,0.0,0.0,0,3
0.1667,33.8354,1,0.0,0.0,0,3
0.1667,3.3333333333333335e-05,1,0.0,0.0,0,3
0.7596,23.2863,1,0.0,0.0,1,3
0.7596,3.3333333333333335e-05,1,0.0,0.0,1,3
0.7596,0.1541833333333333,1,0.0,0.0,1,3
0.7596,3.3333333333333335e-05,1,0.0,0.0,1,3
0.9449,0.07801666666666666,1,0.0,0.0,0,3
0.9449,1.6666666666666667e-05,1,0.0,0.0,0,3
0.7596,0.5805833333333333,1,0.0,0.0,0,3
0.7596,3.3333333333333335e-05,1,0.0,0.0,0,3
0.8049,4014.9101166666665,1,0.0,0.0,0,3
0.8049,0.00031666666666666665,1,0.0,0.0,0,3
0.8867,0.97475,1,0.0,0.0,0,3
0.8867,1.6666666666666667e-05,1,0.0,0.0,0,3
0.1667,1400.1880333333334,1,0.0,0.0,0,3
0.1667,3.3333333333333335e-05,1,0.0,0.0,0,3
0.4593,7.9799500000000005,1,0.0,0.0,0,3
0.4593,5e-05,1,0.0,0.0,0,3
0.1667,0.08375,1,0.0,0.0,0,3
0.1667,0.00031666666666666665,1,0.0,0.0,0,3
0.7596,0.28658333333333336,1,0.0,0.0,0,3
0.7596,6.666666666666667e-05,1,0.0,0.0,0,3
0.9449,0.20598333333333332,1,0.0,0.0,0,3
0.9449,1.6666666666666667e-05,1,0.0,0.0,0,3
0.1667,0.8856666666666667,1,0.0,0.0,0,3
0.1667,8.333333333333333e-05,1,0.0,0.0,0,3
0.4593,0.19061666666666666,1,0.0,0.0,0,3
0.4593,1.6666666666666667e-05,1,0.0,0.0,0,3
0.8377,2.42515,1,0.0,0.0,0,3
0.7596,0.0,1,0.0,0.0,0,3
0.1667,0.20808333333333331,1,0.0,0.0,0,3
0.1667,0.0003333333333333333,1,0.0,0.0,0,3
0.7596,0.50965,1,0.0,0.0,0,3
0.7596,8.333333333333333e-05,1,0.0,0.0,0,3
0.7596,0.2906666666666667,1,0.0,0.0,0,3
0.7596,3.3333333333333335e-05,1,0.0,0.0,0,3
0.7596,0.08938333333333334,1,0.0,0.0,0,3
0.7596,5e-05,1,0.0,0.0,0,3
0.1667,1.7526666666666666,1,0.0,0.0,0,3
0.1667,1.6666666666666667e-05,1,0.0,0.0,0,3
0.4593,0.06545,1,0.0,0.0,0,3
0.4593,0.00025,1,0.0,0.0,0,3
0.8377,0.20198333333333332,1,0.0,0.0,0,3
0.8377,6.666666666666667e-05,1,0.0,0.0,0,3
0.7596,0.2387,1,0.0,0.0,0,3
0.7596,3.3333333333333335e-05,1,0.0,0.0,0,3
0.7596,0.11624999999999999,1,0.0,0.0,0,3
0.7596,0.0,1,0.0,0.0,0,3
0.9449,0.21428333333333333,1,0.0,0.0,0,3
0.9449,1.6666666666666667e-05,1,0.0,0.0,0,3
0.1667,0.30556666666666665,1,0.0,0.0,0,3
0.1667,0.0,1,0.0,0.0,0,3
0.7596,0.13,1,0.0,0.0,0,3
0.7596,0.0,1,0.0,0.0,0,3
0.9384,0.23274999999999998,1,0.0,0.0,0,3
0.9384,3.3333333333333335e-05,1,0.0,0.0,0,3
0.1667,3.571266666666667,1,0.0,0.0,0,3
0.1667,6.666666666666667e-05,1,0.0,0.0,0,3
0.8377,0.11228333333333333,1,0.0,0.0,0,3
0.8377,6.666666666666667e-05,1,0.0,0.0,0,3
0.8377,17.38365,1,0.0,0.0,0,3
0.8377,0.00023333333333333333,1,0.0,0.0,0,3
0.7596,0.11274999999999999,1,0.0,0.0,0,3
0.7596,0.0002,1,0.0,0.0,0,3
0.8377,0.23935,1,0.0,0.0,0,3
0.8377,3.3333333333333335e-05,1,0.0,0.0,0,3
0.4593,0.4461,1,0.0,0.0,0,3
0.4593,1.6666666666666667e-05,1,0.0,0.0,0,3
0.1667,0.12528333333333333,1,0.0,0.0,0,3
0.1667,0.00011666666666666667,1,0.0,0.0,0,3
0.8377,0.1813833333333333,1,0.0,0.0,0,3
0.8377,6.666666666666667e-05,1,0.0,0.0,0,3
0.9449,0.60275,1,0.0,0.0,0,3
0.9449,8.333333333333333e-05,1,0.0,0.0,0,3
0.4593,0.45241666666666663,1,0.0,0.0,0,3
0.4593,8.333333333333333e-05,1,0.0,0.0,0,3
0.4593,0.09658333333333333,1,0.0,0.0,0,3
0.4593,1.6666666666666667e-05,1,0.0,0.0,0,3
0.1667,0.3308,1,0.0,0.0,0,3
0.1667,5e-05,1,0.0,0.0,0,3
0.8377,0.09874999999999999,1,0.0,0.0,0,3
0.8377,5e-05,1,0.0,0.0,0,3
0.1667,76.99541666666667,1,0.0,0.0,0,3
0.1667,1.6666666666666667e-05,1,0.0,0.0,0,3
0.4593,0.12196666666666665,1,0.0,0.0,0,3
0.4593,0.0001,1,0.0,0.0,0,3
0.7596,0.27091666666666664,1,0.0,0.0,0,3
0.7596,5e-05,1,0.0,0.0,0,3
0.9449,1.2421666666666666,1,0.0,0.0,0,3
0.9449,1.6666666666666667e-05,1,0.0,0.0,0,3
0.7596,0.5417000000000001,1,0.0,0.0,0,3
0.7596,0.11835,1,0.0,0.0,0,3
0.7596,1.6666666666666667e-05,1,0.0,0.0,0,3
0.7596,26.80455,1,0.0,0.0,0,3
0.7596,6.666666666666667e-05,1,0.0,0.0,0,3
0.9449,0.0991,1,0.0,0.0,0,3
0.9449,0.0,1,0.0,0.0,0,3
0.4593,0.07583333333333334,1,0.0,0.0,0,3
0.4593,5e-05,1,0.0,0.0,0,3
0.1667,0.22686666666666666,1,0.0,0.0,0,3
0.1667,0.00011666666666666667,1,0.0,0.0,0,3
0.8377,0.2937,1,0.0,0.0,0,3
0.8377,0.0009,1,0.0,0.0,0,3
0.7596,161.57569999999998,1,0.0,0.0,0,3
0.7596,6.666666666666667e-05,1,0.0,0.0,0,3
0.4593,0.13595,1,0.0,0.0,0,3
0.4593,0.0003333333333333333,1,0.0,0.0,0,3
0.9384,38.24093333333334,1,0.0,0.0,0,3
0.9384,5e-05,1,0.0,0.0,0,3
0.4593,1180.0551833333334,1,0.0,0.0,0,3
0.9803,0.0028833333333333332,1,0.0,0.0,0,3
0.7596,7.698849999999999,1,0.0,0.0,1,3
0.7596,0.0001,1,0.0,0.0,1,3
0.7596,36.76708333333333,1,0.0,0.0,0,3
0.7596,0.0008,1,0.0,0.0,0,3
0.7596,131.84633333333332,1,0.0,0.0,1,3
0.7596,0.0,1,0.0,0.0,1,3
0.7596,0.022233333333333334,1,0.0,0.0,1,3
0.7596,6.666666666666667e-05,1,0.0,0.0,1,3
0.7596,0.0521,1,0.0,0.0,1,3
0.7596,5e-05,1,0.0,0.0,1,3
0.9803,22.881383333333336,1,0.0,0.0,0,3
0.9803,0.00016666666666666666,1,0.0,0.0,0,3
0.8377,41.08375,1,0.0,0.0,0,3
0.8377,0.00095,1,0.0,0.0,0,3
0.1667,9.631683333333333,1,0.0,0.0,0,3
0.1667,1.6666666666666667e-05,1,0.0,0.0,0,3
0.1667,1.19695,1,0.0,0.0,0,3
0.1667,8.333333333333333e-05,1,0.0,0.0,0,3
0.2647,0.1424,1,0.0,0.0,0,3
0.2647,3.3333333333333335e-05,1,0.0,0.0,0,3
0.7596,0.12386666666666667,1,0.0,0.0,0,3
0.7596,3.3333333333333335e-05,1,0.0,0.0,0,3
0.8377,0.2610166666666667,1,0.0,0.0,0,3
0.8377,0.032266666666666666,1,0.0,0.0,0,3
0.8377,3.3333333333333335e-05,1,0.0,0.0,0,3
0.8377,3.3820333333333332,1,0.0,0.0,0,3
0.8377,1.6666666666666667e-05,1,0.0,0.0,0,3
0.7596,0.3136,1,0.0,0.0,0,3
0.7596,1.6666666666666667e-05,1,0.0,0.0,0,3
0.9803,1167.3179166666666,1,0.0,0.0,0,3
0.9803,0.0006,1,0.0,0.0,0,3
0.9803,0.03811666666666667,1,0.0,0.0,0,3
0.9803,8.333333333333333e-05,1,0.0,0.0,0,3
0.9803,0.023733333333333332,1,0.0,0.0,0,3
0.9803,6.666666666666667e-05,1,0.0,0.0,0,3
0.8867,0.02075,1,0.0,0.0,0,3
0.8867,0.0,1,0.0,0.0,0,3
0.8049,0.019283333333333333,1,0.0,0.0,0,3
0.8049,6.666666666666667e-05,1,0.0,0.0,0,3
0.9384,0.019283333333333333,1,0.0,0.0,0,3
0.9384,0.00021666666666666666,1,0.0,0.0,0,3
0.7596,0.0416,1,0.0,0.0,0,3
0.7596,3.3333333333333335e-05,1,0.0,0.0,0,3
0.2647,0.026033333333333335,1,0.0,0.0,0,3
0.2647,1.6666666666666667e-05,1,0.0,0.0,0,3
0.8377,0.07844999999999999,1,0.0,0.0,0,3
0.8377,5e-05,1,0.0,0.0,0,3
0.7596,32.7277,1,0.0,0.0,0,3
0.7596,5e-05,1,0.0,0.0,0,3
0.9803,50.13135,1,0.0,0.0,0,3
0.9803,0.0001,1,0.0,0.0,0,3
0.7596,0.25095,1,0.0,0.0,0,3
0.7596,0.0003,1,0.0,0.0,0,3
0.9803,2.933683333333333,1,0.0,0.0,0,3
0.9803,0.0002666666666666667,1,0.0,0.0,0,3
0.7596,0.10818333333333333,1,0.0,0.0,0,3
0.7596,5e-05,1,0.0,0.0,0,3
0.7596,90.8205,1,0.0,0.0,0,3
0.7596,0.6304,1,0.0,0.0,0,3
0.7596,0.052983333333333334,1,0.0,0.0,0,3
0.7596,5e-05,1,0.0,0.0,0,3
0.8377,0.31683333333333336,1,0.0,0.0,0,3
0.7596,0.8239166666666667,1,0.0,0.0,0,3
0.8377,0.0001,1,0.0,0.0,0,3
0.7596,123.63531666666667,1,0.0,0.0,0,3
0.7596,5e-05,1,0.0,0.0,0,3
0.7596,0.8720666666666667,1,0.0,0.0,0,3
0.7596,3.3333333333333335e-05,1,0.0,0.0,0,3
0.7596,0.14465,1,0.0,0.0,0,3
0.7596,0.00011666666666666667,1,0.0,0.0,0,3
0.7596,1.1938166666666667,1,0.0,0.0,0,3
0.7596,3.3333333333333335e-05,1,0.0,0.0,0,3
0.7596,0.971,1,0.0,0.0,0,3
0.7596,3.3333333333333335e-05,1,0.0,0.0,0,3
0.7596,0.4983333333333333,1,0.0,0.0,0,3
0.7596,3.3333333333333335e-05,1,0.0,0.0,0,3
0.7596,0.5561833333333334,1,0.0,0.0,0,3
0.7596,5e-05,1,0.0,0.0,0,3
0.7596,0.08283333333333333,1,0.0,0.0,0,3
0.7596,1.6666666666666667e-05,1,0.0,0.0,0,3
0.9803,1.3045499999999999,1,0.0,0.0,0,3
0.9803,0.0,1,0.0,0.0,0,3
0.7596,12.971966666666667,1,0.0,0.0,0,3
0.7596,5e-05,1,0.0,0.0,0,3
0.7596,0.6802499999999999,1,0.0,0.0,0,3
0.7596,0.00038333333333333334,1,0.0,0.0,0,3
0.8049,31.624166666666667,1,0.0,0.0,0,3
0.8049,8.333333333333333e-05,1,0.0,0.0,0,3
0.8867,1.01895,1,0.0,0.0,0,3
0.8867,1.6666666666666667e-05,1,0.0,0.0,0,3
0.9803,3.21905,1,0.0,0.0,0,3
0.9803,1.6666666666666667e-05,1,0.0,0.0,0,3
0.8377,35.74536666666667,1,0.0,0.0,0,3
0.8377,6.666666666666667e-05,1,0.0,0.0,0,3
0.8867,0.2137666666666667,1,0.0,0.0,0,3
0.8867,3.3333333333333335e-05,1,0.0,0.0,0,3
0.9803,0.43656666666666666,1,0.0,0.0,0,3
0.9803,5e-05,1,0.0,0.0,0,3
0.9803,3.6326666666666667,1,0.0,0.0,0,3
0.9803,0.00031666666666666665,1,0.0,0.0,0,3
0.9449,957.7861166666667,1,0.0,0.0,0,3
0.9449,0.0006333333333333333,1,0.0,0.0,0,3
0.4494,6.8306000000000004,1,0.0,0.0,0,3
0.4593,3.3333333333333335e-05,1,0.0,0.0,0,3
0.7596,106.78248333333333,1,0.0,0.0,0,3
0.7596,1.6666666666666667e-05,1,0.0,0.0,0,3
0.9384,6.764383333333333,1,0.0,0.0,0,3
0.9384,5e-05,1,0.0,0.0,0,3
0.7596,0.23121666666666665,1,0.0,0.0,0,3
0.7596,3.3333333333333335e-05,1,0.0,0.0,0,3
0.8377,0.14151666666666665,1,0.0,0.0,0,3
0.8377,3.3333333333333335e-05,1,0.0,0.0,0,3
0.8377,0.9300499999999999,1,0.0,0.0,0,3
0.8377,5e-05,1,0.0,0.0,0,3
0.9384,0.6913833333333332,1,0.0,0.0,0,3
0.9384,1.6666666666666667e-05,1,0.0,0.0,0,3
0.7596,8.605616666666666,1,0.0,0.0,0,3
0.7596,0.00011666666666666667,1,0.0,0.0,0,3
0.7596,0.2059666666666667,1,0.0,0.0,0,3
0.7596,6.666666666666667e-05,1,0.0,0.0,0,3
0.7596,0.23525000000000001,1,0.0,0.0,0,3
0.7596,5e-05,1,0.0,0.0,0,3
0.7596,0.15926666666666664,1,0.0,0.0,0,3
0.7596,0.0001,1,0.0,0.0,0,3
0.7596,0.4033833333333333,1,0.0,0.0,0,3
0.7596,0.052033333333333334,1,0.0,0.0,0,3
0.7596,0.0001,1,0.0,0.0,0,3
0.7596,0.2978166666666667,1,0.0,0.0,0,3
0.7596,3.3333333333333335e-05,1,0.0,0.0,0,3
0.7596,0.11183333333333333,1,0.0,0.0,0,3
0.7596,8.333333333333333e-05,1,0.0,0.0,0,3
0.7596,0.2569666666666667,1,0.0,0.0,0,3
0.7596,1.6666666666666667e-05,1,0.0,0.0,0,3
0.9384,0.08063333333333333,1,0.0,0.0,0,3
0.9384,0.0004333333333333333,1,0.0,0.0,0,3
0.7596,35.64561666666667,1,0.0,0.0,0,3
0.7596,0.0,1,0.0,0.0,0,3
0.4593,0.14076666666666665,1,0.0,0.0,0,3
0.4593,5e-05,1,0.0,0.0,0,3
0.8377,0.0751,1,0.0,0.0,0,3
0.8377,1.6666666666666667e-05,1,0.0,0.0,0,3
0.7596,0.0559,1,0.0,0.0,0,3
0.7596,5e-05,1,0.0,0.0,0,3
0.7596,0.19298333333333334,1,0.0,0.0,0,3
0.7596,0.06363333333333333,1,0.0,0.0,0,3
0.7596,0.00035,1,0.0,0.0,0,3
0.1667,0.13458333333333333,1,0.0,0.0,0,3
0.1667,1.6666666666666667e-05,1,0.0,0.0,0,3
0.7596,74.54395,1,0.0,0.0,0,3
0.7596,5e-05,1,0.0,0.0,0,3
0.8377,2.420866666666667,1,0.0,0.0,0,3
0.8377,0.00023333333333333333,1,0.0,0.0,0,3
0.7596,0.08348333333333334,1,0.0,0.0,0,3
0.7596,3.3333333333333335e-05,1,0.0,0.0,0,3
0.1667,0.32321666666666665,1,0.0,0.0,0,3
0.1667,0.0003333333333333333,1,0.0,0.0,0,3
0.8867,70.97566666666667,1,0.0,0.0,0,3
0.8867,6.666666666666667e-05,1,0.0,0.0,0,3
0.9384,0.07991666666666666,1,0.0,0.0,0,3
0.9384,0.0001,1,0.0,0.0,0,3
0.7596,49.392050000000005,1,0.0,0.0,0,3
0.7596,0.0,1,0.0,0.0,0,3
0.7596,8.616133333333332,1,0.0,0.0,0,3
0.7596,5e-05,1,0.0,0.0,0,3
0.7596,0.3231833333333333,1,0.0,0.0,0,3
0.7596,8.333333333333333e-05,1,0.0,0.0,0,3
0.9803,114.89636666666667,1,0.0,0.0,0,3
0.9803,1.6666666666666667e-05,1,0.0,0.0,0,3
0.8867,0.12115000000000001,1,0.0,0.0,0,3
0.8867,1.6666666666666667e-05,1,0.0,0.0,0,3
0.7596,3862.9491666666668,1,0.0,0.0,0,3
0.7596,0.10376666666666666,1,0.0,0.0,0,3
0.7596,1.6666666666666667e-05,1,0.0,0.0,0,3
0.9803,128.25706666666667,1,0.0,0.0,0,3
0.9803,5e-05,1,0.0,0.0,0,3
0.1667,211.15433333333334,1,0.0,0.0,0,3
0.1667,1.6666666666666667e-05,1,0.0,0.0,0,3
0.7596,0.10056666666666667,1,0.0,0.0,0,3
0.7596,1.6666666666666667e-05,1,0.0,0.0,0,3
0.2647,33.26555,1,0.0,0.0,0,3
0.2647,3.3333333333333335e-05,1,0.0,0.0,0,3
0.9384,2559.9320500000003,1,0.0,0.0,0,3
0.9384,0.0,1,0.0,0.0,0,3
0.5579,0.17135,1,0.0,0.0,0,3
0.5579,3.3333333333333335e-05,1,0.0,0.0,0,3
0.7596,0.8106333333333333,1,0.0,0.0,0,3
0.7596,0.00023333333333333333,1,0.0,0.0,0,3
0.1667,0.69865,1,0.0,0.0,0,3
0.1667,1.6666666666666667e-05,1,0.0,0.0,0,3
0.7596,2.7308499999999998,1,0.0,0.0,0,3
0.7596,0.00023333333333333333,1,0.0,0.0,0,3
0.7596,0.12403333333333334,1,0.0,0.0,0,3
0.7596,0.00031666666666666665,1,0.0,0.0,0,3
0.9384,0.48683333333333334,1,0.0,0.0,0,3
0.9384,0.25303333333333333,1,0.0,0.0,0,3
0.9384,5e-05,1,0.0,0.0,0,3
0.8049,0.13616666666666666,1,0.0,0.0,0,3
0.8049,1.6666666666666667e-05,1,0.0,0.0,0,3
0.7596,0.15651666666666667,1,0.0,0.0,0,3
0.7596,0.0001,1,0.0,0.0,0,3
0.7596,0.34154999999999996,1,0.0,0.0,0,3
0.7596,0.00018333333333333334,1,0.0,0.0,0,3
0.7596,0.26326666666666665,1,0.0,0.0,0,3
0.7596,0.00015,1,0.0,0.0,0,3
0.4494,2.3943166666666666,1,0.0,0.0,0,3
0.9143,6.666666666666667e-05,1,0.0,0.0,0,3
0.9449,0.30795,1,0.0,0.0,0,3
0.9449,8.333333333333333e-05,1,0.0,0.0,0,3
0.7596,0.36611666666666665,1,0.0,0.0,0,3
0.7596,5e-05,1,0.0,0.0,0,3
0.7596,0.09766666666666667,1,0.0,0.0,0,3
0.7596,5e-05,1,0.0,0.0,0,3
0.1667,0.08721666666666666,1,0.0,0.0,0,3
0.1667,0.0023000000000000004,1,0.0,0.0,0,3
0.7596,0.1094,1,0.0,0.0,0,3
0.7596,1.6666666666666667e-05,1,0.0,0.0,0,3
0.2647,0.16568333333333335,1,0.0,0.0,0,3
0.2647,0.0002666666666666667,1,0.0,0.0,0,3
0.7596,0.23083333333333333,1,0.0,0.0,0,3
0.7596,0.0,1,0.0,0.0,0,3
0.8377,4.556783333333333,1,0.0,0.0,0,3
0.8377,0.00011666666666666667,1,0.0,0.0,0,3
0.9449,0.12528333333333333,1,0.0,0.0,0,3
0.9449,0.03188333333333333,1,0.0,0.0,0,3
0.9449,0.45239999999999997,1,0.0,0.0,0,3
0.9449,3.3333333333333335e-05,1,0.0,0.0,0,3
0.7596,34.20256666666667,1,0.0,0.0,0,3
0.7596,0.12073333333333333,1,0.0,0.0,0,3
0.7596,0.0,1,0.0,0.0,0,3
0.4593,0.6306999999999999,1,0.0,0.0,0,3
0.4593,3.3333333333333335e-05,1,0.0,0.0,0,3
0.7596,2.198516666666667,1,0.0,0.0,0,3
0.7596,5e-05,1,0.0,0.0,0,3
0.8377,0.31588333333333335,1,0.0,0.0,0,3
0.8377,5e-05,1,0.0,0.0,0,3
0.1379,125.49508333333333,1,0.0,0.0,0,3
0.1379,4.562200000000001,1,0.0,0.0,0,3
0.1379,1.6666666666666667e-05,1,0.0,0.0,0,3
0.1379,11.239049999999999,1,0.0,0.0,0,3
0.1379,5e-05,1,0.0,0.0,0,3
0.1667,4.59875,1,0.0,0.0,0,3
0.1667,5e-05,1,0.0,0.0,0,3
0.8377,0.13413333333333333,1,0.0,0.0,0,3
0.8377,1.6666666666666667e-05,1,0.0,0.0,0,3
0.1379,6.335933333333333,1,0.0,0.0,0,3
0.7596,0.0,1,0.0,0.0,1,3
0.5153,1.7164333333333335,1,0.0,0.0,0,3
0.5153,3.3333333333333335e-05,1,0.0,0.0,0,3
0.9803,6.726533333333333,1,0.0,0.0,0,3
0.9803,1.6666666666666667e-05,1,0.0,0.0,0,3
0.7596,0.07771666666666667,1,0.0,0.0,0,3
0.7596,5e-05,1,0.0,0.0,0,3
0.1667,0.08301666666666667,1,0.0,0.0,0,3
0.1667,0.0,1,0.0,0.0,0,3
0.1379,0.5818666666666666,1,0.0,0.0,0,3
0.1379,8.333333333333333e-05,1,0.0,0.0,0,3
0.2647,49.81603333333333,1,0.0,0.0,0,3
0.2647,5e-05,1,0.0,0.0,0,3
0.8377,0.5985166666666667,1,0.0,0.0,0,3
0.8377,5e-05,1,0.0,0.0,0,3
0.8377,0.4784833333333333,1,0.0,0.0,0,3
0.8377,0.00013333333333333334,1,0.0,0.0,0,3
0.9803,0.40701666666666664,1,0.0,0.0,0,3
0.9803,3.3333333333333335e-05,1,0.0,0.0,0,3
0.7596,135.1962,1,0.0,0.0,0,3
0.7596,3.3333333333333335e-05,1,0.0,0.0,0,3
0.9803,2.5103333333333335,1,0.0,0.0,0,3
0.9803,0.034616666666666664,1,0.0,0.0,0,3
0.9803,0.00016666666666666666,1,0.0,0.0,0,3
0.9803,0.0181,1,0.0,0.0,0,3
0.9803,0.020933333333333335,1,0.0,0.0,0,3
0.9803,0.014966666666666666,1,0.0,0.0,0,3
0.9803,0.01005,1,0.0,0.0,0,3
0.9803,0.013516666666666668,1,0.0,0.0,0,3
0.9803,0.0022333333333333333,1,0.0,0.0,0,3
0.9803,0.017333333333333333,1,0.0,0.0,0,3
0.9803,3.3333333333333335e-05,1,0.0,0.0,0,3
0.7596,2.37865,1,0.0,0.0,0,3
0.7596,1.6666666666666667e-05,1,0.0,0.0,0,3
0.9803,2690.6503166666666,1,0.0,0.0,0,3
0.9803,0.00018333333333333334,1,0.0,0.0,0,3
0.1379,4022.0572666666662,1,0.0,0.0,0,3
0.1379,0.0,1,0.0,0.0,0,3
0.4593,0.20486666666666667,1,0.0,0.0,0,3
0.4593,0.0,1,0.0,0.0,0,3
0.1667,0.08045,1,0.0,0.0,0,3
0.1667,0.0,1,0.0,0.0,0,3
0.8377,0.06836666666666667,1,0.0,0.0,0,3
0.8377,1.6666666666666667e-05,1,0.0,0.0,0,3
0.1379,0.21206666666666668,1,0.0,0.0,0,3
0.1379,5e-05,1,0.0,0.0,0,3
0.4494,0.24746666666666667,1,0.0,0.0,0,3
0.4494,3.3333333333333335e-05,1,0.0,0.0,0,3
0.1379,19.479633333333332,1,0.0,0.0,0,3
0.1379,0.0,1,0.0,0.0,0,3
0.4494,0.11855,1,0.0,0.0,0,3
0.4494,1.6666666666666667e-05,1,0.0,0.0,0,3
0.1667,0.14616666666666667,1,0.0,0.0,0,3
0.1667,6.666666666666667e-05,1,0.0,0.0,0,3
0.4593,0.32123333333333337,1,0.0,0.0,0,3
0.4593,1.6666666666666667e-05,1,0.0,0.0,0,3
0.7596,3.6028666666666664,1,0.0,0.0,0,3
0.7596,0.037116666666666666,1,0.0,0.0,0,3
0.7596,0.0,1,0.0,0.0,0,3
0.8322,0.7737499999999999,1,0.0,0.0,0,3
0.8322,8.333333333333333e-05,1,0.0,0.0,0,3
0.9803,0.5298666666666667,1,0.0,0.0,0,3
0.9803,5e-05,1,0.0,0.0,0,3
0.4593,0.26031666666666664,1,0.0,0.0,0,3
0.4593,1.6666666666666667e-05,1,0.0,0.0,0,3
0.1379,0.48505000000000004,1,0.0,0.0,0,3
0.1379,0.00055,1,0.0,0.0,0,3
0.1379,3.1081833333333337,1,0.0,0.0,0,3
0.1379,5e-05,1,0.0,0.0,0,3
0.7596,0.12383333333333332,1,0.0,0.0,0,3
0.7596,3.3333333333333335e-05,1,0.0,0.0,0,3
0.4593,0.28035000000000004,1,0.0,0.0,0,3
0.4593,0.0001,1,0.0,0.0,0,3
0.8377,0.06551666666666667,1,0.0,0.0,0,3
0.8377,1.6666666666666667e-05,1,0.0,0.0,0,3
0.7596,0.21468333333333334,1,0.0,0.0,0,3
0.7596,3.3333333333333335e-05,1,0.0,0.0,0,3
0.1667,0.28513333333333335,1,0.0,0.0,0,3
0.1667,6.666666666666667e-05,1,0.0,0.0,0,3
0.8049,0.09916666666666667,1,0.0,0.0,0,3
0.8049,5e-05,1,0.0,0.0,0,3
0.1379,0.36910000000000004,1,0.0,0.0,0,3
0.1379,0.0,1,0.0,0.0,0,3
0.7596,0.13665,1,0.0,0.0,0,3
0.7596,1.6666666666666667e-05,1,0.0,0.0,0,3
0.2647,0.2212333333333333,1,0.0,0.0,0,3
0.2647,0.02146666666666667,1,0.0,0.0,0,3
0.2647,0.018816666666666666,1,0.0,0.0,0,3
0.2647,0.14171666666666666,1,0.0,0.0,0,3
0.2647,0.0,1,0.0,0.0,0,3
0.7596,0.4876,1,0.0,0.0,0,3
0.7596,3.3333333333333335e-05,1,0.0,0.0,0,3
0.7596,0.24023333333333333,1,0.0,0.0,0,3
0.7596,6.666666666666667e-05,1,0.0,0.0,0,3
0.8377,0.2477,1,0.0,0.0,0,3
0.8377,0.00011666666666666667,1,0.0,0.0,0,3
0.7596,2.401683333333333,1,0.0,0.0,1,3
0.7596,6.666666666666667e-05,1,0.0,0.0,1,3
0.7596,0.32663333333333333,1,0.0,0.0,1,3
0.7596,0.0,1,0.0,0.0,1,3
0.1379,2.4360833333333334,1,0.0,0.0,0,3
0.1379,3.3333333333333335e-05,1,0.0,0.0,0,3
0.7596,4.354283333333333,1,0.0,0.0,0,3
0.7596,0.0,1,0.0,0.0,0,3
0.1379,0.6005833333333332,1,0.0,0.0,0,3
0.1379,1.6666666666666667e-05,1,0.0,0.0,0,3
0.1379,0.8630333333333333,1,0.0,0.0,0,3
0.1379,5e-05,1,0.0,0.0,0,3
0.1379,3.09385,1,0.0,0.0,0,3
0.1379,5e-05,1,0.0,0.0,0,3
0.7596,0.24205,1,0.0,0.0,0,3
0.7596,3.3333333333333335e-05,1,0.0,0.0,0,3
0.1379,3.2751666666666663,1,0.0,0.0,0,3
0.1379,3.3333333333333335e-05,1,0.0,0.0,0,3
0.1379,0.15853333333333333,1,0.0,0.0,0,3
0.1379,0.0,1,0.0,0.0,0,3
0.1379,4.4022,1,0.0,0.0,0,3
0.1379,5e-05,1,0.0,0.0,0,3
0.1379,1.8343333333333334,1,0.0,0.0,0,3
0.1379,0.0026333333333333334,1,0.0,0.0,0,3
0.1379,0.013466666666666667,1,0.0,0.0,0,3
0.1379,0.02685,1,0.0,0.0,0,3
0.1379,0.00015,1,0.0,0.0,0,3
0.1379,0.9225166666666667,1,0.0,0.0,0,3
0.1379,6.666666666666667e-05,1,0.0,0.0,0,3
0.1379,0.70325,1,0.0,0.0,0,3
0.1379,8.333333333333333e-05,1,0.0,0.0,0,3
0.7596,0.5538833333333333,1,0.0,0.0,0,3
0.7596,0.0,1,0.0,0.0,0,3
0.7596,0.2816666666666666,1,0.0,0.0,0,3
0.7596,0.0,1,0.0,0.0,0,3
0.7596,0.09430000000000001,1,0.0,0.0,0,3
0.7596,1.6666666666666667e-05,1,0.0,0.0,0,3
0.1379,0.15988333333333332,1,0.0,0.0,0,3
0.1379,8.333333333333333e-05,1,0.0,0.0,0,3
0.2647,0.7709666666666667,1,0.0,0.0,0,3
0.2647,0.00011666666666666667,1,0.0,0.0,0,3
0.7596,0.38343333333333335,1,0.0,0.0,0,3
0.7596,0.0001,1,0.0,0.0,0,3
0.1379,17.998583333333332,1,0.0,0.0,0,3
0.1379,1.6666666666666667e-05,1,0.0,0.0,0,3
0.1379,1.8242833333333333,1,0.0,0.0,0,3
0.1379,3.3333333333333335e-05,1,0.0,0.0,0,3
0.1379,3.1677666666666666,1,0.0,0.0,0,3
0.1379,3.3333333333333335e-05,1,0.0,0.0,0,3
0.1379,2.1647666666666665,1,0.0,0.0,0,3
0.1379,0.00046666666666666666,1,0.0,0.0,0,3
0.7596,40.42091666666667,1,0.0,0.0,0,3
0.7596,6.666666666666667e-05,1,0.0,0.0,0,3
0.1379,115.2712,1,0.0,0.0,0,3
0.1379,1.6666666666666667e-05,1,0.0,0.0,0,3
0.1379,3.6042,1,0.0,0.0,0,3
0.1379,3.3333333333333335e-05,1,0.0,0.0,0,3
0.8377,0.22978333333333334,1,0.0,0.0,0,3
0.8377,0.0,1,0.0,0.0,0,3
0.4494,0.14531666666666665,1,0.0,0.0,0,3
0.4494,6.666666666666667e-05,1,0.0,0.0,0,3
0.1667,0.11309999999999999,1,0.0,0.0,0,3
0.1667,0.00011666666666666667,1,0.0,0.0,0,3
0.1379,1.00355,1,0.0,0.0,0,3
0.1379,0.001,1,0.0,0.0,0,3
0.1379,11.172433333333334,1,0.0,0.0,0,3
0.1379,0.0002666666666666667,1,0.0,0.0,0,3
0.1379,4.424516666666666,1,0.0,0.0,0,3
0.1379,3.3333333333333335e-05,1,0.0,0.0,0,3
0.1379,11.6311,1,0.0,0.0,0,3
0.1667,3.3333333333333335e-05,1,0.0,0.0,0,3
0.1379,0.30966666666666665,1,0.0,0.0,0,3
0.1379,5e-05,1,0.0,0.0,0,3
0.1379,10.192733333333333,1,0.0,0.0,0,3
0.1379,1.6666666666666667e-05,1,0.0,0.0,0,3
0.4593,0.105,1,0.0,0.0,0,3
0.4593,6.666666666666667e-05,1,0.0,0.0,0,3
0.1379,1.9053499999999999,1,0.0,0.0,0,3
0.4494,6.666666666666667e-05,1,0.0,0.0,0,3
0.5579,60.83676666666667,1,0.0,0.0,0,3
0.5579,8.333333333333333e-05,1,0.0,0.0,0,3
0.1379,5.7046,1,0.0,0.0,0,3
0.1379,0.0002666666666666667,1,0.0,0.0,0,3
0.7596,0.14466666666666667,1,0.0,0.0,0,3
0.7596,6.666666666666667e-05,1,0.0,0.0,0,3
0.4593,0.0618,1,0.0,0.0,0,3
0.4593,5e-05,1,0.0,0.0,0,3
0.7596,24.763016666666665,1,0.0,0.0,0,3
0.7596,0.00016666666666666666,1,0.0,0.0,0,3
0.7596,1.5282166666666666,1,0.0,0.0,0,3
0.7596,3.3333333333333335e-05,1,0.0,0.0,0,3
0.7596,31.96565,1,0.0,0.0,0,3
0.7596,1.6666666666666667e-05,1,0.0,0.0,0,3
0.7596,23.110333333333333,1,0.0,0.0,0,3
0.7596,3.3333333333333335e-05,1,0.0,0.0,0,3
0.8867,983.6149499999999,1,0.0,0.0,0,3
0.8867,0.00025,1,0.0,0.0,0,3
0.9803,61.01755,1,0.0,0.0,0,3
0.9803,0.007233333333333333,1,0.0,0.0,0,3
0.9803,0.009133333333333334,1,0.0,0.0,0,3
0.9803,0.019783333333333333,1,0.0,0.0,0,3
0.9803,0.29003333333333337,1,0.0,0.0,0,3
0.9803,0.22933333333333333,1,0.0,0.0,0,3
0.9803,0.01738333333333333,1,0.0,0.0,0,3
0.9803,0.13065000000000002,1,0.0,0.0,0,3
0.7596,13.466133333333334,1,0.0,0.0,0,3
0.7596,1.6666666666666667e-05,1,0.0,0.0,0,3
0.7596,0.7064166666666666,1,0.0,0.0,0,3
0.7596,0.046683333333333334,1,0.0,0.0,0,3
0.7596,5e-05,1,0.0,0.0,0,3
0.9384,1383.3962833333333,1,0.0,0.0,0,3
0.9384,0.00011666666666666667,1,0.0,0.0,0,3
0.1667,0.12183333333333332,1,0.0,0.0,0,3
0.1667,3.3333333333333335e-05,1,0.0,0.0,0,3
0.4593,0.04571666666666666,1,0.0,0.0,0,3
0.4593,5e-05,1,0.0,0.0,0,3
0.4494,1.0083166666666667,1,0.0,0.0,0,3
0.4494,1.6666666666666667e-05,1,0.0,0.0,0,3
0.8377,0.16278333333333334,1,0.0,0.0,0,3
0.8377,1.6666666666666667e-05,1,0.0,0.0,0,3
0.7596,0.17711666666666667,1,0.0,0.0,0,3
0.7596,8.333333333333333e-05,1,0.0,0.0,0,3
0.1379,0.92205,1,0.0,0.0,0,3
0.1379,1.6666666666666667e-05,1,0.0,0.0,0,3
0.1667,1446.0885333333333,1,0.0,0.0,0,3
0.1667,1.6666666666666667e-05,1,0.0,0.0,0,3
0.7596,23.864833333333333,1,0.0,0.0,0,3
0.7596,1.6666666666666667e-05,1,0.0,0.0,0,3
0.2647,91.60331666666666,1,0.0,0.0,0,3
0.2647,0.0256,1,0.0,0.0,0,3
0.2647,0.07966666666666668,1,0.0,0.0,0,3
0.2647,3.3333333333333335e-05,1,0.0,0.0,0,3
0.1667,14.992416666666665,1,0.0,0.0,0,3
0.1667,0.0010333333333333334,1,0.0,0.0,0,3
0.7596,0.14973333333333333,1,0.0,0.0,0,3
0.7596,3.3333333333333335e-05,1,0.0,0.0,0,3
0.7596,8.309983333333333,1,0.0,0.0,0,3
0.7596,0.00021666666666666666,1,0.0,0.0,0,3
0.8049,0.1048,1,0.0,0.0,0,3
0.8049,0.05106666666666667,1,0.0,0.0,0,3
0.8049,0.0001,1,0.0,0.0,0,3
0.7596,3.784383333333333,1,0.0,0.0,0,3
0.7596,0.0,1,0.0,0.0,0,3
0.7596,85.20183333333333,1,0.0,0.0,0,3
0.7596,0.0,1,0.0,0.0,0,3
0.7596,0.3279166666666667,1,0.0,0.0,0,3
0.7596,5e-05,1,0.0,0.0,0,3
0.1667,0.3356833333333333,1,0.0,0.0,0,3
0.1667,0.0001,1,0.0,0.0,0,3
0.7596,14.3411,1,0.0,0.0,0,3
0.7596,0.0011166666666666666,1,0.0,0.0,0,3
0.1667,8.5953,1,0.0,0.0,0,3
0.1667,1.6666666666666667e-05,1,0.0,0.0,0,3
0.4593,0.19915,1,0.0,0.0,0,3
0.4593,0.0,1,0.0,0.0,0,3
0.8377,58.43071666666666,1,0.0,0.0,0,3
0.8377,0.00045,1,0.0,0.0,0,3
0.4593,10.442649999999999,1,0.0,0.0,0,3
0.4593,0.026366666666666667,1,0.0,0.0,0,3
0.4593,0.10496666666666667,1,0.0,0.0,0,3
0.4593,3.3333333333333335e-05,1,0.0,0.0,0,3
0.4593,0.035166666666666666,1,0.0,0.0,0,3
0.4593,0.0,1,0.0,0.0,0,3
0.4494,6.696116666666667,1,0.0,0.0,0,3
0.4494,0.0005833333333333334,1,0.0,0.0,0,3
0.7596,37.358533333333334,1,0.0,0.0,1,3
0.7596,0.00015,1,0.0,0.0,1,3
0.9803,14.406766666666666,1,0.0,0.0,0,3
0.9803,0.00065,1,0.0,0.0,0,3
0.9803,1.7486166666666667,1,0.0,0.0,0,3
0.7596,74.06033333333333,1,0.0,0.0,0,3
0.5579,967.6092666666666,1,0.0,0.0,0,3
0.5579,0.00046666666666666666,1,0.0,0.0,0,3
0.9803,30.474749999999997,1,0.0,0.0,0,3
0.9803,0.1195,1,0.0,0.0,0,3
0.9803,2.3802000000000003,1,0.0,0.0,0,3
0.9803,2.75385,1,0.0,0.0,0,3
0.9803,0.03805,1,0.0,0.0,0,3
0.9803,1.4221833333333334,1,0.0,0.0,0,3
0.9803,8.333333333333333e-05,1,0.0,0.0,0,3
0.8867,0.06658333333333334,1,0.0,0.0,0,3
0.8867,1.6666666666666667e-05,1,0.0,0.0,0,3
0.8049,0.027366666666666664,1,0.0,0.0,0,3
0.8049,8.333333333333333e-05,1,0.0,0.0,0,3
0.7596,0.2990333333333333,1,0.0,0.0,0,3
0.7596,5e-05,1,0.0,0.0,0,3
0.4593,5.715483333333333,1,0.0,0.0,0,3
0.4593,14.432283333333334,1,0.0,0.0,0,3
0.4593,0.0010166666666666666,1,0.0,0.0,0,3
0.8377,0.19090000000000001,1,0.0,0.0,0,3
0.8377,6.666666666666667e-05,1,0.0,0.0,0,3
0.9803,20.158166666666666,1,0.0,0.0,0,3
0.9803,10.323833333333333,1,0.0,0.0,0,3
0.9803,0.006500000000000001,1,0.0,0.0,0,3
0.9803,0.02265,1,0.0,0.0,0,3
0.9803,6.666666666666667e-05,1,0.0,0.0,0,3
0.7596,181.81730000000002,1,0.0,0.0,0,3
0.7596,2.6427166666666664,1,0.0,0.0,0,3
0.7596,8.333333333333333e-05,1,0.0,0.0,0,3
0.2647,0.1023,1,0.0,0.0,0,3
0.2647,3.3333333333333335e-05,1,0.0,0.0,0,3
0.7596,0.7850833333333332,1,0.0,0.0,0,3
0.7596,5.350983333333334,1,0.0,0.0,0,3
0.7596,6.666666666666667e-05,1,0.0,0.0,0,3
0.9803,15.605783333333333,1,0.0,0.0,0,3
0.9803,0.013633333333333332,1,0.0,0.0,0,3
0.9803,0.10815,1,0.0,0.0,0,3
0.9803,0.12093333333333334,1,0.0,0.0,0,3
0.9803,0.48483333333333334,1,0.0,0.0,0,3
0.9803,0.54565,1,0.0,0.0,0,3
0.2647,21.830016666666666,1,0.0,0.0,0,3
0.2647,8.333333333333333e-05,1,0.0,0.0,0,3
0.7596,0.6942666666666667,1,0.0,0.0,0,3
0.7596,3.3333333333333335e-05,1,0.0,0.0,0,3
0.9803,34.783116666666665,1,0.0,0.0,0,3
0.9803,0.0004,1,0.0,0.0,0,3
0.8377,14.900383333333334,1,0.0,0.0,0,3
0.8377,0.0014666666666666667,1,0.0,0.0,0,3
0.5579,21.531833333333335,1,0.0,0.0,0,3
0.5579,0.0,1,0.0,0.0,0,3
0.7596,4.2790333333333335,1,0.0,0.0,0,3
0.7596,3.3333333333333335e-05,1,0.0,0.0,0,3
0.7596,1.1400166666666667,1,0.0,0.0,0,3
0.7596,0.0,1,0.0,0.0,0,3
0.9803,1.3645,1,0.0,0.0,0,3
0.9803,1.6666666666666667e-05,1,0.0,0.0,0,3
0.7596,34.911100000000005,1,0.0,0.0,0,3
0.7596,0.0008333333333333334,1,0.0,0.0,0,3
0.7596,0.2924,1,0.0,0.0,0,3
0.7596,3.3333333333333335e-05,1,0.0,0.0,0,3
0.7596,0.0248,1,0.0,0.0,0,3
0.7596,3.3333333333333335e-05,1,0.0,0.0,0,3
0.7596,0.041466666666666666,1,0.0,0.0,0,3
0.7596,6.666666666666667e-05,1,0.0,0.0,0,3
0.7596,0.15023333333333333,1,0.0,0.0,0,3
0.7596,6.666666666666667e-05,1,0.0,0.0,0,3
0.9803,3946.7620333333334,1,0.0,0.0,0,3
0.9384,0.4552,1,0.0,0.0,0,3
0.9384,0.08358333333333333,1,0.0,0.0,0,3
0.4494,1.32825,1,0.0,0.0,0,3
0.9803,1.2518333333333334,1,0.0,0.0,0,3
0.4494,0.0003333333333333333,1,0.0,0.0,0,3
0.9803,0.11466666666666667,1,0.0,0.0,0,3
0.9803,8.333333333333333e-05,1,0.0,0.0,0,3
0.4593,0.1431333333333333,1,0.0,0.0,0,3
0.4593,5e-05,1,0.0,0.0,0,3
0.4593,13.125016666666665,1,0.0,0.0,0,3
0.4593,0.00055,1,0.0,0.0,0,3
0.4593,25.459633333333333,1,0.0,0.0,0,3
0.4593,3.3333333333333335e-05,1,0.0,0.0,0,3
0.1667,43.1905,1,0.0,0.0,0,3
0.1667,0.016116666666666665,1,0.0,0.0,0,3
0.1667,0.26415,1,0.0,0.0,0,3
0.1667,0.03833333333333333,1,0.0,0.0,0,3
0.1667,3.3333333333333335e-05,1,0.0,0.0,0,3
0.1667,0.17665,1,0.0,0.0,0,3
0.1667,1.6666666666666667e-05,1,0.0,0.0,0,3
0.1667,121.62153333333335,1,0.0,0.0,0,3
0.1667,0.0,1,0.0,0.0,0,3
0.4494,0.19441666666666665,1,0.0,0.0,0,3
0.4494,0.0,1,0.0,0.0,0,3
0.8377,0.6716833333333334,1,0.0,0.0,0,3
0.1379,0.0,1,0.0,0.0,0,3
0.9384,17.567933333333333,1,0.0,0.0,0,3
0.9384,0.00011666666666666667,1,0.0,0.0,0,3
0.9384,1.1953833333333332,1,0.0,0.0,0,3
0.9384,0.00023333333333333333,1,0.0,0.0,0,3
0.9384,0.006466666666666667,1,0.0,0.0,0,3
0.9384,0.008766666666666667,1,0.0,0.0,0,3
0.9384,0.0066,1,0.0,0.0,0,3
0.9384,0.04703333333333334,1,0.0,0.0,0,3
0.7596,0.03916666666666667,1,0.0,0.0,1,3
0.7596,0.00011666666666666667,1,0.0,0.0,1,3
0.9384,0.15355,1,0.0,0.0,0,3
0.9384,5e-05,1,0.0,0.0,0,3
0.9384,0.2582833333333333,1,0.0,0.0,0,3
0.9384,0.03395,1,0.0,0.0,0,3
0.9384,1.35695,1,0.0,0.0,0,3
0.9384,3.3333333333333335e-05,1,0.0,0.0,0,3
0.9384,41.78543333333334,1,0.0,0.0,0,3
0.9384,0.0002666666666666667,1,0.0,0.0,0,3
0.9384,7.318933333333334,1,0.0,0.0,0,3
0.9384,8.333333333333333e-05,1,0.0,0.0,0,3
0.1667,0.16865,1,0.0,0.0,0,3
0.1667,3.3333333333333335e-05,1,0.0,0.0,0,3
0.9384,2.56655,1,0.0,0.0,0,3
0.9384,0.0,1,0.0,0.0,0,3
0.7596,0.13315,1,0.0,0.0,0,3
0.7596,1.6666666666666667e-05,1,0.0,0.0,0,3
0.5579,0.07919999999999999,1,0.0,0.0,0,3
0.5579,8.333333333333333e-05,1,0.0,0.0,0,3
0.1667,0.10801666666666666,1,0.0,0.0,0,3
0.1667,3.3333333333333335e-05,1,0.0,0.0,0,3
0.1667,0.20793333333333336,1,0.0,0.0,0,3
0.1667,5e-05,1,0.0,0.0,0,3
0.9384,0.18985,1,0.0,0.0,0,3
0.9384,6.666666666666667e-05,1,0.0,0.0,0,3
0.9384,5.271933333333333,1,0.0,0.0,0,3
0.9384,0.0547,1,0.0,0.0,0,3
0.9384,0.011033333333333334,1,0.0,0.0,0,3
0.9384,0.029,1,0.0,0.0,0,3
0.8377,0.2771,1,0.0,0.0,0,3
0.8377,1.6666666666666667e-05,1,0.0,0.0,0,3
0.9384,0.42888333333333334,1,0.0,0.0,0,3
0.9384,3.3333333333333335e-05,1,0.0,0.0,0,3
0.9384,4.31555,1,0.0,0.0,0,3
0.9384,0.00055,1,0.0,0.0,0,3
0.7596,53.477833333333336,1,0.0,0.0,0,3
0.7596,5e-05,1,0.0,0.0,0,3
0.7596,7.3655333333333335,1,0.0,0.0,0,3
0.7596,6.666666666666667e-05,1,0.0,0.0,0,3
0.9803,3.3794666666666666,1,0.0,0.0,0,3
0.9803,3.3333333333333335e-05,1,0.0,0.0,0,3
0.9449,13.222133333333334,1,0.0,0.0,0,3
0.9449,3.3333333333333335e-05,1,0.0,0.0,0,3
0.5579,0.13628333333333334,1,0.0,0.0,0,3
0.5579,1.6666666666666667e-05,1,0.0,0.0,0,3
0.9384,0.3154666666666667,1,0.0,0.0,0,3
0.9384,0.0,1,0.0,0.0,0,3
0.4593,0.30635,1,0.0,0.0,0,3
0.4593,0.0,1,0.0,0.0,0,3
0.7596,997.9563999999999,1,0.0,0.0,0,3
0.7596,0.3404,1,0.0,0.0,0,3
0.7596,10.397400000000001,1,0.0,0.0,0,3
0.7596,0.04281666666666666,1,0.0,0.0,0,3
0.7596,0.6174333333333333,1,0.0,0.0,0,3
0.7596,0.54925,1,0.0,0.0,0,3
0.9384,8.615166666666665,1,0.0,0.0,0,3
0.9384,5e-05,1,0.0,0.0,0,3
0.9384,2.0702833333333333,1,0.0,0.0,0,3
0.9384,0.0,1,0.0,0.0,0,3
0.9384,14.049100000000001,1,0.0,0.0,0,3
0.9384,1.6666666666666667e-05,1,0.0,0.0,0,3
0.9384,10.776666666666667,1,0.0,0.0,0,3
0.9384,0.00011666666666666667,1,0.0,0.0,0,3
0.9384,0.3042666666666667,1,0.0,0.0,0,3
0.9384,5e-05,1,0.0,0.0,0,3
0.9384,4.1159,1,0.0,0.0,0,3
0.9384,0.00011666666666666667,1,0.0,0.0,0,3
0.2647,0.17375000000000002,1,0.0,0.0,0,3
0.2647,5e-05,1,0.0,0.0,0,3
0.2647,0.20523333333333332,1,0.0,0.0,0,3
0.2647,0.00018333333333333334,1,0.0,0.0,0,3
0.9449,0.059416666666666666,1,0.0,0.0,0,3
0.9449,0.0002666666666666667,1,0.0,0.0,0,3
0.7596,0.08898333333333334,1,0.0,0.0,0,3
0.7596,0.0,1,0.0,0.0,0,3
0.1667,0.3939666666666667,1,0.0,0.0,0,3
0.1667,1.6666666666666667e-05,1,0.0,0.0,0,3
0.1667,0.24975,1,0.0,0.0,0,3
0.1667,0.0,1,0.0,0.0,0,3
0.8377,0.09286666666666667,1,0.0,0.0,0,3
0.8377,1.6666666666666667e-05,1,0.0,0.0,0,3
0.9384,0.30791666666666667,1,0.0,0.0,0,3
0.9384,0.00011666666666666667,1,0.0,0.0,0,3
0.9384,0.11563333333333332,1,0.0,0.0,0,3
0.9384,0.0,1,0.0,0.0,0,3
0.7596,0.11566666666666667,1,0.0,0.0,0,3
0.7596,6.666666666666667e-05,1,0.0,0.0,0,3
0.2647,0.07403333333333334,1,0.0,0.0,0,3
0.2647,0.00011666666666666667,1,0.0,0.0,0,3
0.7596,0.20873333333333333,1,0.0,0.0,0,3
0.7596,5e-05,1,0.0,0.0,0,3
0.7596,0.21253333333333335,1,0.0,0.0,0,3
0.7596,1.6666666666666667e-05,1,0.0,0.0,0,3
0.4494,14.2871,1,0.0,0.0,0,3
0.4494,1.6666666666666667e-05,1,0.0,0.0,0,3
0.2647,0.86315,1,0.0,0.0,0,3
0.2647,1.6666666666666667e-05,1,0.0,0.0,0,3
0.2647,0.70055,1,0.0,0.0,0,3
0.2647,0.02665,1,0.0,0.0,0,3
0.2647,3.3333333333333335e-05,1,0.0,0.0,0,3
0.1667,0.06735000000000001,1,0.0,0.0,0,3
0.1667,3.3333333333333335e-05,1,0.0,0.0,0,3
0.4593,0.0742,1,0.0,0.0,0,3
0.4593,1.6666666666666667e-05,1,0.0,0.0,0,3
0.7596,0.040383333333333334,1,0.0,0.0,0,3
0.7596,0.0,1,0.0,0.0,0,3
0.5579,0.35356666666666664,1,0.0,0.0,0,3
0.5579,3.3333333333333335e-05,1,0.0,0.0,0,3
0.9803,21.729766666666666,1,0.0,0.0,0,3
0.9803,0.19755,1,0.0,0.0,0,3
0.9803,1.6666666666666667e-05,1,0.0,0.0,0,3
0.9384,4.648366666666666,1,0.0,0.0,0,3
0.9384,0.0,1,0.0,0.0,0,3
0.2647,0.12228333333333333,1,0.0,0.0,0,3
0.2647,6.666666666666667e-05,1,0.0,0.0,0,3
0.5579,0.07821666666666666,1,0.0,0.0,0,3
0.5579,0.0,1,0.0,0.0,0,3
0.1667,0.169,1,0.0,0.0,0,3
0.1667,1.6666666666666667e-05,1,0.0,0.0,0,3
0.4494,0.19413333333333332,1,0.0,0.0,0,3
0.4494,6.666666666666667e-05,1,0.0,0.0,0,3
0.4494,6.3328999999999995,1,0.0,0.0,0,3
0.4494,1.6666666666666667e-05,1,0.0,0.0,0,3
0.1667,0.1676,1,0.0,0.0,0,3
0.1667,0.0,1,0.0,0.0,0,3
0.8377,0.13275,1,0.0,0.0,0,3
0.8377,1.6666666666666667e-05,1,0.0,0.0,0,3
0.7596,9.587250000000001,1,0.0,0.0,0,3
0.7596,1.6666666666666667e-05,1,0.0,0.0,0,3
0.7596,0.16571666666666665,1,0.0,0.0,0,3
0.7596,0.00045,1,0.0,0.0,0,3
0.4494,7.955699999999999,1,0.0,0.0,0,3
0.7596,5e-05,1,0.0,0.0,0,3
0.7596,6.10095,1,0.0,0.0,0,3
0.9803,1.7355833333333335,1,0.0,0.0,0,3
0.9803,3.3333333333333335e-05,1,0.0,0.0,0,3
0.9384,27.438616666666668,1,0.0,0.0,0,3
0.9384,6.666666666666667e-05,1,0.0,0.0,0,3
0.4494,0.25811666666666666,1,0.0,0.0,0,3
0.4494,0.01225,1,0.0,0.0,0,3
0.4494,0.019683333333333334,1,0.0,0.0,0,3
0.4494,0.00016666666666666666,1,0.0,0.0,0,3
0.4494,3.5877499999999998,1,0.0,0.0,0,3
0.4494,3.3333333333333335e-05,1,0.0,0.0,0,3
0.7596,4.551,1,0.0,0.0,0,3
0.7596,1.5331166666666667,1,0.0,0.0,0,3
0.7596,3.46085,1,0.0,0.0,0,3
0.7596,0.20181666666666667,1,0.0,0.0,0,3
0.7596,8.333333333333333e-05,1,0.0,0.0,0,3
0.8867,90.75103333333333,1,0.0,0.0,0,3
0.8867,0.00018333333333333334,1,0.0,0.0,0,3
0.9384,1.5060333333333333,1,0.0,0.0,0,3
0.9384,8.333333333333333e-05,1,0.0,0.0,0,3
0.7596,2.032016666666667,1,0.0,0.0,0,3
0.7596,0.00023333333333333333,1,0.0,0.0,0,3
0.9803,8.254466666666666,1,0.0,0.0,0,3
0.9803,0.012983333333333335,1,0.0,0.0,0,3
0.9803,0.009666666666666665,1,0.0,0.0,0,3
0.9803,0.0843,1,0.0,0.0,0,3
0.9803,5.0989,1,0.0,0.0,0,3
0.9803,13.427733333333332,1,0.0,0.0,0,3
0.9803,0.06376666666666667,1,0.0,0.0,0,3
0.9803,12.486466666666667,1,0.0,0.0,0,3
0.9803,0.10755,1,0.0,0.0,0,3
0.9803,1.635,1,0.0,0.0,0,3
0.2647,10.385349999999999,1,0.0,0.0,0,3
0.2647,1.6666666666666667e-05,1,0.0,0.0,0,3
0.7596,12.476066666666666,1,0.0,0.0,0,3
0.7596,5e-05,1,0.0,0.0,0,3
0.4494,124.8524,1,0.0,0.0,0,3
0.4494,1.6666666666666667e-05,1,0.0,0.0,0,3
0.2647,0.6832833333333334,1,0.0,0.0,0,3
0.2647,0.00013333333333333334,1,0.0,0.0,0,3
0.4593,28.279983333333334,1,0.0,0.0,0,3
0.4593,1.6666666666666667e-05,1,0.0,0.0,0,3
0.9384,0.09834999999999999,1,0.0,0.0,0,3
0.9384,1.6666666666666667e-05,1,0.0,0.0,0,3
0.1667,0.0929,1,0.0,0.0,0,3
0.1667,3.3333333333333335e-05,1,0.0,0.0,0,3
0.1379,1021.61405,1,0.0,0.0,0,3
0.1379,8.333333333333333e-05,1,0.0,0.0,0,3
0.9384,0.18835,1,0.0,0.0,0,3
0.9384,0.00015,1,0.0,0.0,0,3
0.4494,2.45125,1,0.0,0.0,0,3
0.4494,0.0,1,0.0,0.0,0,3
0.1667,0.18566666666666667,1,0.0,0.0,0,3
0.1667,6.666666666666667e-05,1,0.0,0.0,0,3
0.4494,25.118266666666667,1,0.0,0.0,0,3
0.4494,0.0,1,0.0,0.0,0,3
0.1667,0.27926666666666666,1,0.0,0.0,0,3
0.1667,1.6666666666666667e-05,1,0.0,0.0,0,3
0.9384,0.24691666666666665,1,0.0,0.0,0,3
0.9384,0.0,1,0.0,0.0,0,3
0.4494,20.0247,1,0.0,0.0,0,3
0.4494,1.6666666666666667e-05,1,0.0,0.0,0,3
0.5579,2.1854,1,0.0,0.0,0,3
0.5579,5e-05,1,0.0,0.0,0,3
0.1667,2.1318333333333332,1,0.0,0.0,0,3
0.1667,3.3333333333333335e-05,1,0.0,0.0,0,3
0.1379,0.40353333333333335,1,0.0,0.0,0,3
0.1379,5e-05,1,0.0,0.0,0,3
0.1667,3.04395,1,0.0,0.0,0,3
0.1667,6.666666666666667e-05,1,0.0,0.0,0,3
0.4494,5.4874,1,0.0,0.0,0,3
0.4494,0.50335,1,0.0,0.0,0,3
0.4494,0.0,1,0.0,0.0,0,3
0.4494,0.37118333333333337,1,0.0,0.0,0,3
0.4494,1.6666666666666667e-05,1,0.0,0.0,0,3
0.7596,0.20278333333333334,1,0.0,0.0,0,3
0.7596,1.6666666666666667e-05,1,0.0,0.0,0,3
0.2647,0.16508333333333333,1,0.0,0.0,0,3
0.2647,0.00013333333333333334,1,0.0,0.0,0,3
0.9384,0.7355833333333333,1,0.0,0.0,0,3
0.1667,0.0,1,0.0,0.0,0,3
0.4593,0.9105666666666666,1,0.0,0.0,0,3
0.4593,1.6666666666666667e-05,1,0.0,0.0,0,3
0.8377,2.5976,1,0.0,0.0,0,3
0.8377,5e-05,1,0.0,0.0,0,3
0.1379,0.5386000000000001,1,0.0,0.0,0,3
0.1379,6.666666666666667e-05,1,0.0,0.0,0,3
0.1379,139.89678333333333,1,0.0,0.0,0,3
0.1379,0.00011666666666666667,1,0.0,0.0,0,3
0.5579,0.2248,1,0.0,0.0,0,3
0.5579,3.3333333333333335e-05,1,0.0,0.0,0,3
0.1667,0.17421666666666666,1,0.0,0.0,0,3
0.1667,8.333333333333333e-05,1,0.0,0.0,0,3
0.7596,212.45343333333332,1,0.0,0.0,0,3
0.7596,1.6666666666666667e-05,1,0.0,0.0,0,3
0.1667,962.6828,1,0.0,0.0,0,3
0.1667,3.3333333333333335e-05,1,0.0,0.0,0,3
0.5579,9.627533333333334,1,0.0,0.0,0,3
0.5579,5e-05,1,0.0,0.0,0,3
0.1667,0.44736666666666663,1,0.0,0.0,0,3
0.1667,6.666666666666667e-05,1,0.0,0.0,0,3
0.4593,0.07063333333333334,1,0.0,0.0,0,3
0.4593,3.3333333333333335e-05,1,0.0,0.0,0,3
0.9384,0.26276666666666665,1,0.0,0.0,0,3
0.9384,0.0,1,0.0,0.0,0,3
0.5579,0.18403333333333333,1,0.0,0.0,0,3
0.5579,0.0,1,0.0,0.0,0,3
0.2647,0.08171666666666666,1,0.0,0.0,0,3
0.2647,1.6666666666666667e-05,1,0.0,0.0,0,3
0.7596,0.0935,1,0.0,0.0,0,3
0.7596,5e-05,1,0.0,0.0,0,3
0.8377,0.05483333333333333,1,0.0,0.0,0,3
0.8377,6.666666666666667e-05,1,0.0,0.0,0,3
0.5579,0.6868333333333333,1,0.0,0.0,0,3
0.5579,5e-05,1,0.0,0.0,0,3
0.5579,0.55055,1,0.0,0.0,0,3
0.5579,0.04886666666666666,1,0.0,0.0,0,3
0.5579,2.1165666666666665,1,0.0,0.0,0,3
0.5579,5e-05,1,0.0,0.0,0,3
0.2647,0.14049999999999999,1,0.0,0.0,0,3
0.2647,0.00015,1,0.0,0.0,0,3
0.4593,0.2703333333333333,1,0.0,0.0,0,3
0.4593,5e-05,1,0.0,0.0,0,3
0.7596,0.38765,1,0.0,0.0,0,3
0.7596,0.0,1,0.0,0.0,0,3
0.1379,0.17413333333333333,1,0.0,0.0,0,3
0.1379,1.6666666666666667e-05,1,0.0,0.0,0,3
0.4593,0.12673333333333334,1,0.0,0.0,0,3
0.4593,0.0,1,0.0,0.0,0,3
0.5579,0.21191666666666667,1,0.0,0.0,0,3
0.5579,0.00015,1,0.0,0.0,0,3
0.9384,0.22779999999999997,1,0.0,0.0,0,3
0.9384,3.3333333333333335e-05,1,0.0,0.0,0,3
0.9202,28.71261666666667,1,0.0,0.0,1,3
0.9202,6.666666666666667e-05,1,0.0,0.0,1,3
0.4494,0.27081666666666665,1,0.0,0.0,0,3
0.4494,0.00045,1,0.0,0.0,0,3
0.9384,0.1054,1,0.0,0.0,0,3
0.9384,0.0007,1,0.0,0.0,0,3
0.1667,0.19273333333333334,1,0.0,0.0,0,3
0.1667,1.6666666666666667e-05,1,0.0,0.0,0,3
0.8377,0.26165,1,0.0,0.0,0,3
0.8377,1.6666666666666667e-05,1,0.0,0.0,0,3
0.9202,10.785133333333333,1,0.0,0.0,1,3
0.9143,1.3836666666666666,1,0.0,0.0,0,3
0.7596,0.0001,1,0.0,0.0,1,3
0.5579,0.1787,1,0.0,0.0,0,3
0.5579,1.6666666666666667e-05,1,0.0,0.0,0,3
0.7596,0.16065,1,0.0,0.0,0,3
0.7596,8.333333333333333e-05,1,0.0,0.0,0,3
0.7596,0.036833333333333336,1,0.0,0.0,0,3
0.7596,1.6666666666666667e-05,1,0.0,0.0,0,3
0.8377,0.038900000000000004,1,0.0,0.0,0,3
0.8377,1.6666666666666667e-05,1,0.0,0.0,0,3
0.7596,0.0782,1,0.0,0.0,0,3
0.7596,1.6666666666666667e-05,1,0.0,0.0,0,3
0.9143,3.8226,1,0.0,0.0,0,3
0.9143,1.6666666666666667e-05,1,0.0,0.0,0,3
0.1667,0.5066166666666666,1,0.0,0.0,0,3
0.1667,0.0001,1,0.0,0.0,0,3
0.9384,0.09965,1,0.0,0.0,0,3
0.9384,0.0008,1,0.0,0.0,0,3
0.5579,0.13540000000000002,1,0.0,0.0,0,3
0.5579,1.6666666666666667e-05,1,0.0,0.0,0,3
0.5579,4.256733333333333,1,0.0,0.0,0,3
0.5579,1.6666666666666667e-05,1,0.0,0.0,0,3
0.9803,3.896083333333333,1,0.0,0.0,0,3
0.9803,0.0007,1,0.0,0.0,0,3
0.9803,0.006733333333333333,1,0.0,0.0,0,3
0.9803,0.03328333333333334,1,0.0,0.0,0,3
0.5579,10.5023,1,0.0,0.0,0,3
0.9803,0.00011666666666666667,1,0.0,0.0,0,3
0.8377,0.2778,1,0.0,0.0,0,3
0.8377,1.6666666666666667e-05,1,0.0,0.0,0,3
0.5579,15.349533333333333,1,0.0,0.0,0,3
0.5579,0.0,1,0.0,0.0,0,3
0.9202,0.48181666666666667,1,0.0,0.0,1,3
0.9143,1.6666666666666667e-05,1,0.0,0.0,0,3
0.9384,0.35861666666666664,1,0.0,0.0,0,3
0.9384,0.00018333333333333334,1,0.0,0.0,0,3
0.9384,0.16138333333333332,1,0.0,0.0,0,3
0.9384,1.6666666666666667e-05,1,0.0,0.0,0,3
0.4494,0.09608333333333333,1,0.0,0.0,0,3
0.4494,0.0001,1,0.0,0.0,0,3
0.7596,16.547333333333334,1,0.0,0.0,0,3
0.7596,1.6666666666666667e-05,1,0.0,0.0,0,3
0.9202,15.003283333333334,1,0.0,0.0,1,3
0.5579,3.3333333333333335e-05,1,0.0,0.0,0,3
0.9384,5.038233333333333,1,0.0,0.0,0,3
0.9384,3.3333333333333335e-05,1,0.0,0.0,0,3
0.8867,0.08739999999999999,1,0.0,0.0,0,3
0.8867,8.333333333333333e-05,1,0.0,0.0,0,3
0.9803,13.4194,1,0.0,0.0,0,3
0.9803,0.0002,1,0.0,0.0,0,3
0.7596,0.2748833333333333,1,0.0,0.0,0,3
0.7596,3.3333333333333335e-05,1,0.0,0.0,0,3
0.2647,1.5929833333333332,1,0.0,0.0,0,3
0.2647,0.00825,1,0.0,0.0,0,3
0.2647,2.8389499999999996,1,0.0,0.0,0,3
0.2647,0.014233333333333332,1,0.0,0.0,0,3
0.2647,0.28191666666666665,1,0.0,0.0,0,3
0.9384,3.3333333333333335e-05,1,0.0,0.0,0,3
0.9202,2.2367166666666667,1,0.0,0.0,1,3
0.9143,8.333333333333333e-05,1,0.0,0.0,0,3
0.5579,17.0256,1,0.0,0.0,0,3
0.5579,0.0069166666666666664,1,0.0,0.0,0,3
0.5579,3.6791666666666667,1,0.0,0.0,0,3
0.5579,0.007716666666666667,1,0.0,0.0,0,3
0.8867,9.770883333333334,1,0.0,0.0,0,3
0.8867,0.011066666666666667,1,0.0,0.0,0,3
0.8867,0.14281666666666668,1,0.0,0.0,0,3
0.8867,0.0025,1,0.0,0.0,0,3
0.8867,0.0307,1,0.0,0.0,0,3
0.8867,8.333333333333333e-05,1,0.0,0.0,0,3
0.9384,66.49181666666667,1,0.0,0.0,0,3
0.8867,0.00013333333333333334,1,0.0,0.0,0,3
0.9384,0.1006,1,0.0,0.0,0,3
0.9384,0.0,1,0.0,0.0,0,3
0.9143,0.5803166666666667,1,0.0,0.0,0,3
0.9143,0.00018333333333333334,1,0.0,0.0,0,3
0.8867,8.403716666666666,1,0.0,0.0,0,3
0.9384,3.3333333333333335e-05,1,0.0,0.0,0,3
0.9384,22.801166666666667,1,0.0,0.0,0,3
0.9384,0.009366666666666667,1,0.0,0.0,0,3
0.9384,12.57645,1,0.0,0.0,0,3
0.8049,0.0002,1,0.0,0.0,0,3
0.8867,7.8704,1,0.0,0.0,0,3
0.8867,1.6666666666666667e-05,1,0.0,0.0,0,3
0.8867,9.061900000000001,1,0.0,0.0,0,3
0.8867,0.00975,1,0.0,0.0,0,3
0.8867,0.7889333333333333,1,0.0,0.0,0,3
0.8867,0.009983333333333334,1,0.0,0.0,0,3
0.9803,8.724033333333333,1,0.0,0.0,0,3
0.2647,0.0012833333333333334,1,0.0,0.0,0,3
0.5579,1.6350833333333334,1,0.0,0.0,0,3
0.5579,0.00018333333333333334,1,0.0,0.0,0,3
0.4494,0.5055666666666666,1,0.0,0.0,0,3
0.4494,3.3333333333333335e-05,1,0.0,0.0,0,3
0.2647,0.11908333333333333,1,0.0,0.0,0,3
0.2647,6.666666666666667e-05,1,0.0,0.0,0,3
0.5579,0.07601666666666666,1,0.0,0.0,0,3
0.5579,1.6666666666666667e-05,1,0.0,0.0,0,3
0.9143,0.3038,1,0.0,0.0,0,3
0.9143,3.3333333333333335e-05,1,0.0,0.0,0,3
0.9803,18.327816666666667,1,0.0,0.0,0,3
0.9803,6.666666666666667e-05,1,0.0,0.0,0,3
0.2647,37.3375,1,0.0,0.0,0,3
0.2647,0.31668333333333337,1,0.0,0.0,0,3
0.8867,3.3333333333333335e-05,1,0.0,0.0,0,3
0.8867,12.468533333333333,1,0.0,0.0,0,3
0.8867,0.5718666666666666,1,0.0,0.0,0,3
0.9803,35.83955,1,0.0,0.0,0,3
0.9803,3.3333333333333335e-05,1,0.0,0.0,0,3
0.8867,8.818016666666667,1,0.0,0.0,0,3
0.8867,6.666666666666667e-05,1,0.0,0.0,0,3
0.8867,42.1565,1,0.0,0.0,0,3
0.8867,1.6666666666666667e-05,1,0.0,0.0,0,3
0.8867,5.944599999999999,1,0.0,0.0,0,3
0.8867,8.333333333333333e-05,1,0.0,0.0,0,3
0.7596,0.21561666666666665,1,0.0,0.0,0,3
0.7596,0.0003,1,0.0,0.0,0,3
0.2647,0.0258,1,0.0,0.0,0,3
0.2647,0.00036666666666666667,1,0.0,0.0,0,3
0.9803,0.33663333333333334,1,0.0,0.0,0,3
0.9803,0.0,1,0.0,0.0,0,3
0.8867,1.6239666666666668,1,0.0,0.0,0,3
0.8867,1.6666666666666667e-05,1,0.0,0.0,0,3
0.9803,0.13925,1,0.0,0.0,0,3
0.9803,5e-05,1,0.0,0.0,0,3
0.7596,975.2919,1,0.0,0.0,0,3
0.7596,0.0,1,0.0,0.0,0,3
0.9384,3.551216666666667,1,0.0,0.0,0,3
0.9384,0.00013333333333333334,1,0.0,0.0,0,3
0.9143,2.544033333333333,1,0.0,0.0,0,3
0.9143,1.6666666666666667e-05,1,0.0,0.0,0,3
0.9384,0.5386166666666666,1,0.0,0.0,0,3
0.9384,0.00015,1,0.0,0.0,0,3
0.9202,0.1377833333333333,1,0.0,0.0,1,3
0.9202,5e-05,1,0.0,0.0,1,3
0.1379,1.7209333333333334,1,0.0,0.0,0,3
0.1379,1.6666666666666667e-05,1,0.0,0.0,0,3
0.9384,0.2673666666666667,1,0.0,0.0,0,3
0.9384,6.666666666666667e-05,1,0.0,0.0,0,3
0.1667,0.11943333333333334,1,0.0,0.0,0,3
0.1667,6.666666666666667e-05,1,0.0,0.0,0,3
0.9143,0.09256666666666667,1,0.0,0.0,0,3
0.9143,5e-05,1,0.0,0.0,0,3
0.9202,0.1371666666666667,1,0.0,0.0,1,3
0.9202,0.0005333333333333334,1,0.0,0.0,1,3
0.9202,3.2140666666666666,1,0.0,0.0,1,3
0.9202,5e-05,1,0.0,0.0,1,3
0.9384,0.13,1,0.0,0.0,0,3
0.9384,1.6666666666666667e-05,1,0.0,0.0,0,3
0.9384,0.07968333333333333,1,0.0,0.0,0,3
0.9384,5e-05,1,0.0,0.0,0,3
0.9384,1.7689666666666668,1,0.0,0.0,0,3
0.9384,0.0,1,0.0,0.0,0,3
0.9384,0.6458999999999999,1,0.0,0.0,0,3
0.9384,3.3333333333333335e-05,1,0.0,0.0,0,3
0.4593,0.19411666666666666,1,0.0,0.0,0,3
0.4593,5e-05,1,0.0,0.0,0,3
0.9384,2.3667666666666665,1,0.0,0.0,0,3
0.9384,8.333333333333333e-05,1,0.0,0.0,0,3
0.5579,0.16816666666666666,1,0.0,0.0,0,3
0.5579,0.0001,1,0.0,0.0,0,3
0.9202,2.3110833333333334,1,0.0,0.0,1,3
0.9202,3.3333333333333335e-05,1,0.0,0.0,1,3
0.7596,0.07404999999999999,1,0.0,0.0,0,3
0.7596,0.00011666666666666667,1,0.0,0.0,0,3
0.4593,2.21805,1,0.0,0.0,0,3
0.4593,1.6666666666666667e-05,1,0.0,0.0,0,3
0.9384,0.6750333333333334,1,0.0,0.0,0,3
0.9384,1.6666666666666667e-05,1,0.0,0.0,0,3
0.1379,0.2920666666666667,1,0.0,0.0,0,3
0.1379,1.6666666666666667e-05,1,0.0,0.0,0,3
0.5579,2.3685166666666664,1,0.0,0.0,0,3
0.5579,1.6666666666666667e-05,1,0.0,0.0,0,3
0.9384,0.21195,1,0.0,0.0,0,3
0.9384,3.3333333333333335e-05,1,0.0,0.0,0,3
0.1379,0.1389166666666667,1,0.0,0.0,0,3
0.1379,3.3333333333333335e-05,1,0.0,0.0,0,3
0.1667,3.861483333333333,1,0.0,0.0,0,3
0.1667,0.007716666666666667,1,0.0,0.0,0,3
0.9384,0.2764833333333333,1,0.0,0.0,0,3
0.1667,1.6666666666666667e-05,1,0.0,0.0,0,3
0.8377,0.06283333333333334,1,0.0,0.0,0,3
0.8377,0.0,1,0.0,0.0,0,3
0.9143,0.12794999999999998,1,0.0,0.0,0,3
0.9143,8.333333333333333e-05,1,0.0,0.0,0,3
0.9202,0.16038333333333332,1,0.0,0.0,1,3
0.9202,0.0,1,0.0,0.0,1,3
0.9384,1.8185833333333332,1,0.0,0.0,0,3
0.9384,1.6666666666666667e-05,1,0.0,0.0,0,3
0.1667,2.482966666666667,1,0.0,0.0,0,3
0.1667,5e-05,1,0.0,0.0,0,3
0.9384,0.2046,1,0.0,0.0,0,3
0.9384,3.3333333333333335e-05,1,0.0,0.0,0,3
0.9143,0.9555,1,0.0,0.0,0,3
0.9202,1.6666666666666667e-05,1,0.0,0.0,1,3
0.9384,20.351333333333333,1,0.0,0.0,0,3
0.9384,8.333333333333333e-05,1,0.0,0.0,0,3
0.9384,1.1921333333333335,1,0.0,0.0,0,3
0.9384,5e-05,1,0.0,0.0,0,3
0.1667,0.24155000000000001,1,0.0,0.0,0,3
0.1667,1.6666666666666667e-05,1,0.0,0.0,0,3
0.1667,2.5576,1,0.0,0.0,0,3
0.1667,3.3333333333333335e-05,1,0.0,0.0,0,3
0.9384,14.311466666666666,1,0.0,0.0,0,3
0.7596,6.666666666666667e-05,1,0.0,0.0,0,3
0.9384,0.2576,1,0.0,0.0,0,3
0.9384,0.0001,1,0.0,0.0,0,3
0.9384,12.740916666666667,1,0.0,0.0,0,3
0.9384,8.333333333333333e-05,1,0.0,0.0,0,3
0.9143,8.492466666666667,1,0.0,0.0,0,3
0.9143,3.3333333333333335e-05,1,0.0,0.0,0,3
0.9143,16.69975,1,0.0,0.0,0,3
0.9384,0.0,1,0.0,0.0,0,3
0.9202,0.35396666666666665,1,0.0,0.0,1,3
0.9202,1.6666666666666667e-05,1,0.0,0.0,1,3
0.9202,3.78715,1,0.0,0.0,1,3
0.9202,8.333333333333333e-05,1,0.0,0.0,1,3
0.9384,7.483066666666667,1,0.0,0.0,0,3
0.9384,0.00145,1,0.0,0.0,0,3
0.5579,0.14553333333333332,1,0.0,0.0,0,3
0.5579,5e-05,1,0.0,0.0,0,3
0.9202,23.176433333333332,1,0.0,0.0,1,3
0.7596,3.3333333333333335e-05,1,0.0,0.0,0,3
0.1379,16.02605,1,0.0,0.0,0,3
0.4494,8.333333333333333e-05,1,0.0,0.0,0,3
0.1379,0.07408333333333333,1,0.0,0.0,0,3
0.1379,0.00021666666666666666,1,0.0,0.0,0,3
0.7596,60.45686666666666,1,0.0,0.0,0,3
0.7596,3.3333333333333335e-05,1,0.0,0.0,0,3
0.7596,12.395366666666666,1,0.0,0.0,0,3
0.9449,1.6666666666666667e-05,1,0.0,0.0,0,3
0.4494,14.066466666666667,1,0.0,0.0,0,3
0.4494,6.666666666666667e-05,1,0.0,0.0,0,3
0.9384,0.7053833333333334,1,0.0,0.0,0,3
0.9384,1.6666666666666667e-05,1,0.0,0.0,0,3
0.8867,0.5989333333333333,1,0.0,0.0,0,3
0.8867,0.0,1,0.0,0.0,0,3
0.1379,1.9289999999999998,1,0.0,0.0,0,3
0.1379,1.6666666666666667e-05,1,0.0,0.0,0,3
0.5153,15.283966666666666,1,0.0,0.0,0,3
0.7596,5e-05,1,0.0,0.0,0,3
0.7596,3.832666666666667,1,0.0,0.0,0,3
0.9384,1.6666666666666667e-05,1,0.0,0.0,0,3
0.4593,1.9585833333333333,1,0.0,0.0,0,3
0.4593,1.6666666666666667e-05,1,0.0,0.0,0,3
0.4593,2.8221,1,0.0,0.0,0,3
0.4593,1.6666666666666667e-05,1,0.0,0.0,0,3
0.9384,0.13003333333333333,1,0.0,0.0,0,3
0.9384,0.0003,1,0.0,0.0,0,3
0.9803,13.233766666666666,1,0.0,0.0,0,3
0.5153,0.00055,1,0.0,0.0,0,3
0.9384,6.2627999999999995,1,0.0,0.0,0,3
0.5579,0.0001,1,0.0,0.0,0,3
0.5153,9.282566666666666,1,0.0,0.0,0,3
0.5153,5e-05,1,0.0,0.0,0,3
0.9143,4041.0320166666666,1,0.0,0.0,0,3
0.5153,0.0021,1,0.0,0.0,0,3
0.7596,0.6666666666666666,1,0.0,0.0,0,3
0.7596,0.00015,1,0.0,0.0,0,3
0.7596,0.05493333333333333,1,0.0,0.0,0,3
0.7596,0.0009666666666666667,1,0.0,0.0,0,3
0.8377,0.4422833333333333,1,0.0,0.0,0,3
0.8377,8.333333333333333e-05,1,0.0,0.0,0,3
0.1379,1.8270833333333334,1,0.0,0.0,0,3
0.1379,0.0005833333333333334,1,0.0,0.0,0,3
0.7596,0.4342,1,0.0,0.0,1,3
0.7596,5e-05,1,0.0,0.0,1,3
0.7596,3.2108833333333333,1,0.0,0.0,1,3
0.7596,0.0,1,0.0,0.0,1,3
0.7596,0.879,1,0.0,0.0,1,3
0.7596,1.6666666666666667e-05,1,0.0,0.0,1,3
0.7596,1.5249333333333333,1,0.0,0.0,1,3
0.7596,1.6666666666666667e-05,1,0.0,0.0,1,3
0.7596,0.04096666666666667,1,0.0,0.0,1,3
0.7596,3.3333333333333335e-05,1,0.0,0.0,1,3
0.7596,0.042366666666666664,1,0.0,0.0,1,3
0.7596,0.0,1,0.0,0.0,1,3
0.7596,0.0404,1,0.0,0.0,1,3
0.7596,0.0,1,0.0,0.0,1,3
0.7596,0.027416666666666666,1,0.0,0.0,1,3
0.7596,0.0013,1,0.0,0.0,1,3
0.7596,0.7311,1,0.0,0.0,1,3
0.7596,1.6666666666666667e-05,1,0.0,0.0,1,3
0.7596,0.4438666666666667,1,0.0,0.0,1,3
0.7596,5e-05,1,0.0,0.0,1,3
0.7596,0.03138333333333333,1,0.0,0.0,1,3
0.7596,1.6666666666666667e-05,1,0.0,0.0,1,3
0.7596,0.0236,1,0.0,0.0,1,3
0.7596,5e-05,1,0.0,0.0,1,3
0.7596,0.04025,1,0.0,0.0,1,3
0.7596,0.02275,1,0.0,0.0,1,3
0.7596,0.0011,1,0.0,0.0,1,3
0.7596,0.02793333333333333,1,0.0,0.0,1,3
0.7596,3.3333333333333335e-05,1,0.0,0.0,1,3
0.7596,0.027616666666666668,1,0.0,0.0,1,3
0.7596,0.00075,1,0.0,0.0,1,3
0.7596,0.05361666666666667,1,0.0,0.0,1,3
0.7596,0.02615,1,0.0,0.0,1,3
0.7596,3.3333333333333335e-05,1,0.0,0.0,1,3
0.7596,0.03715,1,0.0,0.0,1,3
0.7596,6.666666666666667e-05,1,0.0,0.0,1,3
0.7596,0.026783333333333333,1,0.0,0.0,1,3
0.7596,0.05023333333333333,1,0.0,0.0,1,3
0.7596,0.0002,1,0.0,0.0,1,3
0.7596,0.027983333333333336,1,0.0,0.0,1,3
0.7596,6.666666666666667e-05,1,0.0,0.0,1,3
0.7596,0.03563333333333333,1,0.0,0.0,1,3
0.7596,0.10993333333333334,1,0.0,0.0,1,3
0.7596,0.00016666666666666666,1,0.0,0.0,1,3
0.7596,0.07413333333333334,1,0.0,0.0,1,3
0.7596,0.0002,1,0.0,0.0,1,3
0.7596,0.04728333333333334,1,0.0,0.0,1,3
0.7596,6.666666666666667e-05,1,0.0,0.0,1,3
0.7596,9.6711,1,0.0,0.0,1,3
0.7596,0.0,1,0.0,0.0,1,3
0.2647,6.61995,1,0.0,0.0,0,3
0.7596,0.004033333333333333,1,0.0,0.0,1,3
0.7596,0.14343333333333333,1,0.0,0.0,1,3
0.7596,3.3333333333333335e-05,1,0.0,0.0,1,3
0.9803,8.174883333333334,1,0.0,0.0,0,3
0.9803,6.666666666666667e-05,1,0.0,0.0,0,3
0.7596,0.05983333333333333,1,0.0,0.0,0,3
0.7596,0.0,1,0.0,0.0,0,3
0.2647,0.9870666666666666,1,0.0,0.0,0,3
0.2647,3.3333333333333335e-05,1,0.0,0.0,0,3
0.7596,0.08991666666666666,1,0.0,0.0,0,3
0.7596,8.333333333333333e-05,1,0.0,0.0,0,3
0.9384,0.33516666666666667,1,0.0,0.0,0,3
0.9384,5e-05,1,0.0,0.0,0,3
0.9384,0.06933333333333333,1,0.0,0.0,0,3
0.9384,1.6666666666666667e-05,1,0.0,0.0,0,3
0.4494,0.13963333333333333,1,0.0,0.0,0,3
0.4494,0.0006666666666666666,1,0.0,0.0,0,3
0.9202,0.19941666666666666,1,0.0,0.0,1,3
0.9202,0.0,1,0.0,0.0,1,3
0.9143,0.17018333333333333,1,0.0,0.0,0,3
0.9143,1.6666666666666667e-05,1,0.0,0.0,0,3
0.5153,0.11460000000000001,1,0.0,0.0,0,3
0.5153,6.666666666666667e-05,1,0.0,0.0,0,3
0.8867,0.6399,1,0.0,0.0,0,3
0.8867,0.0006166666666666666,1,0.0,0.0,0,3
0.9384,1.6115,1,0.0,0.0,0,3
0.9384,6.666666666666667e-05,1,0.0,0.0,0,3
0.7596,1.6342333333333334,1,0.0,0.0,0,3
0.7596,1.6666666666666667e-05,1,0.0,0.0,0,3
0.8377,1.1903666666666666,1,0.0,0.0,0,3
0.8377,0.0,1,0.0,0.0,0,3
0.7596,0.14413333333333334,1,0.0,0.0,1,3
0.7596,0.00016666666666666666,1,0.0,0.0,1,3
0.7596,0.029733333333333334,1,0.0,0.0,1,3
0.7596,1.6666666666666667e-05,1,0.0,0.0,1,3
0.7596,0.021516666666666667,1,0.0,0.0,1,3
0.7596,0.0006833333333333333,1,0.0,0.0,1,3
0.7596,0.03936666666666667,1,0.0,0.0,1,3
0.7596,1.6666666666666667e-05,1,0.0,0.0,1,3
0.7596,0.025316666666666664,1,0.0,0.0,1,3
0.7596,0.0277,1,0.0,0.0,0,3
0.7596,5e-05,1,0.0,0.0,1,3
0.7596,0.029316666666666664,1,0.0,0.0,0,3
0.7596,0.02588333333333333,1,0.0,0.0,1,3
0.7596,0.04,1,0.0,0.0,1,3
0.7596,0.0003333333333333333,1,0.0,0.0,1,3
0.7596,0.03986666666666667,1,0.0,0.0,1,3
0.7596,0.1033,1,0.0,0.0,1,3
0.7596,0.0,1,0.0,0.0,1,3
0.7596,0.040516666666666666,1,0.0,0.0,1,3
0.7596,0.0,1,0.0,0.0,1,3
0.7596,0.0286,1,0.0,0.0,1,3
0.7596,3.3333333333333335e-05,1,0.0,0.0,1,3
0.7596,0.8058833333333334,1,0.0,0.0,1,3
0.7596,0.00215,1,0.0,0.0,1,3
0.7596,1.2057166666666668,1,0.0,0.0,1,3
0.7596,5e-05,1,0.0,0.0,1,3
0.7596,2.0385,1,0.0,0.0,1,3
0.7596,0.0004333333333333333,1,0.0,0.0,1,3
0.7596,12.340083333333332,1,0.0,0.0,1,3
0.7596,0.0004333333333333333,1,0.0,0.0,1,3
0.9803,2.9625166666666667,1,0.0,0.0,0,3
0.8049,1.6666666666666667e-05,1,0.0,0.0,0,3
0.8049,0.02705,1,0.0,0.0,0,3
0.9384,0.016133333333333333,1,0.0,0.0,0,3
0.9384,6.666666666666667e-05,1,0.0,0.0,0,3
0.7596,0.12223333333333333,1,0.0,0.0,1,3
0.7596,0.0,1,0.0,0.0,1,3
0.7596,1.3358333333333334,1,0.0,0.0,1,3
0.7596,0.00013333333333333334,1,0.0,0.0,1,3
0.7596,3.51265,1,0.0,0.0,1,3
0.7596,1.6666666666666667e-05,1,0.0,0.0,1,3
0.5153,0.2627,1,0.0,0.0,0,3
0.5153,0.0,1,0.0,0.0,0,3
0.9143,0.20825,1,0.0,0.0,0,3
0.9143,0.00025,1,0.0,0.0,0,3
0.7596,4.5354833333333335,1,0.0,0.0,1,3
0.7596,0.0009166666666666666,1,0.0,0.0,1,3
0.7596,0.04215,1,0.0,0.0,1,3
0.7596,3.3333333333333335e-05,1,0.0,0.0,1,3
0.7596,0.023266666666666665,1,0.0,0.0,1,3
0.7596,1.6666666666666667e-05,1,0.0,0.0,1,3
0.7596,0.0181,1,0.0,0.0,1,3
0.7596,0.026933333333333333,1,0.0,0.0,1,3
0.7596,3.3333333333333335e-05,1,0.0,0.0,1,3
0.7596,0.019466666666666667,1,0.0,0.0,1,3
0.7596,6.666666666666667e-05,1,0.0,0.0,1,3
0.7596,0.022633333333333335,1,0.0,0.0,1,3
0.7596,0.0,1,0.0,0.0,1,3
0.7596,0.019566666666666666,1,0.0,0.0,1,3
0.7596,1.6666666666666667e-05,1,0.0,0.0,1,3
0.7596,0.020916666666666663,1,0.0,0.0,1,3
0.7596,0.017133333333333334,1,0.0,0.0,1,3
0.7596,0.049749999999999996,1,0.0,0.0,1,3
0.7596,1.6666666666666667e-05,1,0.0,0.0,1,3
0.7596,0.052116666666666665,1,0.0,0.0,1,3
0.7596,0.02811666666666667,1,0.0,0.0,1,3
0.7596,0.0001,1,0.0,0.0,1,3
0.7596,0.04128333333333333,1,0.0,0.0,1,3
0.7596,1.6666666666666667e-05,1,0.0,0.0,1,3
0.7596,0.04048333333333333,1,0.0,0.0,1,3
0.7596,6.666666666666667e-05,1,0.0,0.0,1,3
0.7596,0.0429,1,0.0,0.0,1,3
0.7596,0.3004833333333333,1,0.0,0.0,1,3
0.7596,1.6666666666666667e-05,1,0.0,0.0,1,3
0.7596,0.1509,1,0.0,0.0,1,3
0.7596,0.0,1,0.0,0.0,1,3
0.7596,0.056799999999999996,1,0.0,0.0,1,3
0.7596,3.3333333333333335e-05,1,0.0,0.0,1,3
0.7596,2.9640666666666666,1,0.0,0.0,1,3
0.7596,3.3333333333333335e-05,1,0.0,0.0,1,3
0.7596,0.05045,1,0.0,0.0,1,3
0.7596,0.0012833333333333334,1,0.0,0.0,1,3
0.7596,0.0334,1,0.0,0.0,1,3
0.7596,1.6666666666666667e-05,1,0.0,0.0,1,3
0.7596,0.06791666666666667,1,0.0,0.0,1,3
0.7596,0.0011333333333333334,1,0.0,0.0,1,3
0.7596,0.041633333333333335,1,0.0,0.0,0,3
0.7596,0.00028333333333333335,1,0.0,0.0,0,3
0.7596,0.0876,1,0.0,0.0,0,3
0.7596,5e-05,1,0.0,0.0,0,3
0.7596,0.03953333333333333,1,0.0,0.0,0,3
0.7596,1.6666666666666667e-05,1,0.0,0.0,0,3
0.7596,1.3006666666666669,1,0.0,0.0,0,3
0.7596,6.666666666666667e-05,1,0.0,0.0,0,3
0.7596,0.031083333333333334,1,0.0,0.0,0,3
0.7596,5e-05,1,0.0,0.0,0,3
0.8377,0.034333333333333334,1,0.0,0.0,0,3
0.8377,3.3333333333333335e-05,1,0.0,0.0,0,3
0.7596,0.04765,1,0.0,0.0,0,3
0.7596,3.3333333333333335e-05,1,0.0,0.0,0,3
0.7596,0.05221666666666667,1,0.0,0.0,0,3
0.7596,0.00013333333333333334,1,0.0,0.0,0,3
0.7596,0.016283333333333334,1,0.0,0.0,0,3
0.7596,1.6666666666666667e-05,1,0.0,0.0,0,3
0.7596,0.016483333333333332,1,0.0,0.0,0,3
0.7596,0.00025,1,0.0,0.0,0,3
0.7596,0.015016666666666668,1,0.0,0.0,0,3
0.7596,8.333333333333333e-05,1,0.0,0.0,0,3
0.7596,0.015600000000000001,1,0.0,0.0,0,3
0.7596,3.3333333333333335e-05,1,0.0,0.0,0,3
0.7596,0.016,1,0.0,0.0,0,3
0.7596,0.0,1,0.0,0.0,0,3
0.7596,0.016366666666666665,1,0.0,0.0,0,3
0.7596,0.0,1,0.0,0.0,0,3
0.7596,0.030500000000000003,1,0.0,0.0,0,3
0.7596,0.020066666666666667,1,0.0,0.0,0,3
0.7596,0.0282,1,0.0,0.0,0,3
0.7596,1.6666666666666667e-05,1,0.0,0.0,0,3
0.7596,0.030366666666666667,1,0.0,0.0,0,3
0.7596,1.6666666666666667e-05,1,0.0,0.0,0,3
0.7596,0.021716666666666665,1,0.0,0.0,0,3
0.7596,1.6666666666666667e-05,1,0.0,0.0,0,3
0.7596,0.01895,1,0.0,0.0,0,3
0.7596,0.0002,1,0.0,0.0,0,3
0.7596,0.021816666666666665,1,0.0,0.0,0,3
0.7596,6.666666666666667e-05,1,0.0,0.0,0,3
0.7596,0.019783333333333333,1,0.0,0.0,0,3
0.7596,0.022766666666666668,1,0.0,0.0,0,3
0.7596,0.00011666666666666667,1,0.0,0.0,0,3
0.7596,0.024183333333333334,1,0.0,0.0,0,3
0.7596,8.801433333333334,1,0.0,0.0,0,3
0.7596,3.3333333333333335e-05,1,0.0,0.0,0,3
0.5579,0.07783333333333334,1,0.0,0.0,0,3
0.5579,3.3333333333333335e-05,1,0.0,0.0,0,3
0.5579,0.08455,1,0.0,0.0,0,3
0.5579,1.6666666666666667e-05,1,0.0,0.0,0,3
0.2647,1.0468333333333333,1,0.0,0.0,0,3
0.2647,0.0002,1,0.0,0.0,0,3
0.7596,0.06276666666666667,1,0.0,0.0,0,3
0.7596,1.6666666666666667e-05,1,0.0,0.0,0,3
0.7596,2.884533333333333,1,0.0,0.0,0,3
0.7596,1.6666666666666667e-05,1,0.0,0.0,0,3
0.1379,138.67445,1,0.0,0.0,0,3
0.1379,6.666666666666667e-05,1,0.0,0.0,0,3
0.1379,11.7443,1,0.0,0.0,0,3
0.1379,0.00046666666666666666,1,0.0,0.0,0,3
0.9449,24.336066666666667,1,0.0,0.0,0,3
0.9449,0.06201666666666667,1,0.0,0.0,0,3
0.9449,0.011949999999999999,1,0.0,0.0,0,3
0.9449,0.20603333333333335,1,0.0,0.0,0,3
0.9449,8.333333333333333e-05,1,0.0,0.0,0,3
0.4593,0.3724166666666667,1,0.0,0.0,0,3
0.4593,3.3333333333333335e-05,1,0.0,0.0,0,3
0.7596,15.141233333333334,1,0.0,0.0,0,3
0.7596,0.0,1,0.0,0.0,0,3
0.7596,2.6894666666666667,1,0.0,0.0,0,3
0.7596,1.6666666666666667e-05,1,0.0,0.0,0,3
0.7596,14.010866666666667,1,0.0,0.0,0,3
0.7596,1.6666666666666667e-05,1,0.0,0.0,0,3
0.7596,0.4179833333333333,1,0.0,0.0,0,3
0.7596,0.0,1,0.0,0.0,0,3
0.9803,3.7851500000000002,1,0.0,0.0,0,3
0.9803,5e-05,1,0.0,0.0,0,3
0.8377,32.56061666666667,1,0.0,0.0,0,3
0.8377,0.00055,1,0.0,0.0,0,3
0.9803,83.04756666666667,1,0.0,0.0,0,3
0.9803,0.0002,1,0.0,0.0,0,3
0.9202,988.4417,1,0.0,0.0,1,3
0.9202,6.666666666666667e-05,1,0.0,0.0,1,3
0.9143,1.3244666666666667,1,0.0,0.0,0,3
0.9143,0.00025,1,0.0,0.0,0,3
0.9202,0.51475,1,0.0,0.0,1,3
0.9143,1.6666666666666667e-05,1,0.0,0.0,0,3
0.5153,2.049366666666667,1,0.0,0.0,0,3
0.5153,0.0001,1,0.0,0.0,0,3
0.4186,0.063,1,0.0,0.0,0,3
0.4186,3.3333333333333335e-05,1,0.0,0.0,0,3
0.4186,0.049749999999999996,1,0.0,0.0,0,3
0.4186,8.333333333333333e-05,1,0.0,0.0,0,3
0.5153,2.8642,1,0.0,0.0,0,3
0.5153,0.0002,1,0.0,0.0,0,3
0.9384,1.23215,1,0.0,0.0,0,3
0.9384,0.0,1,0.0,0.0,0,3
0.8867,5.542833333333333,1,0.0,0.0,0,3
0.8867,0.0013,1,0.0,0.0,0,3
0.5579,2.3954166666666667,1,0.0,0.0,0,3
0.5579,0.00011666666666666667,1,0.0,0.0,0,3
0.8867,1.2435666666666667,1,0.0,0.0,0,3
0.8867,8.333333333333333e-05,1,0.0,0.0,0,3
0.4494,0.98445,1,0.0,0.0,0,3
0.4494,6.666666666666667e-05,1,0.0,0.0,0,3
0.9143,8.5576,1,0.0,0.0,0,3
0.9143,1.6666666666666667e-05,1,0.0,0.0,0,3
0.5579,5.592833333333333,1,0.0,0.0,0,3
0.5579,1.6666666666666667e-05,1,0.0,0.0,0,3
0.1667,41.34026666666667,1,0.0,0.0,0,3
0.1667,0.00013333333333333334,1,0.0,0.0,0,3
0.4593,0.12661666666666668,1,0.0,0.0,0,3
0.4593,0.0,1,0.0,0.0,0,3
0.5153,0.30591666666666667,1,0.0,0.0,0,3
0.5153,0.0006,1,0.0,0.0,0,3
0.5579,0.27555,1,0.0,0.0,0,3
0.5579,6.666666666666667e-05,1,0.0,0.0,0,3
0.9384,10.445533333333334,1,0.0,0.0,0,3
0.9384,0.00013333333333333334,1,0.0,0.0,0,3
0.9384,6.42985,1,0.0,0.0,0,3
0.9384,0.00011666666666666667,1,0.0,0.0,0,3
0.1379,0.3316,1,0.0,0.0,0,3
0.4494,0.00015,1,0.0,0.0,0,3
0.5181,10.763083333333332,1,0.0,0.0,0,3
0.5181,8.333333333333333e-05,1,0.0,0.0,0,3
0.9384,9.5737,1,0.0,0.0,0,3
0.9384,0.0012,1,0.0,0.0,0,3
0.9202,1.01545,1,0.0,0.0,1,3
0.9202,0.006216666666666666,1,0.0,0.0,1,3
0.9202,0.049300000000000004,1,0.0,0.0,1,3
0.9202,3.3333333333333335e-05,1,0.0,0.0,1,3
0.9143,119.53395,1,0.0,0.0,0,3
0.9143,1.6666666666666667e-05,1,0.0,0.0,0,3
0.9202,0.22661666666666666,1,0.0,0.0,1,3
0.9202,1.6666666666666667e-05,1,0.0,0.0,1,3
0.9384,1.79385,1,0.0,0.0,0,3
0.9384,6.666666666666667e-05,1,0.0,0.0,0,3
0.2647,15.267266666666666,1,0.0,0.0,1,3
0.2647,5e-05,1,0.0,0.0,1,3
0.2647,8.916500000000001,1,0.0,0.0,0,3
0.2647,0.0015166666666666666,1,0.0,0.0,0,3
0.2647,1.0084166666666667,1,0.0,0.0,0,3
0.2647,5e-05,1,0.0,0.0,0,3
0.2647,1.65085,1,0.0,0.0,0,3
0.2647,1.6666666666666667e-05,1,0.0,0.0,0,3
0.5181,21.173083333333334,1,0.0,0.0,0,3
0.5181,6.666666666666667e-05,1,0.0,0.0,0,3
0.5181,6.777633333333333,1,0.0,0.0,0,3
0.5181,5e-05,1,0.0,0.0,0,3
0.5579,0.7347166666666667,1,0.0,0.0,0,3
0.9143,0.00046666666666666666,1,0.0,0.0,0,3
0.4593,0.4143,1,0.0,0.0,0,3
0.5153,0.00048333333333333334,1,0.0,0.0,0,3
0.2647,1181.27315,1,0.0,0.0,0,3
0.2647,8.333333333333333e-05,1,0.0,0.0,0,3
0.8049,228.2241666666667,1,0.0,0.0,0,3
0.8049,8.333333333333333e-05,1,0.0,0.0,0,3
0.9384,86.46301666666666,1,0.0,0.0,0,3
0.9384,5e-05,1,0.0,0.0,0,3
0.9202,1126.7147,1,0.0,-0.82,1,3
0.9202,1.6666666666666667e-05,1,0.0,-0.82,1,3
0.4593,11.515033333333333,1,0.0,-0.17,0,3
0.9143,0.0005,1,0.0,-0.29,0,3
0.4593,50.198816666666666,1,0.0,0.87,0,3
0.4593,0.0,1,0.0,0.87,0,3
0.2647,3.1814166666666663,1,0.0,1.42,0,3
0.2647,0.0001,1,0.0,1.42,0,3
0.8377,42.56485,1,0.0,6.55,0,3
0.8377,0.0,1,0.0,6.55,0,3
0.8377,0.02733333333333333,1,0.0,6.55,0,3
0.8377,0.0,1,0.0,6.55,0,3
0.4494,0.19269999999999998,1,0.0,-2.57,0,3
0.4494,3.3333333333333335e-05,1,0.0,-2.57,0,3
0.9803,23.608133333333335,1,0.0,-0.42,0,3
0.9803,8.333333333333333e-05,1,0.0,-0.42,0,3
0.9449,9905.483199999999,1,0.0,0.0,0,3
0.9449,0.008733333333333334,1,0.0,0.0,0,3
0.9449,0.08153333333333333,1,0.0,0.0,0,3
0.9449,0.010783333333333334,1,0.0,0.0,0,3
0.9449,0.03586666666666667,1,0.0,0.0,0,3
0.9449,0.0,1,0.0,0.0,0,3
0.9803,34.02811666666666,1,0.0,0.21,0,3
0.9803,0.00145,1,0.0,0.21,0,3
0.9803,96.78608333333334,1,0.0,0.21,0,3
0.9803,5e-05,1,0.0,0.21,0,3
0.8049,24.0555,1,0.0,3.85,0,3
0.8049,0.0,1,0.0,3.85,0,3
0.9803,84.8575,1,0.0,0.21,0,3
0.9803,0.0003,1,0.0,0.21,0,3
0.8867,57.87213333333333,1,0.0,-2.36,0,3
0.9803,21.75755,1,0.0,-0.21,0,3
0.9803,0.0010166666666666666,1,0.0,-0.21,0,3
0.9803,8.142850000000001,1,0.0,0.0,0,3
0.9803,1.6666666666666667e-05,1,0.0,0.0,0,3
0.9202,11.135933333333332,1,0.0,-0.88,1,3
0.9143,0.0,1,0.0,-0.59,0,3
0.9803,32.993883333333336,1,0.0,-0.42,0,3
0.9803,0.0004166666666666667,1,0.0,-0.42,0,3
0.9803,43.65245,1,0.0,-0.42,0,3
0.9803,0.013683333333333332,1,0.0,-0.42,0,3
0.9803,0.015300000000000001,1,0.0,-0.42,0,3
0.9803,15.553233333333333,1,0.0,-0.42,0,3
0.9803,0.00013333333333333334,1,0.0,-0.42,0,3
0.9803,0.43556666666666666,1,0.0,-0.42,0,3
0.9803,8.333333333333333e-05,1,0.0,-0.42,0,3
0.9384,1281.5191833333333,1,0.0,0.0,0,3
0.9384,0.0039499999999999995,1,0.0,0.0,0,3
0.9384,2.3604166666666666,1,0.0,0.0,0,3
0.9384,3.3333333333333335e-05,1,0.0,0.0,0,3
0.9143,67.75536666666667,1,0.0,2.34,0,3
0.9143,5e-05,1,0.0,2.34,0,3
0.9202,0.28875,1,0.0,-1.48,1,3
0.9202,1.6666666666666667e-05,1,0.0,-1.48,1,3
0.9143,42.69088333333333,1,0.0,2.34,0,3
0.9143,0.00015,1,0.0,2.34,0,3
0.8322,5475.577533333333,1,0.0,-6.9,0,3
0.8322,0.00011666666666666667,1,0.0,-6.9,0,3
0.8867,159.84778333333333,1,0.0,-0.37,0,3
0.8867,6.666666666666667e-05,1,0.0,-0.37,0,3
0.9202,7.89635,1,0.0,0.0,1,3
0.9202,0.00035,1,0.0,0.0,1,3
0.9384,87.35745,1,0.0,-1.11,0,3
0.9384,5e-05,1,0.0,-1.11,0,3
0.8377,1094.9735166666665,1,0.0,0.0,0,3
0.8377,0.00011666666666666667,1,0.0,0.0,0,3
0.7596,0.09956666666666666,1,0.0,-6.25,0,3
0.7596,0.0992,1,0.0,0.0,0,3
0.7596,0.08323333333333333,1,0.0,0.0,0,3
0.7596,0.2833,1,0.0,-0.59,0,3
0.7596,0.10011666666666666,1,0.0,-0.59,0,3
0.7596,0.5498666666666666,1,0.0,-0.59,0,3
0.7596,0.3664,1,0.0,-0.59,0,3
0.7596,0.18381666666666666,1,0.0,-0.59,0,3
0.7596,1.3003166666666668,1,0.0,0.0,0,3
0.7596,0.18301666666666666,1,0.0,0.0,0,3
0.7596,5746.990366666667,1,0.0,0.0,0,3
0.7596,0.00038333333333333334,1,0.0,0.0,0,3
0.7596,0.09953333333333333,1,0.0,0.0,0,0
0.7596,0.1833,1,0.0,0.0,0,3
0.1379,0.45045,1,0.0,0.0,0,3
0.7596,1414.5772166666668,1,0.0,0.43,0,3
0.7596,1.0332,1,0.0,-1.12,0,0
0.7596,39.2663,1,0.0,-5.13,0,0
0.7596,121.84838333333333,1,0.0,0.0,0,3
0.7596,0.0002666666666666667,1,0.0,0.0,0,4
0.7596,0.5498999999999999,1,0.1,0.0,0,3
0.7596,0.00031666666666666665,1,0.1,0.0,0,4
0.1379,136.09746666666666,1,0.1,0.0,0,3
0.1379,0.08378333333333333,1,0.1,0.0,0,3
0.7596,0.09981666666666666,1,0.1,0.0,0,3
0.7596,0.08325,1,0.09090909090909091,0.0,0,3
0.7596,0.0005166666666666667,1,0.08333333333333333,0.0,0,3
0.7596,18.0672,1,0.08333333333333333,0.0,0,3
0.7596,0.18153333333333332,1,0.08333333333333333,0.0,0,3
0.7596,0.6499,1,0.08333333333333333,0.0,0,3
0.7596,0.08316666666666667,1,0.08333333333333333,0.0,0,3
0.7596,25.185283333333334,1,0.08333333333333333,0.0,0,3
0.7596,0.0985,1,0.07692307692307693,0.0,0,4
0.7596,2.4997833333333332,1,0.15384615384615385,0.0,0,3
0.7596,0.00016666666666666666,1,0.15384615384615385,0.0,0,4
0.7596,6865.625916666667,1,0.15384615384615385,0.0,0,0
0.7596,0.19933333333333333,1,0.14285714285714285,0.0,0,3
0.7596,0.8333333333333334,1,0.14285714285714285,0.0,0,3
0.7596,313.0122666666667,1,0.14285714285714285,0.0,0,0
0.7596,40.26696666666667,1,0.14285714285714285,0.0,0,0
0.1379,120.73313333333334,1,0.14285714285714285,0.0,0,3
0.4681,0.09956666666666666,0,0.0,0.0,0,0
0.4681,0.0003,0,0.0,0.0,0,3
0.4681,0.00028333333333333335,0,0.0,0.0,0,3
0.4681,0.09949999999999999,0,0.0,0.0,0,3
0.4681,0.08353333333333332,0,0.0,0.0,0,3
0.4681,0.36635,0,0.0,0.0,0,3
0.4681,0.5666333333333333,0,0.0,0.0,0,3
0.7596,0.09956666666666666,0,0.0,0.0,0,3
0.7596,0.00016666666666666666,0,0.0,0.0,0,3
0.7596,4.0784,0,0.0,0.0,0,3
0.7596,2.8620500000000004,0,0.0,0.0,0,3
0.7596,1.2125333333333332,0,0.0,0.0,0,3
0.7596,2.4831999999999996,0,0.0,0.0,0,3
0.7596,1181.0684166666665,0,0.0,0.0,0,3
0.7596,0.2834333333333333,0,0.0,0.0,0,3
0.7596,0.26715,0,0.0,0.0,0,3
0.7596,217.09414999999998,0,0.0,0.0,0,3
0.7596,0.09956666666666666,0,0.0,0.0,0,0
0.7596,0.09998333333333333,0,0.0,0.0,0,0
0.7596,1.1173166666666667,0,0.0,0.0,0,1
0.7596,8.333333333333333e-05,0,0.0,0.0,0,3
0.7596,162.25895,0,0.0,0.0,0,3
0.7596,0.00015,0,0.0,0.0,0,3
0.7596,0.00011666666666666667,0,0.0,0.0,0,3
0.7596,9842.908166666666,0,0.0,0.0,1,3
0.7077,0.09956666666666666,1,0.0,0.0,0,3
0.8,0.08385,1,0.0,0.0,0,3
0.4334,3919.8745666666664,1,0.0,0.0,0,3
0.7211,0.27241666666666664,1,0.0,0.0,0,3
0.8095,0.26833333333333337,1,0.0,0.0,0,3
0.7077,0.6476833333333333,1,0.0,0.0,0,1
0.7596,0.2825666666666667,1,0.0,0.0,0,0
0.3102,17.045116666666665,1,0.0,0.0,0,0
0.7077,2.122716666666667,1,0.0,0.0,0,3
0.7596,0.3662,1,0.0,0.0,0,0
0.8095,0.2848333333333333,1,0.0,0.0,0,3
0.7211,0.18253333333333333,1,0.0,0.0,0,3
0.4334,0.18285,1,0.0,0.0,0,3
0.4544,0.0833,1,0.0,0.0,0,3
0.6799,0.20045,1,0.0,0.0,0,3
0.474,0.08925000000000001,1,0.0,0.0,0,3
0.2532,0.17736666666666664,1,0.0,0.0,0,3
0.4248,0.09935000000000001,1,0.0,0.0,0,3
0.4248,0.08326666666666667,1,0.0,0.0,0,3
0.5898,0.09958333333333333,1,0.0,0.0,0,0
0.5898,1.0174333333333334,1,0.0,0.0,0,3
0.5898,0.36701666666666666,1,0.0,0.0,0,3
0.5898,0.00021666666666666666,1,0.0,0.0,0,3
0.5898,0.09938333333333334,1,0.0,0.0,0,3
0.5898,0.00025,1,0.0,0.0,0,3
0.5898,0.00015,1,0.0,0.0,0,3
0.5898,0.9169166666666667,1,0.0,0.0,0,3
0.6198,0.18298333333333333,1,0.0,0.0,0,3
0.6198,1.7685333333333333,1,0.0,0.0,0,3
0.474,0.18135,1,0.0,0.0,0,3
0.4544,0.0007333333333333333,1,0.0,0.0,0,3
0.6799,0.3656,1,0.0,0.0,0,3
0.6198,0.10099999999999999,1,0.0,0.0,0,0
0.7077,1.4357499999999999,1,0.0,0.0,0,1
0.7077,61.43025,1,0.0,0.0,0,3
0.6503,0.08366666666666665,1,0.0,0.0,0,3
0.6503,0.0037500000000000003,1,0.0,0.0,0,3
0.6503,0.0002666666666666667,1,0.0,0.0,0,3
0.6503,0.09606666666666668,1,0.0,0.0,0,3
0.6503,1.6666666666666667e-05,1,0.0,0.0,0,3
0.6503,0.00011666666666666667,1,0.0,0.0,0,3
0.6503,0.0049833333333333335,1,0.0,0.0,0,3
0.6503,0.08595,1,0.0,0.0,0,3
0.6503,0.09801666666666667,1,0.0,0.0,0,3
0.6503,0.00025,1,0.0,0.0,0,3
0.6503,0.07698333333333333,1,0.0,0.0,0,3
0.6503,0.09913333333333334,1,0.0,0.0,0,3
0.6503,0.0999,1,0.0,0.0,0,3
0.6503,0.00016666666666666666,1,0.0,0.0,0,3
0.6503,0.00013333333333333334,1,0.0,0.0,0,3
0.6503,0.08291666666666667,1,0.0,0.0,0,3
0.6503,0.00021666666666666666,1,0.0,0.0,0,3
0.6503,0.0002,1,0.0,0.0,0,3
0.6503,0.0002,1,0.0,0.0,0,3
0.6503,0.0004166666666666667,1,0.0,0.0,0,3
0.6503,0.040233333333333336,1,0.0,0.0,0,3
0.6503,0.20946666666666666,1,0.0,0.0,0,3
0.6503,6.666666666666667e-05,1,0.0,0.0,0,3
0.6503,0.0036166666666666665,1,0.0,0.0,0,3
0.6503,0.00025,1,0.0,0.0,0,3
0.6503,0.07946666666666666,1,0.0,0.0,0,3
0.6503,0.20015,1,0.0,0.0,0,3
0.6503,0.0036333333333333335,1,0.0,0.0,0,3
0.6503,0.09105,1,0.0,0.0,0,3
0.6503,19.26158333333333,1,0.0,0.0,0,3
0.7077,0.18398333333333333,1,0.0,0.0,0,1
0.474,0.25933333333333336,1,0.0,0.0,0,1
0.7077,0.00011666666666666667,1,0.0,0.0,0,3
0.474,0.0001,1,0.0,0.0,0,3
0.7077,1.01725,1,0.0,0.0,0,1
0.7077,0.5656666666666667,1,0.0,0.0,0,3
0.3976,0.18365,1,0.0,0.0,0,3
0.3976,0.00011666666666666667,1,0.0,0.0,0,3
0.3976,0.18331666666666668,1,0.0,0.0,0,1
0.3976,0.1003,1,0.0,0.0,0,3
0.3102,0.00021666666666666666,1,0.0,0.0,0,0
0.7077,0.0833,1,0.0,0.0,0,1
0.7596,0.09953333333333333,1,0.0,0.0,0,0
0.7077,3.1500666666666666,1,0.0,0.0,0,3
0.7077,0.08536666666666666,1,0.0,0.0,0,3
0.3976,0.09831666666666666,1,0.0,0.0,0,3
0.7077,2.0333,1,0.0,0.0,0,3
0.8,0.2830166666666667,1,0.0,0.0,0,0
0.8,0.1829,1,0.0,0.0,0,3
0.8,0.08383333333333334,1,0.0,0.0,0,4
0.8,0.09949999999999999,1,0.058823529411764705,0.0,0,3
0.7077,2.767866666666667,1,0.058823529411764705,0.0,0,3
0.1379,0.09901666666666667,1,0.058823529411764705,0.0,0,3
0.7077,0.09976666666666666,1,0.05555555555555555,0.0,0,3
0.7077,2.683666666666667,1,0.05555555555555555,0.0,0,1
0.2334,0.08565,1,0.05555555555555555,0.0,0,0
0.3102,0.18121666666666666,1,0.05263157894736842,0.0,0,0
0.7077,0.6680333333333334,1,0.05263157894736842,0.0,0,3
0.7077,0.21525,1,0.05263157894736842,0.0,0,1
0.6198,120.6442,1,0.05263157894736842,0.0,0,0
0.6198,7.7732833333333335,1,0.05263157894736842,0.0,0,0
0.6198,0.19353333333333333,1,0.05263157894736842,0.0,0,0
0.6198,0.08278333333333333,1,0.05263157894736842,0.0,0,0
0.7077,2.6085166666666666,1,0.05263157894736842,0.0,0,3
0.7077,0.08493333333333333,1,0.05263157894736842,0.0,0,1
0.6198,0.09006666666666667,1,0.05263157894736842,0.0,0,0
0.7596,2.13425,1,0.05263157894736842,0.0,0,0
0.7077,18.61485,1,0.05263157894736842,0.0,0,3
0.4575,1.1347833333333335,1,0.05263157894736842,0.0,0,0
0.3102,1.76715,1,0.05,0.0,0,0
0.474,1.0196166666666666,1,0.05,0.0,0,3
0.4544,0.0969,1,0.05,0.0,0,3
0.6503,0.08368333333333333,1,0.05,0.0,0,0
0.6198,0.0994,1,0.05,0.0,0,3
0.7211,0.0849,1,0.05,0.0,0,3
0.4334,0.46504999999999996,1,0.05,0.0,0,3
0.4575,0.18333333333333332,1,0.05,0.0,0,3
0.4575,0.00016666666666666666,1,0.05,0.0,0,3
0.4575,0.10061666666666666,1,0.05,0.0,0,3
0.4575,0.00028333333333333335,1,0.05,0.0,0,3
0.4575,0.00015,1,0.05,0.0,0,3
0.4575,0.08345,1,0.05,0.0,0,3
0.4575,0.09864999999999999,1,0.05,0.0,0,3
0.4575,0.18385,1,0.05,0.0,0,3
0.4575,0.00023333333333333333,1,0.05,0.0,0,3
0.4575,0.10056666666666667,1,0.05,0.0,0,3
0.4575,0.18328333333333333,1,0.05,0.0,0,3
0.4575,0.00021666666666666666,1,0.05,0.0,0,3
0.4575,0.08263333333333334,1,0.05,0.0,0,3
0.2334,2.13285,1,0.05,0.0,0,3
0.8095,0.18334999999999999,1,0.05,0.0,0,3
0.6198,1.9492166666666668,1,0.05,0.0,0,3
0.6198,0.00013333333333333334,1,0.05,0.0,0,3
0.6198,0.1833,1,0.05,0.0,0,3
0.6198,0.00015,1,0.05,0.0,0,3
0.6198,0.00011666666666666667,1,0.05,0.0,0,3
0.6198,0.00018333333333333334,1,0.05,0.0,0,3
0.6198,0.18321666666666667,1,0.05,0.0,0,3
0.6198,2.6002333333333336,1,0.05,0.0,0,3
0.6198,3.127683333333333,1,0.05,0.0,0,3
0.6198,0.21611666666666668,1,0.05,0.0,0,0
0.6198,2.3054666666666668,1,0.05,0.0,0,3
0.6198,9.9008,1,0.05,0.0,0,3
0.8095,0.10048333333333333,1,0.05,0.0,0,3
0.7077,0.08275,1,0.05,0.0,0,1
0.8095,0.18371666666666667,1,0.05,0.0,0,0
0.4544,12.605633333333333,1,0.05,0.0,0,0
0.7077,0.36143333333333333,1,0.05,0.0,0,3
0.474,0.00055,1,0.05,0.0,0,3
0.7077,0.1055,1,0.05,0.0,0,1
0.6503,0.07671666666666667,1,0.05,0.0,0,0
0.0893,0.1824,1,0.05,0.0,0,0
0.3102,0.09996666666666668,1,0.047619047619047616,0.0,0,0
0.0893,0.08431666666666666,1,0.047619047619047616,0.0,0,0
0.7596,4.8220833333333335,1,0.047619047619047616,0.0,0,0
0.7077,20.0952,1,0.045454545454545456,0.0,0,3
0.7596,0.18355,1,0.045454545454545456,0.0,0,3
0.7596,0.008483333333333334,1,0.043478260869565216,0.0,0,3
0.7596,0.0027,1,0.043478260869565216,0.0,0,3
0.7596,0.00015,1,0.043478260869565216,0.0,0,3
0.7596,19839.379383333333,1,0.043478260869565216,0.86,0,0
0.7596,0.54035,1,0.041666666666666664,0.0,0,0
0.7596,33.43325,1,0.04,1.05,0,0
0.474,142.21383333333333,1,0.04,1.4,0,3
0.7596,111.18518333333333,1,0.04,0.0,0,0
0.7596,2.7172,1,0.038461538461538464,0.0,0,0
0.3243,0.3672333333333333,1,0.037037037037037035,0.0,0,3
0.3243,0.18451666666666666,1,0.03571428571428571,0.0,0,3
0.3243,0.83265,1,0.03571428571428571,0.0,0,3
0.1379,0.18288333333333334,1,0.03571428571428571,0.0,0,3
0.1654,0.55035,1,0.034482758620689655,0.0,0,0
0.1654,0.0005833333333333334,1,0.03333333333333333,0.0,0,3
0.1654,146.01505,1,0.03333333333333333,0.0,0,0
0.2334,976.5916166666667,1,0.03333333333333333,0.54,0,3
0.4544,0.26476666666666665,1,0.03333333333333333,0.8,0,3
0.4334,0.19731666666666667,1,0.03333333333333333,0.39,0,3
0.1622,2.0294333333333334,1,0.03333333333333333,-0.29,1,3
0.1622,0.08268333333333334,1,0.03225806451612903,-0.29,1,0
0.362,34.657016666666664,1,0.03225806451612903,0.29,0,3
0.362,0.07243333333333334,1,0.03125,0.29,0,3
0.362,0.0060999999999999995,1,0.03125,0.29,0,3
0.362,0.08216666666666667,1,0.03125,0.29,0,3
0.362,0.10298333333333334,1,0.03125,0.29,0,3
0.7596,0.09956666666666666,0,0.0,0.0,0,3
0.7596,25.552200000000003,0,0.0,0.0,0,3
0.7596,0.0006833333333333333,0,0.0,0.0,0,4
0.6103,0.09956666666666666,1,0.0,-1.7,0,3
0.6103,0.0024666666666666665,1,0.0,-1.7,0,3
0.6051,0.12023333333333334,1,0.0,-2.38,0,2
0.6051,0.07238333333333333,1,0.0,-2.38,0,3
0.6051,0.00021666666666666666,1,0.0,-2.38,0,3
0.7596,1.57545,1,0.0,-1.37,0,3
0.7596,5e-05,1,0.0,-1.37,0,3
0.6051,0.13166666666666668,1,0.0,-2.38,0,2
0.6051,0.018933333333333333,1,0.0,-2.38,0,2
0.6051,2.4521666666666664,1,0.0,-2.38,0,2
0.6051,0.011699999999999999,1,0.0,-2.38,0,2
0.6051,0.007266666666666667,1,0.0,-2.38,0,2
0.6051,0.004683333333333334,1,0.0,-2.38,0,2
0.6051,0.03048333333333333,1,0.0,-2.38,0,2
0.6051,0.0127,1,0.0,-2.38,0,2
0.6051,0.046983333333333335,1,0.0,-2.38,0,2
0.6051,0.23108333333333334,1,0.0,-2.38,0,2
0.8276,3985.7453499999997,1,0.0,0.0,0,3
0.8276,8.333333333333333e-05,1,0.0,0.0,0,3
0.7596,0.09956666666666666,1,0.0,0.0,0,0
0.7596,5592.0415,1,0.0,0.0,0,0
0.7596,0.18336666666666668,1,0.0,0.0,0,3
0.7596,111.78693333333334,1,0.0,0.0,0,3
0.7596,769.1502666666668,1,0.0,0.0,0,0
0.7596,4.28515,1,0.0,3.2,0,3
0.7596,0.18536666666666665,1,0.0,0.0,0,3
0.7596,0.00018333333333333334,1,0.0,0.0,0,3
0.7596,0.09235,1,0.0,0.0,0,3
0.7596,0.00025,1,0.0,0.0,0,3
0.7596,0.6477833333333333,1,0.0,-0.43,0,0
0.7596,0.4633333333333333,1,0.0,-0.43,0,3
0.7596,0.8331,1,0.0,-0.43,0,3
0.7596,0.2778833333333333,1,0.0,-0.43,0,3
0.7596,0.4646166666666666,1,0.0,-0.43,0,3
0.7596,0.28364999999999996,1,0.0,-0.43,0,3
0.7596,7.399866666666667,1,0.0,-2.13,0,0
0.7596,0.7407,1,0.0,3.2,0,3
0.7596,0.09271666666666666,1,0.0,3.2,0,3
0.7596,0.09991666666666667,1,0.0,3.2,0,3
0.7596,0.1029,1,0.0,3.2,0,3
0.7596,0.17171666666666668,1,0.0,3.2,0,3
0.7596,0.09956666666666666,1,0.0,0.0,0,3
0.7596,0.00018333333333333334,1,0.0,0.0,0,3
0.7596,0.48281666666666667,1,0.0,0.0,0,3
0.7596,1.6666666666666667e-05,1,0.0,0.0,0,3
0.7596,0.8745666666666666,1,0.0,0.0,0,3
0.7596,0.0,1,0.0,0.0,0,3
0.7596,1.4597499999999999,1,0.0,0.0,0,3
0.7596,1.6666666666666667e-05,1,0.0,0.0,0,3
0.7596,1.1262666666666665,1,0.0,0.0,0,3
0.7596,0.00011666666666666667,1,0.0,0.0,0,3
0.7596,5.406316666666667,1,0.0,0.0,0,3
0.7596,0.060616666666666666,1,0.0,0.0,0,3
0.7596,0.015600000000000001,1,0.0,0.0,0,3
0.7596,0.10565000000000001,1,0.0,0.0,0,3
0.7596,0.010216666666666667,1,0.0,0.0,0,3
0.7596,0.08311666666666667,1,0.0,0.0,0,3
0.7596,6.666666666666667e-05,1,0.0,0.0,0,3
0.7596,4.5462,1,0.0,0.0,0,3
0.7596,6.666666666666667e-05,1,0.0,0.0,0,3
0.7596,0.09953333333333333,1,0.0,0.0,0,3
0.7596,5e-05,1,0.0,0.0,0,3
0.7596,1.8210000000000002,1,0.0,0.0,0,3
0.7596,0.0,1,0.0,0.0,0,3
0.7423,0.09956666666666666,0,0.0,0.0,0,0
0.7596,31750.36578333333,0,0.0,-5.1,0,0
0.7596,0.27909999999999996,0,0.0,-5.1,0,3
0.7596,0.27890000000000004,0,0.0,-5.1,0,3
0.7596,18.9654,0,0.0,-5.1,0,3
0.7596,0.2786166666666666,0,0.0,0.0,0,3
0.7596,1.0223333333333333,0,0.0,0.0,0,3
0.7596,0.18655,0,0.0,0.0,0,4
0.7596,3.1620500000000002,0,0.25,0.0,0,3
0.7596,0.0004,0,0.25,0.0,0,4
0.7596,0.5575500000000001,0,0.25,0.0,0,3
0.7596,0.09293333333333333,0,0.25,-0.75,0,0
0.7596,0.27899999999999997,0,0.2,2.31,0,0
0.7423,1.2102,0,0.16666666666666666,0.0,0,3
0.7423,1.9591333333333334,0,0.16666666666666666,0.0,0,0
0.7596,0.09956666666666666,1,0.0,0.0,0,3
0.7596,7.216883333333333,1,0.0,0.0,0,3
0.7596,0.6501666666666667,1,0.0,0.0,0,3
0.7596,6.666666666666667e-05,1,0.0,0.0,0,3
0.7596,0.46685,1,0.0,0.0,0,3
0.7596,0.00016666666666666666,1,0.0,0.0,0,3
0.7596,2.1168,1,0.0,0.0,0,3
0.7596,0.5661333333333334,1,0.0,0.0,0,3
0.7596,0.46826666666666666,1,0.0,0.0,0,3
0.7596,0.6315500000000001,1,0.0,0.0,0,3
0.7596,0.3837,1,0.0,0.0,0,3
0.7596,0.18316666666666667,1,0.0,0.0,0,3
0.7596,0.18326666666666666,1,0.0,0.0,0,3
0.7596,0.00011666666666666667,1,0.0,0.0,0,3
0.7596,0.28386666666666666,1,0.0,0.0,0,3
0.7596,0.36621666666666663,1,0.0,0.0,0,3
0.7596,2.317133333333333,1,0.0,0.0,0,3
0.7596,0.08339999999999999,1,0.0,0.0,0,3
0.7596,0.18305000000000002,1,0.0,0.0,0,3
0.7596,1.8607333333333334,1,0.0,0.0,0,3
0.7596,0.00018333333333333334,1,0.0,0.0,0,3
0.7596,0.08969999999999999,1,0.0,0.0,0,3
0.7596,0.09953333333333333,1,0.0,0.0,0,3
0.7596,0.18351666666666666,1,0.0,0.0,0,3
0.7596,5.084633333333333,1,0.0,0.0,0,3
0.7596,1.03115,1,0.0,0.0,0,3
0.7596,0.45076666666666665,1,0.0,0.0,0,3
0.7596,0.3826833333333333,1,0.0,0.0,0,3
0.7596,0.08375,1,0.0,0.0,0,3
0.7596,0.18368333333333334,1,0.0,0.0,0,3
0.7596,0.5526333333333333,1,0.0,0.0,0,3
0.7596,4.079766666666667,1,0.0,0.0,0,3
0.7596,8.701466666666667,1,0.0,0.0,0,3
0.7596,3.33265,1,0.0,0.0,0,3
0.7596,65.7198,1,0.0,0.0,0,3
0.7596,261.94995,1,0.0,0.0,0,3
0.7596,7.7733333333333325,1,0.0,0.0,0,3
0.7596,958.0043666666667,1,0.0,0.0,0,3
0.7596,28.367,1,0.0,0.0,0,3
0.7596,7.4336,1,0.0,0.0,0,3
0.7596,0.00013333333333333334,1,0.0,0.0,0,1
0.7596,0.36618333333333336,1,0.0,0.0,0,3
0.7596,0.38343333333333335,1,0.0,0.0,0,3
0.7596,0.08326666666666667,1,0.0,0.0,0,3
0.7596,4.719166666666666,1,0.0,0.0,0,3
0.7596,0.007216666666666666,1,0.0,0.0,0,1
0.7596,0.0004,1,0.0,0.0,0,3
0.7596,13.508933333333333,1,0.0,0.0,0,1
0.7596,0.0111,1,0.0,0.0,0,3
0.7596,0.43716666666666665,1,0.0,0.0,0,3
0.7596,0.20021666666666665,1,0.0,0.0,0,3
0.7596,0.26645,1,0.0,0.0,0,1
0.7596,0.00018333333333333334,1,0.0,0.0,0,1
0.7596,0.00013333333333333334,1,0.0,0.0,0,1
0.7596,0.09956666666666666,1,0.0,0.0,0,1
0.7596,5e-05,1,0.0,0.0,0,1
0.7596,0.08558333333333333,1,0.0,0.0,0,1
0.7596,0.3811,1,0.0,0.0,0,3
0.7596,0.19258333333333333,1,0.0,0.0,0,3
0.7596,0.07385,1,0.0,0.0,0,3
0.7596,0.6502666666666667,1,0.0,0.0,0,3
0.7596,8.599733333333335,1,0.0,0.0,0,3
0.7596,5e-05,1,0.0,0.0,0,3
0.7596,0.2673,1,0.0,0.0,0,3
0.7596,13.765983333333333,1,0.0,0.0,0,3
0.7596,72.35470000000001,1,0.0,0.0,0,3
0.7596,6.666666666666667e-05,1,0.0,0.0,0,3
0.7596,0.1819,1,0.0,0.0,0,3
0.7596,0.0001,1,0.0,0.0,0,3
0.7596,0.09975,1,0.0,0.0,0,3
0.7596,0.08385,1,0.0,0.0,0,3
0.7596,0.0001,1,0.0,0.0,0,3
0.7596,38.117783333333335,1,0.0,0.0,0,3
0.7596,90.32803333333332,1,0.0,0.0,0,3
0.7596,0.007766666666666667,1,0.0,0.0,0,3
0.7596,22.4431,1,0.0,0.0,0,3
0.7596,0.00018333333333333334,1,0.0,0.0,0,1
0.7596,0.05023333333333333,1,0.0,0.0,0,3
0.7596,1.8331666666666666,1,0.0,0.0,0,3
0.7596,0.0006833333333333333,1,0.0,0.0,0,3
0.7596,21.74908333333333,1,0.0,0.0,0,3
0.7596,4.0160833333333334,1,0.0,0.0,0,3
0.7596,0.19985,1,0.0,0.0,0,3
0.7596,11.61835,1,0.0,0.0,0,3
0.7596,5e-05,1,0.0,0.0,0,1
0.7596,0.18273333333333333,1,0.0,0.0,0,1
0.7596,0.00013333333333333334,1,0.0,0.0,0,1
0.7596,6.666666666666667e-05,1,0.0,0.0,0,1
0.7596,5e-05,1,0.0,0.0,0,1
0.7596,0.10073333333333333,1,0.0,0.0,0,3
0.7596,67.96946666666666,1,0.0,0.0,0,3
0.7596,0.00016666666666666666,1,0.0,0.0,0,1
0.7596,0.0996,1,0.0,0.0,0,1
0.7596,5e-05,1,0.0,0.0,0,1
0.7596,5e-05,1,0.0,0.0,0,1
0.7596,0.08145,1,0.0,0.0,0,1
0.7596,6.666666666666667e-05,1,0.0,0.0,0,1
0.7596,0.09996666666666668,1,0.0,0.0,0,1
0.7596,1.0166666666666666,1,0.0,0.0,0,1
0.7596,2.68465,1,0.0,0.0,0,1
0.7596,8.333333333333333e-05,1,0.0,0.0,0,3
0.7596,1079.6372666666666,1,0.0,0.0,0,3
0.7596,0.08296666666666666,1,0.0,0.0,0,3
0.7596,0.00021666666666666666,1,0.0,0.0,0,3
0.7596,0.0003333333333333333,1,0.0,0.0,0,3
0.7596,0.0002,1,0.0,0.0,0,3
0.7596,0.28336666666666666,1,0.0,0.0,0,3
0.7596,0.083,1,0.0,0.0,0,3
0.7596,453.8908333333333,1,0.0,0.0,0,3
0.7596,4.708,1,0.0,0.0,0,3
0.7596,18534.600383333334,1,0.0,0.0,0,0
0.7596,112.30346666666667,1,0.0,0.0,0,0
0.7596,1.9330500000000002,1,0.0,0.0,0,0
0.7596,0.54945,1,0.0,0.0,0,0
0.7596,0.5505666666666666,1,0.0,0.0,0,0
0.7596,1.9166833333333335,1,0.0,0.0,0,0
0.7596,4014.8547833333337,1,0.0,0.0,0,0
0.7596,169.51228333333333,1,0.0,0.0,0,0
0.7596,4383.9919666666665,1,0.0,0.0,0,0
0.7596,0.09956666666666666,0,0.0,4.42,0,0
0.2313,6.3318,0,0.0,-1.01,0,0
0.9924,0.09956666666666666,0,0.0,0.0,0,3
0.9924,0.012883333333333333,0,0.0,0.0,0,3
0.9924,0.00705,0,0.0,0.0,0,3
0.9924,0.06818333333333333,0,0.0,0.0,0,3
0.9924,0.02393333333333333,0,0.0,0.0,0,3
0.9924,0.011116666666666667,0,0.0,0.0,0,3
0.9924,9.145100000000001,0,0.0,0.0,0,3
0.0909,3.7367,0,0.0,0.0,0,3
0.8537,0.31415,0,0.0,0.0,0,3
0.8537,1.6666666666666667e-05,0,0.0,0.0,0,3
0.7619,0.09956666666666666,0,0.0,-0.43,0,3
0.7619,0.2828333333333333,0,0.0,-0.43,0,3
0.7596,0.09956666666666666,0,0.0,0.0,1,3
0.7596,7059.4222,0,0.0,0.0,0,0
0.7596,0.37146666666666667,0,0.0,0.0,1,0
0.7596,0.37088333333333334,0,0.0,0.0,0,0
0.7596,0.37133333333333335,0,0.0,0.0,0,0
0.7596,1.1133,0,0.0,0.0,0,0
0.7596,3.3441666666666667,0,0.0,0.0,0,0
0.7596,1.5770833333333334,0,0.0,0.0,0,0
0.7596,0.27875,0,0.0,0.0,0,0
0.7596,0.1858,0,0.0,0.0,0,0
0.7596,0.37148333333333333,0,0.0,0.0,0,0
0.7596,0.09161666666666667,0,0.0,0.0,0,0
0.7596,0.0933,0,0.0,0.0,0,0
0.7596,0.09243333333333334,0,0.0,0.0,0,0
0.7596,31694.610666666664,0,0.0,0.0,0,0
0.7596,0.09956666666666666,1,0.0,0.38,0,3
0.3901,6.19985,1,0.0,0.0,0,0
0.7596,290.5663666666667,1,0.0,0.0,0,0
0.7596,0.4499666666666667,1,0.0,0.0,0,0
0.7596,0.28341666666666665,1,0.0,0.0,0,0
0.7596,0.5498666666666666,1,0.0,0.0,0,3
0.7596,0.10051666666666666,1,0.0,0.0,0,0
0.7596,4.266283333333333,1,0.0,0.0,0,3
0.7596,0.00031666666666666665,1,0.0,0.0,0,1
0.7596,0.08348333333333334,1,0.0,0.0,0,3
0.7596,0.0002666666666666667,1,0.0,0.0,0,3
0.7596,0.00021666666666666666,1,0.0,0.0,0,3
0.7596,0.00025,1,0.0,0.0,0,3
0.7596,1.9491,1,0.0,0.0,0,3
0.7596,0.0006333333333333333,1,0.0,0.0,0,3
0.7596,1.7490999999999999,1,0.0,0.93,0,0
0.7596,2.6831166666666664,1,0.0,-0.8,0,0
0.7596,1.48295,1,0.0,0.0,0,0
0.7596,2.8670833333333334,1,0.0,0.0,0,0
0.1379,6.399666666666667,1,0.0,0.42,0,3
0.1379,0.7332666666666667,1,0.0,0.42,0,0
0.3901,1.6667666666666667,1,0.0,0.0,0,0
0.1379,1.11675,1,0.0,0.42,0,3
0.1379,3.05,1,0.0,0.42,0,0
0.1379,9.450916666666666,1,0.0,0.42,0,0
0.0196,2532.8525999999997,1,0.0,0.0,0,0
0.1379,4.266816666666667,1,0.0,0.0,0,0
0.1379,74.57026666666667,1,0.0,-0.63,0,3
0.7596,9.716116666666666,1,0.0,-0.35,0,0
0.7596,4.081783333333333,1,0.0,-0.55,0,0
0.7596,212.48016666666666,1,0.0,-0.22,0,3
0.1379,0.18348333333333333,1,0.0,-0.63,0,0
0.1379,0.183,1,0.0,-0.63,0,3
0.7596,0.18358333333333335,1,0.0,0.31,0,0
0.7596,0.18348333333333333,1,0.0,0.31,0,3
0.7596,0.28318333333333334,1,0.0,-1.93,0,3
0.1379,0.9169333333333333,1,0.0,-0.63,0,3
0.1379,0.00048333333333333334,1,0.0,-0.63,0,3
0.1379,0.0005333333333333334,1,0.0,-0.63,0,3
0.7596,2.9654499999999997,1,0.0,-0.56,0,0
0.7596,0.18318333333333334,1,0.0,0.31,0,0
0.0196,134.43573333333333,1,0.0,0.0,0,3
0.3901,0.08281666666666668,1,0.0,0.0,0,3
0.7596,0.8190833333333334,1,0.0,-0.72,0,3
0.7596,0.21246666666666666,1,0.0,0.0,0,3
0.1379,6.6676166666666665,1,0.0,-0.63,0,3
0.1379,0.00028333333333333335,1,0.0,-0.63,0,3
0.1379,0.00023333333333333333,1,0.0,-0.63,0,3
0.1379,0.08184999999999999,1,0.0,-0.63,0,3
0.1379,0.46676666666666666,1,0.0,-0.63,0,3
0.1379,1.66725,1,0.0,-0.63,0,3
0.8355,0.46601666666666663,1,0.0,-0.67,0,3
0.7596,0.9334333333333333,1,0.0,0.0,0,0
0.0196,0.18323333333333333,1,0.0,0.0,0,3
0.7596,4.352099999999999,1,0.0,-2.63,0,3
0.7596,947.6154333333333,1,0.0,0.0,0,3
0.7596,11.666866666666666,1,0.0,0.26,0,3
0.7596,19.45155,1,0.0,0.13,0,3
0.7596,129.39348333333334,1,0.0,1.02,0,3
0.7596,0.08271666666666667,1,0.0,1.02,0,3
0.1379,1.6665333333333334,1,0.0,0.21,0,3
0.1379,0.0004166666666666667,1,0.0,0.21,0,3
0.1379,198.11246666666665,1,0.0,-0.42,0,3
0.7596,0.8799166666666667,1,0.0,0.0,0,3
0.3901,15760.570933333334,1,0.0,0.0,0,3
0.1379,0.18313333333333331,1,0.0,-0.69,0,3
0.1379,0.0005833333333333334,1,0.0,-0.69,0,4
0.1379,0.0827,1,0.03571428571428571,-0.69,0,3
0.7596,0.2832166666666666,1,0.03571428571428571,0.0,0,0
0.1379,0.6496166666666666,1,0.03571428571428571,-1.06,0,3
0.7596,6.483966666666666,1,0.03571428571428571,0.38,0,3
0.9235,0.3671166666666667,1,0.03571428571428571,0.0,0,3
0.9235,0.09938333333333334,1,0.034482758620689655,0.0,0,4
0.9235,1.5667666666666666,1,0.06896551724137931,0.0,0,3
0.9235,0.2821666666666667,1,0.06896551724137931,0.0,0,3
0.9235,0.4500166666666667,1,0.06896551724137931,0.0,0,3
0.9235,0.0003,1,0.06896551724137931,0.0,0,4
0.8355,13.334483333333333,1,0.06896551724137931,-2.12,0,3
0.9235,11.715383333333333,1,0.06896551724137931,0.0,0,3
0.9235,0.0004,1,0.06896551724137931,0.0,0,4
0.8355,4354.792216666667,1,0.06896551724137931,-0.41,0,3
0.8355,0.00035,1,0.06896551724137931,-0.41,0,3
0.8355,0.0009666666666666667,1,0.06896551724137931,-0.41,0,3
0.9235,0.2659333333333333,1,0.06896551724137931,0.0,0,3
0.9235,0.00035,1,0.06896551724137931,0.0,0,3
0.9235,0.09901666666666667,1,0.06896551724137931,0.0,0,3
0.9235,1.1335666666666666,1,0.06896551724137931,0.0,0,3
0.1379,1496.3932833333333,1,0.06896551724137931,-0.22,0,3
0.3901,0.18353333333333335,1,0.06896551724137931,0.0,0,3
0.1379,34.6164,1,0.06896551724137931,1.06,0,3
0.3901,0.65005,1,0.06896551724137931,0.0,0,0
0.0196,4123.603066666667,1,0.06896551724137931,0.0,0,0
0.0196,6.947033333333334,1,0.06896551724137931,0.0,0,0
0.0196,11.204766666666666,1,0.06666666666666667,0.0,0,0
0.4323,0.09956666666666666,0,0.0,-1.37,1,3
0.4323,120.87586666666667,0,0.0,-1.14,1,3
0.6108,0.09956666666666666,1,0.0,0.0,0,3
0.6108,0.18331666666666668,1,0.0,0.0,0,3
0.6108,0.3679,1,0.0,0.0,0,3
0.6108,0.09843333333333333,1,0.0,0.0,0,3
0.6108,0.08321666666666667,1,0.0,0.0,0,0
0.6108,0.7508666666666667,1,0.0,0.0,0,0
0.6108,0.2658833333333333,1,0.0,0.0,0,0
0.6108,0.0002,1,0.0,0.0,0,3
0.6108,1.1163999999999998,1,0.0,0.0,0,0
0.6108,2.033916666666667,1,0.0,0.0,0,3
0.6108,0.00035,1,0.0,0.0,0,3
0.6108,0.00025,1,0.0,0.0,0,3
0.6108,0.00028333333333333335,1,0.0,0.0,0,3
0.6108,0.09928333333333333,1,0.0,0.0,0,0
0.7596,9697.881883333332,1,0.0,0.0,0,0
0.7596,1880.4951,1,0.0,-0.91,0,0
0.7596,1534.6695833333333,1,0.0,0.31,0,0
0.7596,0.52695,1,0.0,0.0,0,0
0.7596,0.09956666666666666,1,0.0,0.0,0,3
0.7596,3.27535,1,0.0,0.0,0,3
0.7596,54699.87841666667,1,0.0,0.0,0,0
0.7596,2.43075,1,0.0,0.0,0,3
0.7596,0.18606666666666666,1,0.0,0.0,0,0
0.7596,3.2017,1,0.0,0.0,0,0
0.7596,0.83715,1,0.0,0.0,0,3
0.3902,7.999750000000001,1,0.0,0.0,0,3
0.3902,0.0002,1,0.0,0.0,0,3
0.3902,0.00031666666666666665,1,0.0,0.0,0,3
0.3902,0.3733666666666667,1,0.0,0.0,0,0
0.1379,1.0258333333333334,1,0.0,0.0,0,0
0.9568,31428.56281666667,1,0.0,0.21,0,3
0.9568,0.09303333333333333,1,0.0,0.21,0,3
0.7596,18804.255283333336,1,0.0,-2.95,0,3
0.7596,16.851816666666668,1,0.0,0.0,0,0
0.9258,4.1823500000000005,1,0.0,0.91,0,0
0.9258,0.48810000000000003,1,0.0,0.91,0,3
0.9258,0.5743833333333334,1,0.0,0.91,0,3
0.9258,0.1955333333333333,1,0.0,0.91,0,3
0.911,8.789383333333335,1,0.0,0.0,0,1
0.911,0.00038333333333333334,1,0.0,0.0,0,3
0.911,0.09383333333333334,1,0.0,0.0,0,3
0.911,0.00038333333333333334,1,0.0,0.0,0,3
0.911,29.25905,1,0.0,0.0,0,3
0.9568,0.3719,1,0.0,-0.65,0,3
0.9568,0.0004166666666666667,1,0.0,-0.65,0,3
0.9568,0.00028333333333333335,1,0.0,-0.65,0,3
0.9568,0.09230000000000001,1,0.0,-0.65,0,3
0.9568,0.0004333333333333333,1,0.0,-0.65,0,3
0.9568,0.2795166666666667,1,0.0,-0.65,0,3
0.3902,0.6506333333333333,1,0.0,-0.35,0,0
0.3902,3.6268499999999997,1,0.0,-0.35,0,3
0.9568,75.13995,1,0.0,-0.65,0,3
0.9568,0.1854,1,0.0,-0.65,0,4
0.9568,0.28121666666666667,1,0.07692307692307693,-0.65,0,3
0.9568,0.09278333333333334,1,0.07692307692307693,-0.65,0,4
0.9568,0.8373833333333334,1,0.07692307692307693,-0.65,0,3
0.9568,4.842033333333333,1,0.07692307692307693,-0.87,0,3
0.8619,8.654666666666666,1,0.07692307692307693,0.0,0,1
0.8619,0.2819333333333333,1,0.07142857142857142,0.0,0,3
0.8619,29.6526,1,0.07142857142857142,0.0,0,1
0.8619,0.0003333333333333333,1,0.07142857142857142,0.0,0,3
0.8619,0.0004166666666666667,1,0.07142857142857142,0.0,0,3
0.8619,0.2798666666666667,1,0.07142857142857142,0.0,0,3
0.8619,0.18513333333333334,1,0.07142857142857142,0.0,0,3
0.1379,0.09394999999999999,1,0.07142857142857142,0.0,0,3
0.1379,0.4647,1,0.06666666666666667,0.24,0,3
0.1379,0.09313333333333333,1,0.0625,-3.03,0,3
0.9509,0.5642999999999999,1,0.0625,6.98,1,3
0.9509,0.0002666666666666667,1,0.058823529411764705,6.98,1,3
0.9509,0.00023333333333333333,1,0.058823529411764705,6.98,1,3
0.9509,0.00025,1,0.058823529411764705,6.98,1,3
0.9509,0.00021666666666666666,1,0.058823529411764705,6.98,1,3
0.9509,0.09218333333333333,1,0.058823529411764705,6.98,1,3
0.7596,0.09956666666666666,0,0.0,0.0,0,3
0.7596,1.6666666666666667e-05,0,0.0,0.0,0,3
0.7596,0.2942666666666666,0,0.0,0.0,0,3
0.7596,0.0,0,0.0,0.0,0,3
0.7596,0.7472666666666666,0,0.0,0.0,0,3
0.7596,0.00011666666666666667,0,0.0,0.0,0,3
0.7596,28.964883333333333,0,0.0,0.0,0,3
0.7596,5e-05,0,0.0,0.0,0,3
0.7596,0.34498333333333336,0,0.0,0.0,0,3
0.7596,0.00015,0,0.0,0.0,0,3
0.7596,195.20585,0,0.0,0.0,0,3
0.7596,3.3333333333333335e-05,0,0.0,0.0,0,3
0.7596,0.43224999999999997,0,0.0,0.0,0,3
0.7596,3.3333333333333335e-05,0,0.0,0.0,0,3
0.7596,0.75325,0,0.0,0.0,0,3
0.7596,8.333333333333333e-05,0,0.0,0.0,0,3
0.7596,0.09956666666666666,1,0.0,0.0,0,3
0.7596,0.09286666666666667,1,0.0,0.0,0,3
0.7596,0.00015,1,0.0,0.0,0,3
0.7596,0.1859,1,0.0,0.0,0,3
0.7596,0.5590166666666666,1,0.0,0.0,0,3
0.7596,17.248233333333335,1,0.0,0.0,0,3
0.7596,1425.8500666666666,1,0.0,0.0,0,3
0.7596,3.30335,1,0.0,0.0,0,3
0.7596,1522.4248333333335,1,0.0,0.0,0,3
0.7596,606.04675,1,0.0,0.0,0,3
0.7596,5e-05,1,0.0,0.0,0,3
0.7596,0.46508333333333335,1,0.0,0.0,0,3
0.7596,0.27923333333333333,1,0.0,0.0,0,3
0.7596,0.09281666666666667,1,0.0,0.0,0,3
0.7596,0.18586666666666665,1,0.0,0.0,0,3
0.7596,29.67755,1,0.0,0.0,0,3
0.7596,0.18598333333333333,1,0.0,0.0,0,3
0.7596,1.6666666666666667e-05,1,0.0,0.0,0,3
0.7596,2.2319999999999998,1,0.0,0.0,0,4
0.7596,0.37205,1,0.16666666666666666,0.0,0,3
0.7596,0.3718833333333333,1,0.16666666666666666,0.0,0,3
0.7596,1.3949833333333332,1,0.16666666666666666,0.0,0,1
0.7596,0.18616666666666667,1,0.16666666666666666,0.0,0,1
0.7596,0.00021666666666666666,1,0.14285714285714285,0.0,0,3
0.7596,0.0926,1,0.14285714285714285,0.0,0,3
0.7596,1.6468333333333334,1,0.14285714285714285,0.0,0,3
0.7596,1.6666666666666667e-05,1,0.14285714285714285,0.0,0,1
0.7596,0.18513333333333334,1,0.14285714285714285,0.0,0,1
0.7596,0.27925,1,0.14285714285714285,0.0,0,1
0.7596,0.27891666666666665,1,0.14285714285714285,0.0,0,1
0.7596,8.333333333333333e-05,1,0.14285714285714285,0.0,0,1
0.7596,0.00018333333333333334,1,0.14285714285714285,0.0,0,3
0.7596,0.09236666666666667,1,0.14285714285714285,0.0,0,1
0.7596,0.0001,1,0.125,0.0,0,3
0.7596,0.09306666666666666,1,0.125,0.0,0,3
0.7596,0.09956666666666666,1,0.0,0.0,0,0
0.7596,3.5011333333333337,1,0.0,0.0,0,0
0.7596,1.3996333333333333,1,0.0,0.0,0,0
0.7596,7.133,1,0.0,0.0,0,0
0.7596,1.2006833333333333,1,0.0,0.0,0,3
0.7596,0.09975,1,0.0,0.0,0,2
0.7596,2.7834999999999996,1,0.0,0.0,0,0
0.7596,97.76975,1,0.0,0.0,0,0
0.7596,43.64506666666667,1,0.0,0.0,0,0
0.7596,2.339833333333333,1,0.0,0.0,0,0
0.7596,12.367366666666667,1,0.0,0.0,0,0
0.7596,2.7668833333333334,1,0.0,0.0,0,0
0.7596,1.1168166666666666,1,0.0,0.0,0,0
0.7596,34.0181,1,0.0,0.0,0,2
0.7596,0.00023333333333333333,1,0.0,0.0,0,2
0.7596,0.00011666666666666667,1,0.0,0.0,0,2
0.7596,127.75255,1,0.0,0.0,0,0
0.3421,3.3673333333333333,1,0.0,0.0,0,3
0.3421,0.10056666666666667,1,0.0,0.0,0,3
0.3421,0.00025,1,0.0,0.0,0,3
0.3421,0.18288333333333334,1,0.0,0.0,0,3
0.3421,0.18438333333333334,1,0.0,0.0,0,3
0.3421,0.0003,1,0.0,0.0,0,3
0.3421,0.18206666666666665,1,0.0,0.0,0,3
0.3421,0.28363333333333335,1,0.0,0.0,0,3
0.3421,0.18376666666666666,1,0.0,0.0,0,3
0.3421,0.00018333333333333334,1,0.0,0.0,0,3
0.5,5.457333333333334,1,0.0,0.0,0,3
0.5,0.0002666666666666667,1,0.0,0.0,0,3
0.5,0.0002666666666666667,1,0.0,0.0,0,3
0.5,0.08281666666666668,1,0.0,0.0,0,3
0.5,0.00025,1,0.0,0.0,0,3
0.5,0.10713333333333333,1,0.0,0.0,0,3
0.7596,26.884466666666665,1,0.0,0.0,0,0
0.7596,0.09956666666666666,1,0.0,0.0,0,3
0.7596,6.666666666666667e-05,1,0.0,0.0,0,3
0.7596,0.00011666666666666667,1,0.0,0.0,0,3
0.7596,0.0997,1,0.0,0.0,0,0
0.7596,8.333333333333333e-05,1,0.0,0.0,0,3
0.7596,5e-05,1,0.0,0.0,0,3
0.7596,0.0832,1,0.0,0.0,0,3
0.7596,0.0,1,0.0,0.0,0,3
0.7596,6.666666666666667e-05,1,0.0,0.0,0,3
0.7596,0.09991666666666667,1,0.0,0.0,0,3
0.7596,0.0001,1,0.0,0.0,0,3
0.7596,3.3333333333333335e-05,1,0.0,0.0,0,3
0.7596,0.06353333333333333,1,0.0,0.0,0,0
0.7596,0.0006666666666666666,1,0.0,0.0,0,3
0.7596,90.4003,1,0.0,0.0,0,0
0.7596,41.93273333333333,1,0.0,0.0,0,0
0.7596,1196.7131666666667,1,0.0,0.0,0,0
0.7596,0.09715,1,0.0,0.0,0,3
0.7596,8.333333333333333e-05,1,0.0,0.0,0,3
0.7596,0.0869,1,0.0,0.0,0,0
0.7596,0.18338333333333334,1,0.0,0.0,0,3
0.7596,0.08339999999999999,1,0.0,0.0,0,0
0.7596,3.3333333333333335e-05,1,0.0,0.0,0,3
0.7596,0.09983333333333334,1,0.0,0.0,0,3
0.7596,0.18363333333333334,1,0.0,0.0,0,3
0.7596,0.09956666666666666,1,0.0,-2.82,0,3
0.1379,0.08278333333333333,1,0.0,-1.17,0,3
0.2751,0.19998333333333335,1,0.0,1.59,0,3
0.2751,0.08361666666666667,1,0.0,1.59,0,3
0.1379,0.09985,1,0.0,-0.18,0,3
0.7596,0.8336666666666667,1,0.0,6.92,1,0
0.7596,0.08326666666666667,1,0.0,6.92,1,3
0.7596,0.5498333333333334,1,0.0,6.98,1,3
0.7596,0.00036666666666666667,1,0.0,6.98,1,3
0.7596,0.00028333333333333335,1,0.0,6.98,1,3
0.7596,0.09986666666666667,1,0.0,6.98,1,3
0.7596,0.54975,1,0.0,2.84,1,3
0.7596,2.500583333333333,1,0.0,0.58,0,3
0.7596,0.2833,1,0.0,2.35,0,3
0.7596,27.966083333333334,1,0.0,0.0,0,0
0.7596,65.14075,1,0.0,0.58,0,3
0.1379,0.2264,1,0.0,0.0,0,3
0.7596,0.09993333333333335,1,0.0,0.81,0,3
0.2751,0.08385,1,0.0,1.82,0,3
0.7596,0.09949999999999999,1,0.0,0.82,0,3
0.7596,1.3837166666666667,1,0.0,2.35,0,3
0.7596,23.33331666666667,1,0.0,0.58,0,3
0.7596,17.767400000000002,1,0.0,-0.29,0,3
0.7596,0.6501666666666667,1,0.0,1.99,1,3
0.2751,0.2844166666666667,1,0.0,3.51,0,3
0.7596,1.6648666666666665,1,0.0,0.77,0,0
0.2857,1408.5249333333334,1,0.0,0.22,0,3
0.3902,4314.499733333333,1,0.0,-0.83,0,3
0.3902,0.18346666666666664,1,0.0,-0.83,0,3
0.3902,0.00025,1,0.0,-0.83,0,3
0.3902,0.00036666666666666667,1,0.0,-0.83,0,3
0.1379,42.31713333333333,1,0.0,-3.03,0,3
0.2857,6.016,1,0.0,0.22,0,3
0.2751,7.118166666666666,1,0.0,-0.8,0,3
0.1379,0.09976666666666666,1,0.0,0.18,0,3
0.1379,0.08275,1,0.0,1.07,0,3
0.1379,0.5665666666666667,1,0.0,-4.24,0,3
0.1379,0.26748333333333335,1,0.0,-2.5,0,3
0.2751,0.09961666666666667,1,0.0,-0.8,0,3
0.2751,19.633133333333333,1,0.0,-1.15,0,0
0.7596,0.09956666666666666,0,0.0,0.0,0,3
0.7596,1.9499666666666668,0,0.0,0.0,0,3
0.7596,2.8841666666666668,0,0.0,0.0,0,3
0.7596,268.60965,0,0.0,0.0,0,3
0.7596,0.7337166666666667,0,0.0,0.0,0,3
0.7596,0.09996666666666668,0,0.0,0.0,0,3
0.7596,0.31615000000000004,0,0.0,0.0,0,3
0.7596,8548.617633333333,0,0.0,0.0,0,3
0.7596,35.55971666666667,0,0.0,0.0,0,3
0.7596,1.4065166666666669,0,0.0,0.0,0,3
0.7596,1.5825500000000001,0,0.0,0.0,0,3
0.7596,0.4666166666666667,0,0.0,0.0,0,3
0.7596,110.91993333333333,0,0.0,0.0,0,3
0.7596,0.09956666666666666,1,0.0,0.0,0,3
0.7596,2.0331166666666665,1,0.0,0.0,0,3
0.7596,0.2833333333333333,1,0.0,0.0,0,4
0.7596,0.7333333333333333,1,1.0,0.0,0,0
0.7596,0.46663333333333334,1,0.5,0.0,0,3
0.7596,0.5668500000000001,1,0.3333333333333333,0.0,0,4
0.7596,1.7500833333333332,1,0.6666666666666666,0.0,0,0
0.7596,4.349616666666666,1,0.6666666666666666,0.0,0,3
0.7596,0.18363333333333334,1,0.6666666666666666,0.0,0,4
0.7596,14.583183333333332,1,0.6666666666666666,0.0,0,0
0.7596,5.56655,1,0.6666666666666666,0.0,0,3
0.7596,0.08333333333333333,1,0.6666666666666666,0.0,0,4
0.7596,0.36688333333333334,1,0.6666666666666666,0.0,0,0
0.7596,2.3166333333333333,1,0.5,0.0,0,3
0.7596,0.36669999999999997,1,0.5,0.0,0,3
0.7596,2.599883333333333,1,0.5,0.0,0,3
0.7596,0.28331666666666666,1,0.5,0.0,0,3
0.7596,0.5499333333333334,1,0.5,0.0,0,3
0.7596,0.00025,1,0.5,0.0,0,4
0.7596,1.5663666666666667,1,0.5,0.0,0,3
0.7596,5.383466666666666,1,0.5,0.0,0,3
0.5833,3.0498666666666665,1,0.5,0.0,0,0
0.7596,7.782783333333333,1,0.4,0.0,0,3
0.7596,0.26655,1,0.3333333333333333,0.0,0,4
0.7596,0.9333333333333333,1,0.5,0.0,0,0
0.7596,0.26653333333333334,1,0.42857142857142855,0.0,0,0
0.7596,0.20006666666666667,1,0.375,0.0,0,0
0.7596,0.36678333333333335,1,0.3333333333333333,0.0,0,0
0.7596,1.2000333333333333,1,0.3,0.0,0,3
0.7596,0.2831666666666666,1,0.2727272727272727,0.0,0,4
0.7596,0.9166833333333333,1,0.36363636363636365,0.0,0,3
0.7596,0.10006666666666666,1,0.3333333333333333,0.0,0,4
0.7596,0.8332499999999999,1,0.4166666666666667,0.0,0,3
0.7596,0.08326666666666667,1,0.4166666666666667,0.0,0,4
0.7596,1.3,1,0.4166666666666667,0.0,0,3
0.7596,0.1,1,0.4166666666666667,0.0,0,4
0.7596,1.2835,1,0.4166666666666667,0.0,0,3
0.7596,0.18316666666666667,1,0.38461538461538464,0.0,0,4
0.7596,1.4835166666666666,1,0.46153846153846156,0.0,0,3
0.7596,0.09991666666666667,1,0.42857142857142855,0.0,0,4
0.7596,1.1164999999999998,1,0.5,0.0,0,3
0.7596,0.18341666666666667,1,0.4666666666666667,0.0,0,3
0.7596,0.3666,1,0.4666666666666667,0.0,0,3
0.7596,0.00021666666666666666,1,0.4375,0.0,0,4
0.7596,0.9163666666666667,1,0.5,0.0,0,3
0.7596,0.10013333333333334,1,0.47058823529411764,0.0,0,4
0.7596,9.0663,1,0.5294117647058824,0.0,0,3
0.7596,0.3838,1,0.5,0.0,0,4
0.7596,0.5501333333333334,1,0.5555555555555556,0.0,0,0
0.7596,5.3669,1,0.5263157894736842,0.0,0,3
0.7596,0.10011666666666666,1,0.5263157894736842,0.0,0,3
0.7596,0.08306666666666666,1,0.5263157894736842,0.0,0,3
0.7596,0.00021666666666666666,1,0.5263157894736842,0.0,0,3
0.7596,0.18321666666666667,1,0.5263157894736842,0.0,0,3
0.7596,0.0002666666666666667,1,0.5263157894736842,0.0,0,3
0.7596,0.1828,1,0.5263157894736842,0.0,0,3
0.7596,0.20020000000000002,1,0.5263157894736842,0.0,0,3
0.7596,0.08296666666666666,1,0.5263157894736842,0.0,0,3
0.7596,0.36696666666666666,1,0.5263157894736842,0.0,0,3
0.7596,0.00018333333333333334,1,0.5263157894736842,0.0,0,3
0.7596,0.3835166666666667,1,0.5263157894736842,0.0,0,3
0.7596,0.08271666666666667,1,0.5263157894736842,0.0,0,4
0.7596,4.917366666666666,1,0.5263157894736842,0.0,0,3
0.7596,0.36633333333333334,1,0.5,0.0,0,4
0.7596,10.366733333333334,1,0.55,0.0,0,3
0.7596,0.08276666666666667,1,0.55,0.0,0,4
0.7596,4.999383333333333,1,0.55,0.0,0,3
0.7596,0.18333333333333332,1,0.5238095238095238,0.0,0,4
0.7596,0.28326666666666667,1,0.5714285714285714,0.0,0,0
0.7596,1.5675333333333334,1,0.5454545454545454,0.0,0,3
0.7596,6.399100000000001,1,0.5454545454545454,0.0,0,0
0.7596,0.26676666666666665,1,0.5454545454545454,0.0,0,0
0.7596,0.09980000000000001,1,0.5217391304347826,0.0,0,3
0.7596,0.18353333333333335,1,0.5217391304347826,0.0,0,3
0.7596,9.516516666666666,1,0.5217391304347826,0.0,0,3
0.7596,0.18316666666666667,1,0.5217391304347826,0.0,0,3
0.7596,0.10001666666666667,1,0.5217391304347826,0.0,0,3
0.7596,1.3001333333333334,1,0.5217391304347826,0.0,0,4
0.7596,3.884333333333333,1,0.5217391304347826,0.0,0,3
0.7596,0.00013333333333333334,1,0.5,0.0,0,4
0.7596,2.6502166666666667,1,0.5416666666666666,0.0,0,3
0.7596,0.28178333333333333,1,0.5416666666666666,0.0,0,3
0.7596,1.2000666666666668,1,0.5416666666666666,0.0,0,3
0.7596,0.09998333333333333,1,0.5416666666666666,0.0,0,3
0.7596,0.5499333333333334,1,0.5416666666666666,0.0,0,0
0.7596,68.61843333333333,1,0.5416666666666666,0.0,0,0
0.7596,36.197066666666665,1,0.5416666666666666,0.0,0,3
0.7596,0.08301666666666667,1,0.5416666666666666,0.0,0,4
0.7596,23.150699999999997,1,0.5833333333333334,0.0,0,3
0.7596,4.082916666666667,1,0.5833333333333334,0.0,0,3
0.7596,6.016900000000001,1,0.5833333333333334,0.0,0,3
0.7596,0.2665,1,0.5833333333333334,0.0,0,3
0.7596,0.09991666666666667,1,0.5833333333333334,0.0,0,4
0.7596,13.615783333333333,1,0.5833333333333334,0.0,0,3
0.7596,0.08328333333333333,1,0.5833333333333334,0.0,0,4
0.7596,1.4849333333333334,1,0.5833333333333334,0.0,0,3
0.7596,0.08191666666666667,1,0.5833333333333334,0.0,0,4
0.7596,0.3832833333333333,1,0.5833333333333334,0.0,0,0
0.7596,0.44995,1,0.5833333333333334,0.0,0,3
0.7596,0.09985,1,0.5833333333333334,0.0,0,4
0.7596,1.6668666666666667,1,0.5833333333333334,0.0,0,3
0.7596,0.18318333333333334,1,0.56,0.0,0,4
0.7596,3.0498833333333333,1,0.6,0.0,0,3
0.7596,0.10015,1,0.5769230769230769,0.0,0,4
0.7596,3.0499333333333336,1,0.6153846153846154,0.0,0,0
0.7596,1.2166,1,0.5925925925925926,0.0,0,0
0.7596,0.4499166666666667,1,0.5714285714285714,0.0,0,0
0.7596,21.45255,1,0.5714285714285714,0.0,0,0
0.7596,0.54815,1,0.5517241379310345,0.0,0,0
0.7596,0.08318333333333333,1,0.5333333333333333,0.0,0,0
0.7596,2.4171833333333335,1,0.5161290322580645,0.0,0,0
0.7596,0.0825,1,0.5,0.0,0,0
0.7596,75.1846,1,0.48484848484848486,0.0,0,3
0.7596,1.7647833333333334,1,0.47058823529411764,0.0,0,0
0.7596,0.6328999999999999,1,0.45714285714285713,0.0,0,0
0.7596,6.949533333333333,1,0.45714285714285713,0.0,1,3
0.7596,1.2000666666666668,1,0.4444444444444444,0.0,1,3
0.7596,4.084383333333333,1,0.4444444444444444,0.0,1,3
0.7596,4.34905,1,0.4444444444444444,0.0,1,3
0.7596,0.18276666666666666,1,0.4444444444444444,0.0,0,3
0.7596,0.1829,1,0.4444444444444444,0.0,0,3
0.7596,1.2006166666666667,1,0.43243243243243246,0.0,0,3
0.7596,0.5660833333333334,1,0.43243243243243246,0.0,0,3
0.7596,2.8668166666666663,1,0.42105263157894735,0.0,0,2
0.7596,0.08339999999999999,1,0.42105263157894735,0.0,0,3
0.7596,0.10005,1,0.42105263157894735,0.0,0,2
0.7596,0.18355,1,0.41025641025641024,0.0,0,2
0.7596,0.09978333333333333,1,0.41025641025641024,0.0,0,2
0.7596,1.2000333333333333,1,0.41025641025641024,0.0,0,3
0.7596,0.5501,1,0.41025641025641024,0.0,0,3
0.7596,0.74985,1,0.41025641025641024,0.0,0,3
0.7596,0.36691666666666667,1,0.41025641025641024,0.0,0,3
0.7596,0.4666666666666667,1,0.41025641025641024,0.0,0,3
0.7596,0.08306666666666666,1,0.41025641025641024,0.0,0,3
0.7596,0.00015,1,0.41025641025641024,0.0,0,3
0.7596,0.6498,1,0.41025641025641024,0.0,0,3
0.7596,0.2834333333333333,1,0.4,0.0,0,3
0.7596,0.08345,1,0.4,0.0,0,3
0.7596,0.8329333333333333,1,0.4,0.0,0,0
0.7596,0.09995,1,0.4,0.0,0,3
0.7596,1.5670666666666666,1,0.4,0.0,0,3
0.7596,0.09993333333333335,1,0.4,0.0,0,3
0.7596,1.0164166666666667,1,0.3902439024390244,0.0,0,3
0.7596,0.00021666666666666666,1,0.3902439024390244,0.0,0,3
0.7596,0.00016666666666666666,1,0.3902439024390244,0.0,0,3
0.7596,0.0002,1,0.3902439024390244,0.0,0,3
0.7596,0.0002,1,0.3902439024390244,0.0,0,3
0.7596,0.00016666666666666666,1,0.3902439024390244,0.0,0,3
0.7596,0.08258333333333333,1,0.3902439024390244,0.0,0,3
0.7596,0.0002,1,0.3902439024390244,0.0,0,0
0.7596,14.6338,1,0.3902439024390244,0.0,0,0
0.7596,2.133016666666667,1,0.3902439024390244,0.0,0,3
0.7596,5.000616666666667,1,0.3902439024390244,0.0,0,0
0.7596,0.6493666666666668,1,0.3902439024390244,0.0,0,3
0.7596,0.46723333333333333,1,0.3902439024390244,0.0,0,0
0.7596,1.6662,1,0.3902439024390244,0.0,0,0
0.7596,0.18308333333333332,1,0.3902439024390244,0.0,0,0
0.7596,0.08333333333333333,1,0.3902439024390244,0.0,0,3
0.7596,0.1833,1,0.3902439024390244,0.0,0,0
0.7596,0.5665,1,0.3902439024390244,0.0,0,0
0.7596,0.18345,1,0.3902439024390244,0.0,0,0
0.7596,0.36691666666666667,1,0.3902439024390244,0.0,0,0
0.7596,0.00021666666666666666,1,0.3902439024390244,0.0,0,3
0.7596,0.0002,1,0.3902439024390244,0.0,0,3
0.7596,1.2993333333333332,1,0.3902439024390244,0.0,0,3
0.7596,0.18323333333333333,1,0.3902439024390244,0.0,0,0
0.7596,903.9945333333333,1,0.3902439024390244,0.0,0,0
0.7596,1.1171166666666668,1,0.3902439024390244,0.0,0,0
0.7596,2.68405,1,0.38095238095238093,0.0,0,0
0.7596,0.26526666666666665,1,0.37209302325581395,0.0,0,0
0.7596,1.3,1,0.37209302325581395,0.0,0,3
0.7596,1.4833,1,0.37209302325581395,0.0,0,0
0.7596,0.8328166666666666,1,0.37209302325581395,0.0,0,0
0.7596,0.6501666666666667,1,0.37209302325581395,0.0,0,0
0.7596,0.28381666666666666,1,0.37209302325581395,0.0,0,0
0.7596,0.08296666666666666,1,0.37209302325581395,0.0,0,0
0.7596,16.667166666666667,1,0.37209302325581395,0.0,0,0
0.7596,0.28278333333333333,1,0.37209302325581395,0.0,0,3
0.7596,0.18341666666666667,1,0.37209302325581395,0.0,0,3
0.7596,0.8330333333333333,1,0.37209302325581395,0.0,0,2
0.7596,0.0002,1,0.37209302325581395,0.0,0,2
0.7596,0.18291666666666667,1,0.37209302325581395,0.0,0,2
0.7596,0.2674333333333333,1,0.37209302325581395,0.0,0,2
0.7596,0.2828333333333333,1,0.37209302325581395,0.0,0,2
0.7596,4.0831333333333335,1,0.36363636363636365,0.0,0,0
0.7596,0.45066666666666666,1,0.35555555555555557,0.0,0,3
0.7596,0.09911666666666667,1,0.34782608695652173,0.0,0,3
0.7596,0.00013333333333333334,1,0.34782608695652173,0.0,0,3
0.7596,0.00011666666666666667,1,0.34782608695652173,0.0,0,3
0.7596,0.0001,1,0.34782608695652173,0.0,0,3
0.7596,0.08306666666666666,1,0.34782608695652173,0.0,0,3
0.7596,0.00015,1,0.34782608695652173,0.0,0,3
0.7596,0.09978333333333333,1,0.34782608695652173,0.0,0,3
0.7596,0.00018333333333333334,1,0.34782608695652173,0.0,0,3
0.7596,0.09983333333333334,1,0.34782608695652173,0.0,0,3
0.7596,0.00016666666666666666,1,0.34782608695652173,0.0,0,3
0.7596,0.00011666666666666667,1,0.34782608695652173,0.0,0,0
0.7596,0.183,1,0.34782608695652173,0.0,0,0
0.7596,4.7173,1,0.3404255319148936,0.0,0,3
0.7596,8.333333333333333e-05,1,0.3404255319148936,0.0,0,3
0.7596,0.0003333333333333333,1,0.3404255319148936,0.0,0,3
0.7596,0.0996,1,0.3404255319148936,0.0,0,3
0.7596,0.18256666666666668,1,0.3404255319148936,0.0,0,3
0.7596,0.00015,1,0.3404255319148936,0.0,0,3
0.7596,0.00016666666666666666,1,0.3404255319148936,0.0,0,3
0.7596,0.00013333333333333334,1,0.3404255319148936,0.0,0,3
0.7596,0.08298333333333334,1,0.3404255319148936,0.0,0,3
0.7596,0.00011666666666666667,1,0.3404255319148936,0.0,0,3
0.7596,0.00011666666666666667,1,0.3404255319148936,0.0,0,3
0.7596,8.333333333333333e-05,1,0.3404255319148936,0.0,0,0
0.7596,8.333333333333333e-05,1,0.3404255319148936,0.0,0,3
0.7596,0.6503,1,0.3404255319148936,0.0,0,3
0.7596,0.09933333333333333,1,0.3404255319148936,0.0,0,4
0.7596,0.7341166666666666,1,0.3404255319148936,0.0,0,3
0.7596,1.1170499999999999,1,0.3333333333333333,0.0,0,3
0.7596,0.08285000000000001,1,0.3333333333333333,0.0,0,4
0.7596,0.46595000000000003,1,0.3333333333333333,0.0,0,3
0.7596,0.10101666666666667,1,0.3333333333333333,0.0,0,3
0.7596,0.08443333333333333,1,0.3333333333333333,0.0,0,4
0.7596,1.3977333333333335,1,0.3333333333333333,0.0,0,3
0.7596,0.18433333333333335,1,0.3333333333333333,0.0,0,3
0.7596,0.0001,1,0.3333333333333333,0.0,0,4
0.7596,0.4496333333333334,1,0.3333333333333333,0.0,0,3
0.7596,0.20015,1,0.3333333333333333,0.0,0,3
0.7596,0.08361666666666667,1,0.3333333333333333,0.0,0,4
0.7596,0.3660333333333333,1,0.3541666666666667,0.0,0,3
0.7596,0.0007,1,0.3469387755102041,0.0,0,3
0.7596,0.09963333333333332,1,0.3469387755102041,0.0,0,4
0.7596,0.2825666666666667,1,0.3673469387755102,0.0,0,3
0.7596,0.18325,1,0.3673469387755102,0.0,0,3
0.7596,0.08436666666666667,1,0.3673469387755102,0.0,0,4
0.7596,0.2830833333333333,1,0.3877551020408163,0.0,0,3
0.7596,0.09931666666666666,1,0.38,0.0,0,3
0.7596,0.16731666666666667,1,0.38,0.0,0,4
0.7596,0.4670666666666667,1,0.4,0.0,0,3
0.7596,0.11561666666666667,1,0.4,0.0,0,3
0.7596,0.06721666666666667,1,0.4,0.0,0,4
0.7596,0.6506333333333333,1,0.42,0.0,0,3
0.7596,0.09874999999999999,1,0.42,0.0,0,3
0.7596,0.08428333333333334,1,0.42,0.0,0,4
0.7596,3.6163000000000003,1,0.44,0.0,0,0
0.7596,0.8333666666666667,1,0.44,0.0,0,3
0.7596,0.4668,1,0.44,0.0,0,3
0.7596,0.00018333333333333334,1,0.44,0.0,0,0
0.7596,0.6489499999999999,1,0.44,0.0,0,0
0.7596,0.83405,1,0.44,0.0,0,0
0.7596,2.8666666666666667,1,0.44,0.0,0,3
0.7596,1.01715,1,0.44,0.0,0,0
0.7596,0.18285,1,0.44,0.0,0,0
0.7596,10.465716666666667,1,0.44,0.0,0,0
0.7596,7.318533333333334,1,0.44,0.0,0,3
0.7596,0.0002,1,0.44,0.0,0,3
0.7596,0.08188333333333334,1,0.44,0.0,0,0
0.7596,0.6495333333333334,1,0.44,0.0,0,0
0.7596,0.4666166666666667,1,0.44,0.0,0,0
0.7596,0.5502333333333334,1,0.44,0.0,0,0
0.7596,0.09961666666666667,1,0.44,0.0,0,3
0.7596,0.8332499999999999,1,0.44,0.0,0,0
0.7596,2.9678666666666667,1,0.44,0.0,0,3
0.7596,0.26535,1,0.44,0.0,0,0
0.7596,3.334033333333333,1,0.44,0.0,0,0
0.7596,2.7827333333333333,1,0.44,0.0,0,0
0.7596,2.3164000000000002,1,0.43137254901960786,0.0,0,0
0.7596,7.5009500000000005,1,0.4230769230769231,0.0,0,3
0.7596,0.18321666666666667,1,0.4230769230769231,0.0,0,3
0.7596,0.6498666666666666,1,0.4230769230769231,0.0,0,0
0.7596,0.7334999999999999,1,0.4230769230769231,0.0,0,3
0.7596,0.5498999999999999,1,0.4230769230769231,0.0,0,3
0.7596,0.8332833333333334,1,0.4230769230769231,0.0,0,0
0.7596,0.10036666666666667,1,0.4230769230769231,0.0,0,3
0.7596,0.5499166666666666,1,0.4230769230769231,0.0,0,3
0.7596,0.38358333333333333,1,0.4230769230769231,0.0,0,3
0.7596,15.549533333333333,1,0.4230769230769231,0.0,0,3
0.7596,0.26661666666666667,1,0.4230769230769231,0.0,0,3
0.7596,45.749383333333334,1,0.4230769230769231,0.0,0,3
0.7596,0.26663333333333333,1,0.4230769230769231,0.0,0,4
0.7596,3.79985,1,0.4230769230769231,0.0,0,3
0.7596,0.10006666666666666,1,0.41509433962264153,0.0,0,4
0.7596,11.383033333333334,1,0.4339622641509434,0.0,0,3
0.7596,0.18333333333333332,1,0.42592592592592593,0.0,0,4
0.7596,1.4837333333333333,1,0.4444444444444444,0.0,1,3
0.7596,0.08293333333333333,1,0.43636363636363634,0.0,1,4
0.7596,1.00005,1,0.45454545454545453,0.0,0,3
0.7596,0.0836,1,0.45454545454545453,0.0,0,4
0.7596,0.46645,1,0.45454545454545453,0.0,1,3
0.7596,8.333333333333333e-05,1,0.45454545454545453,0.0,1,4
0.7596,0.483,1,0.45454545454545453,0.0,0,3
0.7596,0.08331666666666666,1,0.45454545454545453,0.0,0,4
0.7596,22.582783333333335,1,0.45454545454545453,0.0,0,3
0.7596,0.0993,1,0.44642857142857145,0.0,0,0
0.7596,1.46675,1,0.44642857142857145,0.0,0,0
0.7596,0.18345,1,0.43859649122807015,0.0,0,0
0.7596,0.20011666666666666,1,0.43103448275862066,0.0,0,0
0.7596,115.41483333333333,1,0.43103448275862066,0.0,0,3
0.7596,0.08331666666666666,1,0.43103448275862066,0.0,0,4
0.7596,1153.3547833333332,1,0.43103448275862066,0.0,0,3
0.7596,14.350033333333332,1,0.43103448275862066,0.0,0,0
0.7596,0.1835,1,0.43103448275862066,0.0,0,0
0.7596,0.64985,1,0.43103448275862066,0.0,0,0
0.7596,1.7665333333333335,1,0.43103448275862066,0.0,0,0
0.7596,1.5670333333333335,1,0.43103448275862066,0.0,0,0
0.7596,0.36673333333333336,1,0.43103448275862066,0.0,0,0
0.7596,3.249616666666667,1,0.43103448275862066,0.0,0,0
0.7596,1.01735,1,0.43103448275862066,0.0,0,0
0.7596,1.5661666666666667,1,0.423728813559322,0.0,0,0
0.5833,4549.846433333334,1,0.4166666666666667,0.0,0,0
0.2647,47.39928333333333,1,0.4166666666666667,0.0,0,3
0.2647,0.0002,1,0.4098360655737705,0.0,0,3
0.2647,0.00015,1,0.4098360655737705,0.0,0,3
0.7596,18.15015,1,0.4098360655737705,0.0,0,0
0.7596,76.09703333333333,1,0.4032258064516129,0.0,0,0
0.7596,0.2830833333333333,1,0.3968253968253968,0.0,0,0
0.7596,21.1011,1,0.3968253968253968,0.0,0,0
0.7596,50.930933333333336,1,0.3968253968253968,0.0,0,0
0.7596,0.08638333333333333,1,0.3968253968253968,0.0,0,0
0.7596,2.31535,1,0.390625,0.0,0,0
0.7596,3.049783333333333,1,0.38461538461538464,0.0,0,0
0.7596,1.6651,1,0.38461538461538464,0.0,0,0
0.7596,957.1084666666667,1,0.3787878787878788,0.0,0,0
0.7596,36.19596666666666,1,0.3787878787878788,0.0,0,0
0.7596,0.26688333333333336,1,0.3787878787878788,0.0,0,0
0.7596,0.38320000000000004,1,0.3787878787878788,0.0,0,0
0.7596,16.002666666666666,1,0.3787878787878788,0.0,0,0
0.7596,22.048099999999998,1,0.3787878787878788,0.0,0,0
0.5833,1368.75455,1,0.3787878787878788,0.0,0,3
0.5833,0.09991666666666667,1,0.3787878787878788,0.0,0,4
0.7596,3.501316666666667,1,0.3939393939393939,0.0,0,0
0.5304,0.09956666666666666,0,0.0,0.0,0,0
0.5283,2.784116666666667,0,0.0,0.0,0,3
0.5304,0.0006833333333333333,0,0.0,0.0,0,3
0.5283,1.0975833333333334,0,0.0,0.0,0,0
0.3902,0.28248333333333336,0,0.0,0.0,0,3
0.3902,0.0008333333333333334,0,0.0,0.0,0,0
0.5304,0.6492166666666667,0,0.0,0.0,0,0
0.7596,1.48315,0,0.0,0.0,0,0
0.5283,0.0836,0,0.0,0.0,0,0
0.7059,0.09956666666666666,0,0.0,0.3,0,0
0.7596,0.3641666666666667,0,0.0,-0.33,0,0
0.8106,0.18675,0,0.0,-0.42,0,0
0.7596,11.581449999999998,0,0.0,0.59,1,0
0.7596,11.199116666666667,0,0.0,2.07,0,0
0.7596,4.998933333333333,0,0.0,0.35,0,0
0.7596,0.08539999999999999,0,0.0,-0.94,0,0
0.8106,8625.668766666666,0,0.0,0.0,0,3
0.8106,0.10028333333333334,0,0.0,0.0,0,4
0.8106,0.38308333333333333,0,0.14285714285714285,0.0,0,3
0.8106,0.08426666666666667,0,0.14285714285714285,0.0,0,4
0.8106,4.166366666666667,0,0.14285714285714285,0.0,0,3
0.8106,0.08418333333333333,0,0.14285714285714285,0.0,0,4
0.7059,58.15,0,0.14285714285714285,-0.31,0,3
0.7934,0.09956666666666666,1,0.0,-0.71,0,0
0.2647,117.27141666666667,1,0.0,-0.55,0,3
0.2647,0.2829666666666667,1,0.0,-0.55,0,3
0.1379,0.08315,1,0.0,0.52,0,3
0.9833,58.718983333333334,1,0.0,-0.63,0,0
0.9833,0.28335000000000005,1,0.0,-0.63,0,0
0.9833,0.4666166666666667,1,0.0,-0.63,0,0
0.9833,12.083233333333334,1,0.0,-0.63,0,3
0.9833,29.596400000000003,1,0.0,-0.63,0,3
0.9833,0.09043333333333334,1,0.0,-0.63,0,3
0.9833,0.18126666666666666,1,0.0,-0.63,0,3
0.9833,0.10838333333333333,1,0.0,-0.63,0,3
0.9833,10.075933333333333,1,0.0,-0.63,0,3
0.9833,1.7659999999999998,1,0.0,-0.63,0,3
0.7858,0.08371666666666666,1,0.0,0.73,0,3
0.7596,0.2830333333333333,1,0.0,6.86,0,3
0.9833,5.000516666666667,1,0.0,-0.63,0,3
0.9833,11.566983333333333,1,0.0,-0.63,0,3
0.9833,0.10018333333333333,1,0.0,-0.63,0,3
0.7596,12.40055,1,0.0,6.09,1,3
0.7596,5475.608316666667,1,0.0,4.31,0,0
0.7596,9.717649999999999,1,0.0,-0.18,0,3
0.4792,1.85005,1,0.0,0.0,0,1
0.4792,0.08603333333333334,1,0.0,0.0,0,3
0.9833,4.9147,1,0.0,0.63,0,3
0.7596,6.56625,1,0.0,-0.29,0,0
0.7596,101.47011666666667,1,0.0,0.0,0,0
0.7596,1.471,1,0.0,0.0,0,0
0.7596,8.05935,1,0.0,0.0,0,0
0.9057,86.75590000000001,1,0.0,6.96,1,0
0.9833,1028.59765,1,0.0,0.42,0,0
0.9833,0.00046666666666666666,1,0.0,0.42,0,3
0.7596,17.55615,1,0.0,0.0,0,0
0.7596,4.043733333333333,1,0.0,0.0,0,0
0.7596,0.8333333333333334,1,0.0,0.0,0,0
0.7596,0.3665333333333333,1,0.0,0.0,0,0
0.7596,0.10088333333333334,1,0.0,0.0,0,0
0.9833,399.29634999999996,1,0.0,-0.84,0,3
0.9833,0.0003333333333333333,1,0.0,-0.84,0,3
0.9833,0.00031666666666666665,1,0.0,-0.84,0,3
0.9833,0.28318333333333334,1,0.0,-0.84,0,0
0.9833,1.016,1,0.0,-0.84,0,3
0.9833,0.00025,1,0.0,-0.84,0,3
0.9833,0.00018333333333333334,1,0.0,-0.84,0,3
0.9833,0.00018333333333333334,1,0.0,-0.84,0,3
0.9833,0.0002666666666666667,1,0.0,-0.84,0,3
0.9833,0.0003333333333333333,1,0.0,-0.84,0,3
0.9833,0.08295000000000001,1,0.0,-0.84,0,3
0.9833,0.00021666666666666666,1,0.0,-0.84,0,3
0.9833,0.00023333333333333333,1,0.0,-0.84,0,0
0.9833,0.00015,1,0.0,-0.84,0,3
0.9833,0.00016666666666666666,1,0.0,-0.84,0,3
0.9833,1047.2410666666667,1,0.0,-0.42,0,3
0.7596,1682.5844666666667,1,0.0,5.05,0,3
0.7934,0.08175,1,0.0,1.58,0,3
0.7596,0.1006,1,0.0,5.05,0,3
0.7934,0.08521666666666668,1,0.0,1.58,0,3
0.7596,4.998683333333333,1,0.0,5.56,0,3
0.9833,1231.4088000000002,1,0.0,0.0,0,0
0.9833,2.3192,1,0.0,0.0,0,3
0.6149,0.28091666666666665,1,0.0,-0.31,0,3
0.9434,13.604483333333333,1,0.0,-0.68,0,3
0.9434,0.0011333333333333334,1,0.0,-0.68,0,3
0.9434,0.00023333333333333333,1,0.0,-0.68,0,3
0.9434,0.00023333333333333333,1,0.0,-0.68,0,3
0.9434,0.1936,1,0.0,-0.68,0,3
0.9434,2.583483333333333,1,0.0,-0.68,0,3
0.9434,0.00025,1,0.0,-0.68,0,3
0.9434,0.0002,1,0.0,-0.68,0,3
0.9434,1.7661333333333333,1,0.0,-0.68,0,3
0.9434,0.0003,1,0.0,-0.68,0,3
0.9434,0.8331,1,0.0,-0.68,0,3
0.3692,0.1837,1,0.0,0.0,0,3
0.9833,0.55285,1,0.0,0.0,0,3
0.9833,0.18025,1,0.0,0.0,0,3
0.9833,0.09986666666666667,1,0.0,0.0,0,3
0.9833,6.666666666666667e-05,1,0.0,0.0,0,3
0.9833,0.00075,1,0.0,0.0,0,3
0.9833,0.08321666666666667,1,0.0,0.0,0,3
0.9833,2.04975,1,0.0,0.0,0,3
0.9833,12.116666666666667,1,0.0,0.0,0,3
0.9833,0.18413333333333334,1,0.0,0.0,0,3
0.9833,0.3828166666666667,1,0.0,0.0,0,3
0.9833,1.1002666666666667,1,0.0,0.0,0,3
0.9833,0.10036666666666667,1,0.0,0.0,0,3
0.9833,0.0832,1,0.0,0.0,0,3
0.9833,0.00036666666666666667,1,0.0,0.0,0,3
0.9833,0.0003,1,0.0,0.0,0,3
0.9833,0.28235,1,0.0,0.0,0,3
0.9833,0.10011666666666666,1,0.0,0.0,0,3
0.9833,0.54975,1,0.0,0.0,0,3
0.9833,0.6008833333333333,1,0.0,0.0,0,3
0.9833,0.09996666666666668,1,0.0,0.0,0,3
0.9833,0.0825,1,0.0,0.0,0,3
0.9833,0.36666666666666664,1,0.0,0.0,0,3
0.9408,80.8163,1,0.0,-3.36,0,0
0.9408,0.46640000000000004,1,0.0,-3.36,0,0
0.7596,0.18355,1,0.0,2.55,0,0
0.6149,0.08281666666666668,1,0.0,-0.31,0,0
0.7596,1.8504,1,0.0,0.0,0,0
0.7596,0.4667,1,0.0,-0.61,0,0
0.7596,0.1833,1,0.0,2.55,0,0
0.7596,0.18381666666666666,1,0.0,0.0,0,0
0.9408,1.8497833333333333,1,0.0,-3.36,0,0
0.7596,0.19985,1,0.0,0.0,0,0
0.9833,2.766566666666667,1,0.0,0.0,0,3
0.9833,20.200583333333334,1,0.0,-0.21,0,3
0.7596,21.01775,1,0.0,0.57,0,0
0.9833,27.118116666666666,1,0.0,-0.64,0,3
0.7596,68.0508,1,0.0,-0.67,0,3
0.7596,0.08339999999999999,1,0.0,0.0,0,3
0.6149,7.683366666666667,1,0.0,0.0,0,0
0.729,0.8337333333333333,1,0.0,1.13,0,0
0.6149,6.58355,1,0.0,0.0,0,0
0.9833,39.08545,1,0.0,-0.43,0,3
0.9833,60.069250000000004,1,0.0,-0.43,0,3
0.7596,5282.9223,1,0.0,-0.97,0,3
0.7596,37.56718333333333,1,0.0,1.39,0,0
0.5317,18.13445,1,0.0,-3.65,0,0
0.7596,42.817883333333334,1,0.0,2.78,0,0
0.7596,0.18286666666666665,1,0.0,4.04,0,0
0.418,113.70725,1,0.0,-6.9,0,0
0.7596,1.5804833333333332,1,0.0,0.87,0,0
0.7596,4.533183333333333,1,0.0,2.98,0,0
0.7596,10.283583333333333,1,0.0,-0.41,0,0
0.9833,4.850750000000001,1,0.0,0.21,0,3
0.9833,0.18276666666666666,1,0.0,0.21,0,3
0.9833,0.0003,1,0.0,0.21,0,3
0.9833,0.09971666666666666,1,0.0,0.21,0,3
0.9408,55.48598333333334,1,0.0,6.94,0,0
0.7596,0.28305,1,0.0,-0.33,0,0
0.7596,0.46673333333333333,1,0.0,5.4,0,3
0.9833,1.1000833333333333,1,0.0,0.21,0,0
0.729,0.7502833333333334,1,0.0,-0.93,0,3
0.729,0.08381666666666666,1,0.0,-0.93,0,3
0.729,0.1859,1,0.0,-0.93,0,3
0.9833,12.516566666666668,1,0.0,0.0,0,0
0.9833,1.5641166666666666,1,0.0,0.0,0,3
0.9833,0.28445,1,0.0,0.0,0,3
0.9833,0.0004166666666666667,1,0.0,0.0,0,3
0.9833,0.18118333333333334,1,0.0,0.0,0,3
0.9833,0.0006666666666666666,1,0.0,0.0,0,3
0.9833,0.00025,1,0.0,0.0,0,3
0.9833,0.00025,1,0.0,0.0,0,3
0.9833,0.09863333333333334,1,0.0,0.0,0,3
0.9833,62.303383333333336,1,0.0,0.43,0,3
0.9833,0.5492833333333333,1,0.0,0.43,0,3
0.9833,0.00046666666666666666,1,0.0,0.43,0,3
0.9833,0.00021666666666666666,1,0.0,0.43,0,3
0.9833,0.00016666666666666666,1,0.0,0.43,0,3
0.9833,0.09915,1,0.0,0.43,0,0
0.9833,2.13545,1,0.0,0.43,0,3
0.9833,0.00028333333333333335,1,0.0,0.43,0,3
0.9833,0.08173333333333334,1,0.0,0.43,0,0
0.9833,0.9326666666666666,1,0.0,0.43,0,3
0.9833,0.0002,1,0.0,0.43,0,3
0.9833,0.00025,1,0.0,0.43,0,3
0.9833,0.18358333333333335,1,0.0,0.43,0,3
0.9833,0.00021666666666666666,1,0.0,0.43,0,3
0.9833,0.00016666666666666666,1,0.0,0.43,0,3
0.9833,0.06533333333333333,1,0.0,0.43,0,3
0.9833,0.0002,1,0.0,0.43,0,3
0.9833,0.00016666666666666666,1,0.0,0.43,0,3
0.9833,0.00018333333333333334,1,0.0,0.43,0,3
0.9833,0.00018333333333333334,1,0.0,0.43,0,3
0.9833,0.00016666666666666666,1,0.0,0.43,0,3
0.9833,0.00018333333333333334,1,0.0,0.43,0,3
0.9833,0.00016666666666666666,1,0.0,0.43,0,3
0.9833,0.0002666666666666667,1,0.0,0.43,0,3
0.9833,0.0003333333333333333,1,0.0,0.43,0,3
0.9833,0.015600000000000001,1,0.0,0.43,0,3
0.9833,0.0328,1,0.0,0.43,0,3
0.9833,0.00028333333333333335,1,0.0,0.43,0,3
0.9833,0.00016666666666666666,1,0.0,0.43,0,3
0.9833,0.00015,1,0.0,0.43,0,3
0.9833,0.00015,1,0.0,0.43,0,3
0.9833,0.00015,1,0.0,0.43,0,3
0.9833,0.00015,1,0.0,0.43,0,3
0.9833,0.00016666666666666666,1,0.0,0.43,0,3
0.9833,0.00015,1,0.0,0.43,0,3
0.9833,0.00055,1,0.0,0.43,0,0
0.9833,0.06470000000000001,1,0.0,0.43,0,3
0.9833,0.0003,1,0.0,0.43,0,3
0.9833,0.00025,1,0.0,0.43,0,3
0.9833,0.00031666666666666665,1,0.0,0.43,0,3
0.9833,0.0002,1,0.0,0.43,0,3
0.9833,0.08236666666666667,1,0.0,0.43,0,3
0.9833,0.00035,1,0.0,0.43,0,3
0.9833,0.3828,1,0.0,0.43,0,0
0.9833,0.1831,1,0.0,0.43,0,0
0.9833,4.634116666666667,1,0.0,0.43,0,3
0.9833,10.186533333333333,1,0.0,0.43,0,3
0.9833,1.1967666666666665,1,0.0,0.43,0,3
0.9833,0.08315,1,0.0,0.43,0,3
0.9833,0.18375,1,0.0,0.43,0,3
0.9833,0.10010000000000001,1,0.0,0.43,0,3
0.7858,0.09996666666666668,1,0.0,-1.11,0,3
0.7858,0.08318333333333333,1,0.0,-1.11,0,3
0.7934,0.09985,1,0.0,-1.47,0,3
0.7934,0.08339999999999999,1,0.0,-1.47,0,3
0.4792,16.6678,1,0.0,0.0,0,0
0.5902,6.766783333333334,1,0.0,2.51,0,0
0.5317,0.3659166666666666,1,0.0,-6.93,0,0
0.7596,18.236966666666667,1,0.0,0.0,0,0
0.7596,3.900183333333333,1,0.0,-0.76,0,0
0.5317,7.031166666666667,1,0.0,-6.93,0,0
0.5317,0.46613333333333334,1,0.0,-6.93,0,0
0.7596,0.36669999999999997,1,0.0,3.19,0,0
0.7596,0.4507333333333333,1,0.0,0.26,0,0
0.5902,0.46663333333333334,1,0.0,2.51,0,0
0.5902,0.18286666666666665,1,0.0,2.51,0,0
0.729,0.4673333333333333,1,0.0,-1.12,0,0
0.3692,0.09961666666666667,1,0.0,-1.17,0,0
0.7596,0.18281666666666666,1,0.0,-0.76,0,0
0.9833,38.31918333333333,1,0.0,0.43,0,3
0.9833,0.00035,1,0.0,0.43,0,3
0.7596,981.8661166666666,1,0.0,-0.18,0,0
0.7596,0.8442000000000001,1,0.0,-0.18,0,0
0.4792,9.809216666666666,1,0.0,0.0,0,0
0.418,4.681983333333333,1,0.0,-5.5,0,0
0.418,0.28175,1,0.0,-5.5,0,3
0.9833,16.0173,1,0.0,-0.64,0,3
0.9833,180.05641666666668,1,0.0,-0.64,0,2
0.4792,58.11828333333334,1,0.0,0.0,0,0
0.9833,12.417683333333335,1,0.0,-0.43,0,0
0.9833,0.18283333333333335,1,0.0,-0.43,0,0
0.9833,4.9014,1,0.0,-0.43,0,3
0.7858,10.10045,1,0.0,-0.75,0,3
0.7596,1.3819000000000001,1,0.0,0.0,0,0
0.7934,22.784316666666665,1,0.0,0.43,0,3
0.7934,0.26711666666666667,1,0.0,0.43,0,3
0.9833,1.5829,1,0.0,0.0,0,0
0.9434,0.45030000000000003,1,0.0,0.69,0,0
0.729,0.28300000000000003,1,0.0,0.0,0,0
0.729,1.2000333333333333,1,0.0,0.0,0,0
0.729,0.28373333333333334,1,0.0,0.0,0,0
0.7596,15.83405,1,0.0,1.48,0,0
0.7596,7.316916666666667,1,0.0,1.74,0,0
0.7596,0.7346,1,0.0,1.48,0,0
0.9833,3.2485,1,0.0,0.0,0,0
0.9833,3.233816666666667,1,0.0,0.0,0,0
0.3243,6939.737033333334,1,0.0,1.93,0,0
0.7596,0.8327833333333333,1,0.0,0.21,0,0
0.3243,3.33535,1,0.0,1.93,0,0
0.7596,0.8318,1,0.0,-0.18,0,0
0.7596,0.5515666666666666,1,0.0,0.96,0,0
0.5317,0.19851666666666665,1,0.0,5.79,0,0
0.3243,0.26625,1,0.0,1.93,0,0
0.2188,0.28276666666666667,1,0.0,0.14,0,0
0.3243,0.1842,1,0.0,1.93,0,0
0.2188,0.5506833333333333,1,0.0,0.14,0,3
0.7596,0.18195,1,0.0,0.96,0,0
0.9833,0.83545,1,0.0,-0.85,0,3
0.9833,1.2151166666666666,1,0.0,-0.85,0,3
0.9833,0.0004,1,0.0,-0.85,0,3
0.9833,0.00038333333333333334,1,0.0,-0.85,0,3
0.9833,0.00028333333333333335,1,0.0,-0.85,0,3
0.9833,0.0002666666666666667,1,0.0,-0.85,0,3
0.9833,0.00028333333333333335,1,0.0,-0.85,0,3
0.9833,0.00031666666666666665,1,0.0,-0.85,0,3
0.9833,0.00031666666666666665,1,0.0,-0.85,0,0
0.9833,0.06411666666666667,1,0.0,-0.85,0,3
0.9833,0.00031666666666666665,1,0.0,-0.85,0,3
0.9833,0.0003,1,0.0,-0.85,0,3
0.9833,0.0003333333333333333,1,0.0,-0.85,0,3
0.9833,0.00025,1,0.0,-0.85,0,3
0.9833,0.00028333333333333335,1,0.0,-0.85,0,3
0.9833,0.00031666666666666665,1,0.0,-0.85,0,3
0.9833,0.0003333333333333333,1,0.0,-0.85,0,3
0.9833,0.00028333333333333335,1,0.0,-0.85,0,3
0.9833,0.00031666666666666665,1,0.0,-0.85,0,3
0.9833,0.08091666666666668,1,0.0,-0.85,0,3
0.9833,0.0004,1,0.0,-0.85,0,3
0.9833,0.00038333333333333334,1,0.0,-0.85,0,3
0.9833,0.0003333333333333333,1,0.0,-0.85,0,3
0.9833,0.00031666666666666665,1,0.0,-0.85,0,3
0.9833,0.00045,1,0.0,-0.85,0,3
0.9833,0.0003333333333333333,1,0.0,-0.85,0,3
0.9833,0.00028333333333333335,1,0.0,-0.85,0,3
0.9833,0.0003333333333333333,1,0.0,-0.85,0,3
0.9833,0.0002666666666666667,1,0.0,-0.85,0,3
0.9833,0.0292,1,0.0,-0.85,0,3
0.9833,0.0003,1,0.0,-0.85,0,3
0.9833,0.08368333333333333,1,0.0,-0.85,0,3
0.9833,0.00031666666666666665,1,0.0,-0.85,0,3
0.9833,0.00016666666666666666,1,0.0,-0.85,0,3
0.9833,0.00018333333333333334,1,0.0,-0.85,0,0
0.9833,0.099,1,0.0,-0.85,0,3
0.9833,0.08348333333333334,1,0.0,-0.85,0,3
0.9833,0.00035,1,0.0,-0.85,0,3
0.9833,0.00025,1,0.0,-0.85,0,3
0.9833,0.0992,1,0.0,-0.85,0,3
0.9833,0.0003,1,0.0,-0.85,0,3
0.9833,0.00016666666666666666,1,0.0,-0.85,0,3
0.9833,0.00018333333333333334,1,0.0,-0.85,0,3
0.9833,0.00015,1,0.0,-0.85,0,3
0.9833,0.00021666666666666666,1,0.0,-0.85,0,3
0.9833,0.00016666666666666666,1,0.0,-0.85,0,3
0.9833,0.09911666666666667,1,0.0,-0.85,0,3
0.9833,0.00025,1,0.0,-0.85,0,3
0.9833,0.00016666666666666666,1,0.0,-0.85,0,3
0.9833,0.00018333333333333334,1,0.0,-0.85,0,3
0.9833,0.00018333333333333334,1,0.0,-0.85,0,3
0.9833,0.0002666666666666667,1,0.0,-0.85,0,3
0.9833,0.00018333333333333334,1,0.0,-0.85,0,3
0.9833,0.08171666666666666,1,0.0,-0.85,0,3
0.9833,0.1006,1,0.0,-0.85,0,3
0.9833,0.00036666666666666667,1,0.0,-0.85,0,3
0.9833,3.5165833333333336,1,0.0,-0.85,0,3
0.9833,0.08343333333333333,1,0.0,-0.85,0,3
0.9833,0.0002666666666666667,1,0.0,-0.85,0,3
0.9833,0.00031666666666666665,1,0.0,-0.85,0,3
0.9833,0.00025,1,0.0,-0.85,0,3
0.9833,0.00018333333333333334,1,0.0,-0.85,0,3
0.9833,0.00016666666666666666,1,0.0,-0.85,0,0
0.9833,0.09821666666666666,1,0.0,-0.85,0,3
0.9833,0.08393333333333333,1,0.0,-0.85,0,3
0.9833,3.434683333333333,1,0.0,-0.85,0,3
0.9833,0.08338333333333334,1,0.0,-0.85,0,3
0.9833,0.00038333333333333334,1,0.0,-0.85,0,3
0.9833,6.499616666666666,1,0.0,-0.85,0,3
0.9833,0.0002666666666666667,1,0.0,-0.85,0,3
0.9833,0.00055,1,0.0,-0.85,0,3
0.9833,0.00028333333333333335,1,0.0,-0.85,0,3
0.9833,0.03183333333333333,1,0.0,-0.85,0,3
0.9833,0.0003,1,0.0,-0.85,0,3
0.9833,0.00028333333333333335,1,0.0,-0.85,0,3
0.9833,0.0005666666666666667,1,0.0,-0.85,0,3
0.9833,0.0003333333333333333,1,0.0,-0.85,0,3
0.9833,0.0003333333333333333,1,0.0,-0.85,0,3
0.9833,0.0003333333333333333,1,0.0,-0.85,0,3
0.9833,0.00036666666666666667,1,0.0,-0.85,0,3
0.9833,0.0003333333333333333,1,0.0,-0.85,0,3
0.9833,0.00038333333333333334,1,0.0,-0.85,0,3
0.9833,0.0454,1,0.0,-0.85,0,0
0.9833,0.00035,1,0.0,-0.85,0,3
0.9833,3.05275,1,0.0,-0.85,0,3
0.9833,0.00038333333333333334,1,0.0,-0.85,0,3
0.9833,0.0969,1,0.0,-0.85,0,0
0.9833,2.4758666666666667,1,0.0,-0.85,0,3
0.9833,0.0003333333333333333,1,0.0,-0.85,0,3
0.9833,0.10701666666666668,1,0.0,-0.85,0,3
0.9833,0.0002666666666666667,1,0.0,-0.85,0,3
0.9833,0.00021666666666666666,1,0.0,-0.85,0,0
0.9833,0.00025,1,0.0,-0.85,0,3
0.9833,0.00023333333333333333,1,0.0,-0.85,0,3
0.9833,0.0003,1,0.0,-0.85,0,3
0.9833,0.46640000000000004,1,0.0,-0.85,0,3
0.9833,0.0005166666666666667,1,0.0,-0.85,0,3
0.9833,0.00046666666666666666,1,0.0,-0.85,0,3
0.9833,0.00025,1,0.0,-0.85,0,3
0.9833,0.0002666666666666667,1,0.0,-0.85,0,3
0.9833,0.09725,1,0.0,-0.85,0,3
0.9833,0.0002666666666666667,1,0.0,-0.85,0,3
0.9833,0.00018333333333333334,1,0.0,-0.85,0,3
0.9833,0.0002,1,0.0,-0.85,0,3
0.9833,0.08325,1,0.0,-0.85,0,3
0.9833,0.0004,1,0.0,-0.85,0,3
0.9833,0.00018333333333333334,1,0.0,-0.85,0,3
0.9833,0.00018333333333333334,1,0.0,-0.85,0,3
0.9833,0.0002,1,0.0,-0.85,0,3
0.9833,0.00015,1,0.0,-0.85,0,3
0.9833,0.09860000000000001,1,0.0,-0.85,0,3
0.9833,0.00028333333333333335,1,0.0,-0.85,0,3
0.9833,0.0002,1,0.0,-0.85,0,3
0.9833,0.00016666666666666666,1,0.0,-0.85,0,3
0.9833,0.08381666666666666,1,0.0,-0.85,0,3
0.9833,0.09888333333333334,1,0.0,-0.85,0,3
0.9833,0.0004,1,0.0,-0.85,0,0
0.9833,0.00025,1,0.0,-0.85,0,3
0.9833,0.0002,1,0.0,-0.85,0,3
0.9833,0.00018333333333333334,1,0.0,-0.85,0,3
0.9833,0.00025,1,0.0,-0.85,0,3
0.9833,0.00035,1,0.0,-0.85,0,3
0.9833,0.08205,1,0.0,-0.85,0,3
0.9833,0.09948333333333334,1,0.0,-0.85,0,3
0.9833,0.00031666666666666665,1,0.0,-0.85,0,3
0.9833,0.0002,1,0.0,-0.85,0,3
0.9833,0.0002,1,0.0,-0.85,0,3
0.9833,0.00025,1,0.0,-0.85,0,3
0.9833,0.00018333333333333334,1,0.0,-0.85,0,3
0.9833,0.09926666666666667,1,0.0,-0.85,0,3
0.9833,82.8544,1,0.0,-0.85,0,3
0.9833,0.0004166666666666667,1,0.0,-0.85,0,3
0.9833,0.0008333333333333334,1,0.0,-0.85,0,3
0.9833,0.00018333333333333334,1,0.0,-0.85,0,0
0.9833,5.832233333333334,1,0.0,-1.06,0,3
0.9833,0.09766666666666667,1,0.0,-1.06,0,3
0.7596,0.08391666666666667,1,0.0,0.0,0,0
0.7596,5566.9933,1,0.0,0.0,0,0
0.729,268.06955,1,0.0,-0.55,0,0
0.1379,13.666699999999999,1,0.0,1.05,0,3
0.1379,0.20005,1,0.0,-0.48,0,3
0.1379,0.18353333333333335,1,0.0,-0.52,0,3
0.9408,4.7997000000000005,1,0.0,1.55,0,3
0.9408,0.1847,1,0.0,1.55,0,3
0.9408,0.09468333333333333,1,0.0,1.55,0,3
0.9408,0.09053333333333334,1,0.0,1.55,0,3
0.9408,0.09303333333333333,1,0.0,1.55,0,3
0.7596,23.80503333333333,1,0.0,0.51,0,0
0.9057,101.08821666666667,1,0.0,4.83,1,3
0.9057,0.0004166666666666667,1,0.0,4.83,1,3
0.7596,0.09956666666666666,1,0.0,0.0,0,0
0.7596,15.083116666666665,1,0.0,0.0,0,0
0.5412,1442.44905,1,0.0,0.0,0,0
0.7596,0.2832166666666666,1,0.0,0.0,0,0
0.7596,0.36666666666666664,1,0.0,0.0,0,0
0.0566,0.10018333333333333,1,0.0,0.0,0,0
0.7596,2.0333,1,0.0,0.0,0,0
0.0566,0.10015,1,0.0,0.0,0,0
0.1379,0.5499166666666666,1,0.0,0.0,0,3
0.0566,0.10005,1,0.0,0.0,0,0
0.7596,0.08316666666666667,1,0.0,0.0,0,0
0.0566,0.00025,1,0.0,0.0,0,0
0.0566,0.09968333333333333,1,0.0,0.0,0,0
0.5412,0.36691666666666667,1,0.0,0.0,0,3
0.7596,0.36641666666666667,1,0.0,0.0,0,0
0.7596,0.18345,1,0.0,0.0,0,0
0.7596,0.1832,1,0.0,1.73,0,0
0.7596,0.8334166666666667,1,0.0,1.73,0,0
0.7596,0.2836166666666667,1,0.0,0.0,0,0
0.7596,0.36635,1,0.0,0.0,0,0
0.5412,0.75015,1,0.0,0.0,0,3
0.5412,0.00016666666666666666,1,0.0,0.0,0,4
0.0566,1.4831333333333334,1,0.07142857142857142,0.9,0,0
0.7596,2.033183333333333,1,0.07142857142857142,-0.29,0,0
0.5412,0.08326666666666667,1,0.06666666666666667,0.21,0,0
0.7596,0.18325,1,0.06666666666666667,0.0,0,0
0.1379,0.10021666666666666,1,0.0625,0.0,0,3
0.5412,2.9666333333333332,1,0.058823529411764705,0.21,0,0
0.0566,0.26666666666666666,1,0.058823529411764705,0.0,0,0
0.0566,0.18348333333333333,1,0.05555555555555555,0.0,0,0
0.0566,9.7332,1,0.05555555555555555,0.0,0,0
0.5412,71.56336666666667,1,0.05555555555555555,0.42,0,3
0.7596,4303.0728,1,0.05555555555555555,2.48,0,0
0.7596,0.08335000000000001,1,0.05555555555555555,0.54,0,0
0.7596,34.63355,1,0.05263157894736842,0.71,0,0
0.7596,162.39675,1,0.05263157894736842,-1.25,0,0
0.7596,162.49718333333334,1,0.05,0.0,0,0
0.7596,1414.1966166666668,1,0.047619047619047616,-0.71,0,0
0.5412,82.03146666666666,1,0.047619047619047616,-0.84,0,3
0.5412,0.00021666666666666666,1,0.047619047619047616,-0.84,0,3
0.5412,0.00018333333333333334,1,0.047619047619047616,-0.84,0,3
0.7596,0.09956666666666666,1,0.0,0.0,0,0
0.1379,0.1998,1,0.0,0.0,0,0
0.1379,0.08358333333333333,1,0.0,0.0,0,1
0.1379,0.09996666666666668,1,0.0,0.0,0,3
0.7596,0.00013333333333333334,1,0.0,0.0,0,1
0.7596,0.08325,1,0.0,0.0,0,3
0.2857,0.00011666666666666667,1,0.0,0.0,0,1
0.2857,0.10018333333333333,1,0.0,0.0,0,3
0.1525,0.0001,1,0.0,0.0,0,1
0.1525,0.08286666666666667,1,0.0,0.0,0,3
0.7596,0.10008333333333333,1,0.0,0.0,0,1
0.7596,0.00011666666666666667,1,0.0,0.0,0,3
0.1379,0.08291666666666667,1,0.0,0.0,0,0
0.1379,0.10038333333333332,1,0.0,0.0,0,1
0.1379,0.18334999999999999,1,0.0,0.0,0,3
0.7596,0.00013333333333333334,1,0.0,0.0,0,1
0.7596,0.0999,1,0.0,0.0,0,3
0.7596,0.00013333333333333334,1,0.0,0.0,0,1
0.7596,0.02515,1,0.0,0.0,0,3
0.7596,9367.319816666666,1,0.0,0.0,0,0
0.7596,0.28393333333333337,1,0.0,0.0,0,0
0.2857,0.5478666666666666,1,0.0,0.0,0,3
0.2857,0.00025,1,0.0,0.0,0,3
0.2857,0.0017333333333333333,1,0.0,0.0,0,0
0.2857,0.0002,1,0.0,0.0,0,3
0.2857,0.08086666666666667,1,0.0,0.0,0,3
0.1379,0.10118333333333333,1,0.0,0.0,0,3
0.7596,0.09903333333333333,1,0.0,0.0,0,0
0.7596,0.8336,1,0.0,0.0,0,0
0.7596,0.36645,1,0.0,0.0,0,0
0.1525,0.18341666666666667,1,0.0,0.0,0,3
0.1525,0.00031666666666666665,1,0.0,0.0,0,0
0.7596,0.08296666666666666,1,0.0,0.0,0,0
0.7596,0.09956666666666666,0,0.0,0.0,0,0
0.7596,0.0999,0,0.0,0.0,0,0
0.9857,0.09956666666666666,1,0.0,0.0,0,3
0.9857,16.2679,1,0.0,0.0,0,0
0.9857,0.18156666666666668,1,0.0,0.0,0,3
0.9203,0.10203333333333334,1,0.0,0.0,0,3
0.9857,502.48629999999997,1,0.0,0.0,0,3
0.9857,0.18305000000000002,1,0.0,0.0,0,3
0.9857,8200.892450000001,1,0.0,0.0,0,3
0.9857,0.09905,1,0.0,0.0,0,4
0.801,267.485,1,0.5,0.0,0,3
0.9857,127.4023,1,0.3333333333333333,0.0,0,3
0.2061,9.181483333333334,1,0.3333333333333333,0.0,0,3
0.1228,7.217216666666667,1,0.25,0.0,0,0
0.1228,2.6004333333333336,1,0.2,0.0,0,3
0.9857,0.18356666666666666,1,0.2,0.0,0,3
0.6632,0.1832,1,0.2,0.0,0,3
0.9488,27.615233333333332,1,0.16666666666666666,0.0,0,3
0.4951,0.25243333333333334,1,0.14285714285714285,0.0,0,3
0.9602,0.09895000000000001,1,0.125,0.0,0,3
0.9857,6.852,1,0.1111111111111111,0.0,0,3
0.9442,928.8017166666667,1,0.1111111111111111,0.0,0,0
0.9857,59.615183333333334,1,0.1,0.21,0,3
0.9725,24.65045,1,0.1,0.0,0,0
0.8409,1.8349166666666668,1,0.09090909090909091,-0.38,0,0
0.801,1.21765,1,0.08333333333333333,0.36,0,0
0.5814,143.75638333333333,1,0.08333333333333333,-0.57,0,3
0.9857,7.87695,1,0.07692307692307693,-0.63,0,3
0.9857,0.20020000000000002,1,0.07692307692307693,-0.63,0,0
0.9857,3.8490166666666665,1,0.07692307692307693,-0.63,0,3
0.9857,0.08256666666666666,1,0.07692307692307693,-0.63,0,4
0.9857,0.28368333333333334,1,0.07692307692307693,-0.63,0,3
0.9857,0.3662,1,0.07692307692307693,-0.63,0,3
0.9857,0.18395,1,0.07692307692307693,-0.63,0,3
0.9857,1.2166166666666667,1,0.07692307692307693,-0.63,0,3
0.4735,26.967100000000002,1,0.07692307692307693,-3.92,0,0
0.801,28.146816666666666,1,0.07142857142857142,-0.71,0,0
0.1379,153.22101666666669,1,0.07142857142857142,0.0,0,3
0.6238,5333.7231,1,0.06666666666666667,0.0,0,0
0.5801,1.5671666666666666,1,0.0625,0.38,0,0
0.9402,7.732033333333334,1,0.058823529411764705,1.61,0,3
0.9602,16.766933333333334,1,0.05555555555555555,0.0,0,0
0.9857,41.227716666666666,1,0.05555555555555555,0.63,0,0
0.9488,39.82423333333334,1,0.05555555555555555,0.0,0,1
0.9488,0.36583333333333334,1,0.05555555555555555,0.0,0,3
0.9488,0.0003333333333333333,1,0.05555555555555555,0.0,0,3
0.9602,3.1010166666666668,1,0.05555555555555555,0.0,0,3
0.9488,0.10216666666666667,1,0.05555555555555555,0.0,0,3
0.9193,0.08458333333333333,1,0.05555555555555555,0.0,0,3
0.9602,1.0959333333333334,1,0.05263157894736842,0.0,0,3
0.9602,2.78415,1,0.05263157894736842,0.0,0,3
0.9602,0.3656166666666667,1,0.05263157894736842,0.0,0,3
0.9488,0.08441666666666667,1,0.05263157894736842,0.0,0,3
0.9193,0.0352,1,0.05263157894736842,0.0,0,3
0.9857,4.2431833333333335,1,0.05263157894736842,0.84,0,0
0.9857,126.38733333333333,1,0.05263157894736842,0.42,0,0
0.9857,24.72061666666667,1,0.05263157894736842,0.42,0,3
0.9857,0.00031666666666666665,1,0.05263157894736842,0.42,0,3
0.9602,12.49255,1,0.05263157894736842,0.0,0,3
0.9602,0.277,1,0.05263157894736842,0.0,0,3
0.9602,2.6778166666666667,1,0.05263157894736842,0.0,0,3
0.9602,0.0002,1,0.05263157894736842,0.0,0,3
0.5814,30.61273333333333,1,0.05263157894736842,0.57,0,0
0.9442,0.6375833333333334,1,0.05263157894736842,0.53,0,0
0.9602,17.965466666666668,1,0.05263157894736842,0.0,0,1
0.9602,2.8344,1,0.05263157894736842,0.0,0,3
0.4205,2.3167833333333334,1,0.05263157894736842,0.78,0,0
0.5801,25.44973333333333,1,0.05,-0.38,0,0
0.6238,3.8939666666666666,1,0.05,0.0,0,3
0.8409,0.17136666666666667,1,0.05,-1.25,0,0
0.5471,7.317883333333333,1,0.05,1.91,0,0
0.5471,10.542783333333334,1,0.047619047619047616,1.91,0,0
0.9203,7.2274,1,0.047619047619047616,1.44,0,0
0.6238,9.375233333333334,1,0.047619047619047616,0.0,0,3
0.9193,0.0004166666666666667,1,0.047619047619047616,0.0,0,3
0.6238,0.5391666666666667,1,0.047619047619047616,0.0,0,3
0.9857,26.932333333333336,1,0.047619047619047616,0.42,0,0
0.9857,2.9810000000000003,1,0.047619047619047616,0.42,0,0
0.9402,2.943233333333333,1,0.047619047619047616,-0.12,0,0
0.9193,6.658766666666667,1,0.047619047619047616,0.0,0,3
0.7596,18.333233333333332,1,0.047619047619047616,-0.75,0,0
0.4652,36.23531666666667,1,0.045454545454545456,-1.25,0,0
0.9857,910.4359000000001,1,0.043478260869565216,0.42,0,3
0.9857,1.0956666666666666,1,0.043478260869565216,0.42,0,3
0.9857,34.42665,1,0.043478260869565216,0.42,0,3
0.9857,0.007500000000000001,1,0.043478260869565216,0.42,0,4
0.9857,0.35733333333333334,1,0.043478260869565216,0.42,0,3
0.9857,0.006883333333333333,1,0.043478260869565216,0.42,0,4
0.9857,65.29711666666667,1,0.043478260869565216,0.42,0,3
0.7596,33.55343333333333,1,0.043478260869565216,0.34,0,0
0.801,15.106866666666667,1,0.041666666666666664,0.54,0,0
0.9203,8.982733333333334,1,0.041666666666666664,1.44,0,0
0.9488,4.5499,1,0.041666666666666664,0.0,0,0
0.9193,8.9339,1,0.041666666666666664,0.0,0,0
0.9857,1.4853166666666666,1,0.041666666666666664,0.42,0,2
0.6632,0.18351666666666666,1,0.041666666666666664,1.58,0,2
0.6662,0.2659666666666667,1,0.041666666666666664,0.0,0,2
0.5576,1.4492833333333333,1,0.04,0.14,0,2
0.6662,0.0849,1,0.038461538461538464,0.0,0,2
0.9857,0.6482166666666667,1,0.038461538461538464,0.42,0,2
0.6662,0.10085000000000001,1,0.038461538461538464,0.0,0,2
0.2848,0.00045,1,0.038461538461538464,0.0,0,2
0.5576,0.0908,1,0.037037037037037035,0.14,0,2
0.4205,50.23961666666666,1,0.037037037037037035,0.78,0,0
0.5576,9.18385,1,0.037037037037037035,0.14,0,2
0.2848,0.7501,1,0.037037037037037035,0.0,0,2
0.2857,0.08385,1,0.037037037037037035,1.18,0,2
0.4443,0.18244999999999997,1,0.03571428571428571,0.0,0,2
0.2857,0.26648333333333335,1,0.034482758620689655,-0.51,0,2
0.2848,3.714,1,0.03333333333333333,0.0,0,2
0.6662,8.586,1,0.03333333333333333,0.0,0,2
0.4443,0.5838333333333333,1,0.03333333333333333,0.0,0,2
0.6632,2.9996,1,0.03333333333333333,1.58,0,2
0.6662,12.5176,1,0.03333333333333333,0.0,0,2
0.9442,55.284683333333334,1,0.03333333333333333,-2.08,0,0
0.801,0.18295,1,0.03333333333333333,0.53,0,0
0.6238,59.999316666666665,1,0.03333333333333333,0.0,0,0
0.9193,43.10006666666666,1,0.03333333333333333,0.0,0,0
0.9725,65.68599999999999,1,0.03333333333333333,-0.37,0,0
0.5814,0.7323333333333333,1,0.03333333333333333,-0.71,0,0
0.801,953.1596000000001,1,0.03333333333333333,0.0,0,0
0.9857,8.417583333333333,1,0.03333333333333333,0.0,0,0
0.6662,3.6156833333333336,1,0.03333333333333333,0.0,0,3
0.5576,0.7346333333333334,1,0.03333333333333333,0.0,0,3
0.9402,2.314916666666667,1,0.03333333333333333,0.47,0,0
0.9602,2.6844333333333332,1,0.03333333333333333,0.0,0,1
0.9602,0.28273333333333334,1,0.03333333333333333,0.0,0,3
0.9602,0.18323333333333333,1,0.03333333333333333,0.0,0,0
0.9857,0.5529666666666666,1,0.03333333333333333,0.0,0,3
0.9857,0.09711666666666667,1,0.03333333333333333,0.0,0,4
0.8409,39.53413333333333,1,0.03333333333333333,-0.13,0,0
0.5801,7.665783333333334,1,0.03333333333333333,0.0,0,0
0.4735,3.1504166666666666,1,0.03333333333333333,0.28,0,0
0.9203,5.916650000000001,1,0.03333333333333333,-0.36,0,0
0.9857,2.0337666666666667,1,0.03333333333333333,-0.42,0,3
0.3949,2.883033333333333,1,0.03333333333333333,-0.25,0,0
0.9402,0.18586666666666665,1,0.03225806451612903,-0.12,0,0
0.3949,1.8487,1,0.03225806451612903,-0.25,0,0
0.3949,0.08215,1,0.03225806451612903,-0.25,0,0
0.3717,7.899,1,0.03225806451612903,-0.66,0,0
0.4205,7.487033333333333,1,0.03125,1.33,0,0
0.9442,18.28115,1,0.03125,-1.07,0,0
0.5801,0.3770833333333333,1,0.03125,-0.57,0,0
0.3949,0.1724166666666667,1,0.03125,-0.76,0,0
0.4652,2.8691833333333334,1,0.03125,-0.51,0,0
0.3949,0.6481666666666667,1,0.03125,-0.76,0,0
0.9488,0.4668833333333334,1,0.03125,0.0,0,0
0.1379,30.98303333333333,1,0.03125,0.0,0,3
0.9193,1.7503333333333333,1,0.030303030303030304,0.0,0,3
0.9602,0.28463333333333335,1,0.030303030303030304,0.0,0,3
0.5213,0.2810833333333333,1,0.030303030303030304,0.0,0,3
0.9442,203.16758333333334,1,0.029411764705882353,-0.67,0,0
0.1428,38.78518333333333,1,0.029411764705882353,-0.66,1,3
0.9193,7.132383333333333,1,0.02857142857142857,0.0,0,3
0.9602,0.08378333333333333,1,0.02857142857142857,0.0,0,3
0.4032,0.7502666666666666,1,0.02857142857142857,6.97,0,3
0.9857,32.696999999999996,1,0.027777777777777776,-0.63,0,3
0.1379,34.00403333333333,1,0.027777777777777776,0.0,0,3
0.1379,31.550683333333332,1,0.02702702702702703,-1.03,0,3
0.9488,12.012266666666667,1,0.02631578947368421,0.0,0,3
0.9602,5.188383333333333,1,0.02631578947368421,0.0,0,3
0.9602,0.18421666666666667,1,0.02631578947368421,0.0,0,3
0.5814,905.6966333333334,1,0.02631578947368421,0.0,0,0
0.8409,2.684266666666667,1,0.02631578947368421,0.0,0,0
0.1379,9.349633333333333,1,0.02631578947368421,0.0,0,0
0.4205,15.570833333333333,1,0.02564102564102564,-0.75,0,0
0.5471,4.98125,1,0.02564102564102564,0.19,0,0
0.5471,0.09873333333333334,1,0.02564102564102564,0.19,0,0
0.5801,5.26545,1,0.02564102564102564,0.38,0,0
0.9402,1.01705,1,0.02564102564102564,0.0,0,0
0.801,6.782066666666666,1,0.02564102564102564,0.18,0,0
0.9488,109.55151666666667,1,0.02564102564102564,0.0,0,0
0.4032,199.72830000000002,1,0.02564102564102564,3.52,0,0
0.6623,11.840433333333333,1,0.02564102564102564,6.99,0,0
0.6623,0.4665666666666667,1,0.025,6.99,0,0
0.6623,0.46685,1,0.025,6.99,0,3
0.9203,2.6035166666666667,1,0.025,-1.63,0,0
0.9857,53.24805,1,0.025,-0.42,0,2
0.5801,9.832533333333334,1,0.025,0.76,0,0
0.6632,2.7998,1,0.025,-0.71,0,2
0.3949,21.283716666666667,1,0.025,-1.01,0,0
0.8409,2.6828999999999996,1,0.025,-0.9,0,0
0.4652,1.3010666666666666,1,0.025,0.77,0,0
0.9725,1.0291833333333333,1,0.025,3.35,0,0
0.4735,0.08558333333333333,1,0.025,0.28,0,0
0.801,1.9500666666666668,1,0.025,-1.42,0,0
0.5471,0.08291666666666667,1,0.025,0.19,0,0
0.5801,2.3178833333333335,1,0.025,0.76,0,0
0.9442,21.78325,1,0.025,-0.4,0,0
0.9602,0.8365833333333333,1,0.025,0.0,0,3
0.6632,16.217483333333334,1,0.025,-0.71,0,0
0.9203,21.262766666666668,1,0.025,-1.63,0,0
0.9857,912.6455000000001,1,0.025,0.0,0,3
0.9857,0.10016666666666667,1,0.025,0.0,0,3
0.9857,0.0003333333333333333,1,0.025,0.0,0,3
0.9857,0.10106666666666667,1,0.025,0.0,0,3
0.4735,0.18168333333333334,1,0.025,0.0,0,0
0.7596,5.267616666666667,1,0.025,0.0,0,0
0.6623,0.5675,1,0.025,0.0,0,0
0.3717,0.44863333333333333,1,0.025,-5.41,0,0
0.801,10.833833333333333,1,0.025,0.36,0,3
0.801,0.0002,1,0.025,0.36,0,3
0.801,0.8332666666666667,1,0.025,0.36,0,3
0.801,0.19355,1,0.025,0.36,0,3
0.801,11.391266666666667,1,0.025,0.0,0,0
0.9203,82.63278333333332,1,0.025,-0.55,0,3
0.4652,1.8673,1,0.025,2.54,0,0
0.4652,0.18371666666666667,1,0.025,2.54,0,0
0.9725,22.949166666666667,1,0.025,-1.32,0,3
0.9857,0.18331666666666668,1,0.025,0.0,0,3
0.3717,0.9435666666666667,1,0.025,-0.68,0,3
0.9602,0.2735666666666667,1,0.025,0.0,0,3
0.9488,0.08336666666666666,1,0.025,0.0,0,3
0.9602,0.8498666666666667,1,0.025,0.0,0,3
0.9193,0.5357166666666667,1,0.025,0.0,0,3
0.9602,0.23249999999999998,1,0.025,0.0,0,3
0.9602,4.998683333333333,1,0.025,0.0,0,3
0.9488,1.4844333333333333,1,0.025,0.0,0,3
0.9857,5.183000000000001,1,0.025,0.0,0,3
0.8409,3.716016666666667,1,0.025,1.42,0,0
0.5801,10.18605,1,0.025,-0.57,0,0
0.9488,0.9315666666666667,1,0.025,0.0,0,0
0.8409,0.2653166666666667,1,0.025,1.42,0,3
0.8409,0.10028333333333334,1,0.025,1.42,0,3
0.8409,0.0743,1,0.025,1.42,0,3
0.9857,0.2632333333333333,1,0.025,0.0,0,3
0.9857,95.38168333333333,1,0.025,0.0,0,3
0.9857,0.28150000000000003,1,0.025,0.0,0,3
0.9725,0.16916666666666666,1,0.025,-1.44,0,0
0.4652,4.530233333333333,1,0.025,2.54,0,0
0.9402,0.18325,1,0.025,-0.71,0,0
0.1379,1.0168000000000001,1,0.025,-3.69,0,0
0.6623,0.1832,1,0.024390243902439025,-2.9,0,0
0.6632,23.490566666666666,1,0.024390243902439025,-0.72,0,0
0.9857,30.011683333333334,1,0.024390243902439025,-0.64,0,0
0.6238,7.0316,1,0.024390243902439025,0.0,0,0
0.9193,0.18311666666666668,1,0.024390243902439025,0.0,0,0
0.9602,1.2999833333333333,1,0.024390243902439025,0.0,0,3
0.9488,0.1831,1,0.024390243902439025,0.0,0,3
0.9602,1.4850833333333333,1,0.024390243902439025,0.0,0,3
0.7596,18.217233333333336,1,0.024390243902439025,2.3,0,0
0.3949,5.826350000000001,1,0.023809523809523808,-1.28,0,3
0.714,0.3715,1,0.023809523809523808,0.0,0,3
0.6238,0.18398333333333333,1,0.023255813953488372,0.0,0,0
0.9602,0.4670166666666667,1,0.023255813953488372,0.0,0,0
0.9602,5.4505,1,0.023255813953488372,0.0,0,0
0.7596,0.18244999999999997,1,0.023255813953488372,0.0,0,0
0.9488,6.86675,1,0.022727272727272728,0.0,0,0
0.7596,3.5351,1,0.022727272727272728,0.0,0,0
0.5213,0.4325333333333334,1,0.022727272727272728,0.0,0,0
0.5213,29.08425,1,0.022727272727272728,0.0,0,0
0.7596,3.5145,1,0.022727272727272728,0.0,0,0
0.7596,0.9164166666666667,1,0.022222222222222223,0.0,0,0
0.1379,16.5174,1,0.021739130434782608,2.85,0,3
0.714,2.6843,1,0.021739130434782608,0.0,0,0
0.7596,9.083133333333334,1,0.021739130434782608,0.0,0,0
0.9193,24.150333333333332,1,0.02127659574468085,0.0,0,0
0.9488,28.8338,1,0.02127659574468085,0.0,0,0
0.7596,9.8161,1,0.02127659574468085,0.0,0,0
0.7596,0.18325,1,0.020833333333333332,0.0,0,0
0.7596,0.3687333333333333,1,0.020833333333333332,0.0,0,0
0.9488,0.7313500000000001,1,0.02040816326530612,0.0,0,0
0.7596,8.150033333333333,1,0.02040816326530612,0.0,0,0
0.7596,0.18491666666666667,1,0.02040816326530612,0.0,0,0
0.9602,12.8652,1,0.02040816326530612,0.0,0,3
0.9488,0.4777166666666667,1,0.02040816326530612,0.0,0,1
0.9602,4.855483333333334,1,0.02040816326530612,0.0,0,3
0.9488,16815.625233333332,1,0.02040816326530612,0.0,0,0
0.4032,0.23623333333333332,1,0.02040816326530612,0.05,0,0
0.7596,0.18283333333333335,1,0.02040816326530612,2.38,0,0
0.9193,1.6682666666666668,1,0.02,0.0,0,0
0.9193,5.448449999999999,1,0.02,0.0,0,0
0.5471,0.28415,1,0.02,0.19,0,0
0.9488,2.86645,1,0.02,0.0,0,0
0.9488,21.24925,1,0.02,0.0,0,0
0.4951,0.36748333333333333,1,0.02,0.0,0,0
0.7596,0.10036666666666667,1,0.02,0.0,0,0
0.4951,0.18405,1,0.0196078431372549,0.0,0,0
0.7596,1.8487333333333333,1,0.0196078431372549,0.0,0,0
0.7596,8.149966666666666,1,0.0196078431372549,0.0,0,0
0.7596,3.315916666666667,1,0.0196078431372549,0.0,0,0
0.9488,33.2344,1,0.0196078431372549,0.0,0,0
0.9488,0.10063333333333334,1,0.0196078431372549,0.0,0,1
0.9488,0.08288333333333334,1,0.0196078431372549,0.0,0,3
0.9488,0.00023333333333333333,1,0.0196078431372549,0.0,0,3
0.9488,0.0002,1,0.0196078431372549,0.0,0,3
0.9488,0.3669,1,0.0196078431372549,0.0,0,3
0.7596,0.46615,1,0.0196078431372549,-0.6,0,0
0.9203,0.46648333333333336,1,0.019230769230769232,0.19,0,0
0.9488,11.017416666666666,1,0.019230769230769232,0.0,0,0
0.9488,3.1171,1,0.019230769230769232,0.0,0,3
0.9488,0.10003333333333334,1,0.019230769230769232,0.0,0,3
0.9488,0.09980000000000001,1,0.019230769230769232,0.0,0,3
0.714,0.18235,1,0.019230769230769232,0.0,0,0
0.9602,0.6352,1,0.019230769230769232,0.0,0,3
0.6238,0.09843333333333333,1,0.019230769230769232,0.0,0,3
0.9488,0.0996,1,0.019230769230769232,0.0,0,3
0.9488,14.58595,1,0.019230769230769232,0.0,0,0
0.9488,17.315083333333334,1,0.019230769230769232,0.0,0,0
0.714,55.69949999999999,1,0.019230769230769232,0.0,0,0
0.7596,2.133983333333333,1,0.019230769230769232,0.0,0,0
0.9602,21.683733333333333,1,0.019230769230769232,0.0,0,0
0.9488,5.731949999999999,1,0.019230769230769232,0.0,0,0
0.9488,6.717933333333334,1,0.019230769230769232,0.0,0,3
0.9488,0.08306666666666666,1,0.019230769230769232,0.0,0,0
0.9857,6.850849999999999,1,0.019230769230769232,0.44,0,0
0.9193,5.9321,1,0.019230769230769232,0.0,0,3
0.9488,3.619466666666667,1,0.019230769230769232,0.0,0,0
0.801,10.4657,1,0.019230769230769232,1.28,0,0
0.9442,0.2660666666666667,1,0.019230769230769232,-1.21,0,0
0.801,11.665866666666666,1,0.019230769230769232,1.28,0,0
0.9488,0.26585000000000003,1,0.019230769230769232,0.0,0,3
0.9488,3.26715,1,0.019230769230769232,0.0,0,0
0.9857,6.102816666666667,1,0.019230769230769232,2.65,0,0
0.9488,15.813366666666667,1,0.019230769230769232,0.0,0,0
0.9442,23.617916666666666,1,0.019230769230769232,-1.35,0,3
0.9857,3.5335166666666664,1,0.019230769230769232,2.21,0,3
0.9488,25.348200000000002,1,0.019230769230769232,0.0,0,3
0.9602,2.9014,1,0.019230769230769232,0.0,0,3
0.9857,0.38416666666666666,1,0.019230769230769232,2.21,0,2
0.9857,0.26633333333333337,1,0.019230769230769232,2.21,0,3
0.714,8.248916666666666,1,0.019230769230769232,0.0,0,3
0.6238,31.616983333333334,1,0.019230769230769232,0.0,0,0
0.6238,30.752299999999998,1,0.019230769230769232,0.0,0,3
0.9488,0.266,1,0.019230769230769232,0.0,0,3
0.3717,1.3986666666666667,1,0.019230769230769232,0.71,0,3
0.7596,0.2680666666666667,1,0.019230769230769232,0.0,0,0
0.7596,1.0336,1,0.018867924528301886,0.0,0,0
0.9725,994.9392166666668,1,0.018867924528301886,0.49,0,3
0.9725,0.00028333333333333335,1,0.018867924528301886,0.49,0,3
0.9725,0.0002666666666666667,1,0.018867924528301886,0.49,0,3
0.9725,0.7441666666666666,1,0.018867924528301886,0.49,0,3
0.9725,0.17173333333333335,1,0.018867924528301886,0.49,0,3
0.9725,0.00031666666666666665,1,0.018867924528301886,0.49,0,3
0.9725,3.151483333333333,1,0.018867924528301886,0.49,0,3
0.9725,0.18193333333333334,1,0.018867924528301886,0.49,0,3
0.9488,15.8009,1,0.018867924528301886,0.0,0,0
0.9488,0.5495833333333333,1,0.018867924528301886,0.0,0,0
0.9488,9.69595,1,0.018867924528301886,0.0,0,1
0.9488,0.27235000000000004,1,0.018867924528301886,0.0,0,3
0.9203,0.1819,1,0.018867924528301886,0.37,0,0
0.7596,2.216,1,0.018867924528301886,0.35,0,3
0.9857,59.10411666666666,1,0.018518518518518517,-0.43,0,3
0.9857,0.36369999999999997,1,0.018518518518518517,-0.43,0,3
0.9857,0.28295,1,0.018518518518518517,-0.43,0,3
0.9857,0.00021666666666666666,1,0.018518518518518517,-0.43,0,3
0.9857,0.00016666666666666666,1,0.018518518518518517,-0.43,0,3
0.9203,1.4907833333333333,1,0.018518518518518517,0.19,0,3
0.9857,15.108883333333333,1,0.018518518518518517,-0.65,0,3
0.9203,2.401683333333333,1,0.018518518518518517,0.0,0,3
0.9857,2.7012333333333336,1,0.018518518518518517,-0.65,0,3
0.9857,15.647516666666666,1,0.018518518518518517,-0.65,0,3
0.9857,13.967166666666666,1,0.018518518518518517,-0.65,0,3
0.9725,14.387699999999999,1,0.018518518518518517,0.12,0,3
0.9725,0.00025,1,0.018518518518518517,0.12,0,3
0.9488,0.9779833333333333,1,0.018518518518518517,0.0,0,0
0.9442,45.28301666666667,1,0.018518518518518517,0.0,0,0
0.9857,33.17135,1,0.018518518518518517,-1.08,0,3
0.9857,0.43533333333333335,1,0.018518518518518517,-1.08,0,3
0.9488,0.6596833333333334,1,0.018518518518518517,0.0,0,0
0.9602,18.068516666666667,1,0.018518518518518517,0.0,0,3
0.4205,27.532899999999998,1,0.018518518518518517,6.97,0,3
0.3717,0.10078333333333332,1,0.018518518518518517,0.0,0,3
0.5471,47.432516666666665,1,0.018518518518518517,3.38,0,0
0.8322,42.03596666666667,1,0.018518518518518517,0.24,0,3
0.8322,0.09975,1,0.01818181818181818,0.24,0,3
0.8322,0.08333333333333333,1,0.01818181818181818,0.0,0,3
0.8322,0.00135,1,0.017857142857142856,0.0,0,3
0.8322,0.18226666666666666,1,0.017857142857142856,0.0,0,3
0.8322,0.09933333333333333,1,0.017543859649122806,0.0,0,3
0.9513,16.136216666666666,1,0.017543859649122806,0.0,0,3
0.9513,0.2796,1,0.017241379310344827,0.0,0,3
0.9513,0.18278333333333335,1,0.017241379310344827,0.0,0,3
0.9513,5.985883333333334,1,0.017241379310344827,0.0,0,3
0.3949,30.19568333333333,1,0.017241379310344827,3.32,0,0
0.9513,9.520766666666667,1,0.017241379310344827,0.0,0,3
0.9513,0.09961666666666667,1,0.017241379310344827,0.0,0,3
0.1379,2.9490333333333334,1,0.017241379310344827,6.95,0,3
0.9402,0.09951666666666667,1,0.017241379310344827,0.0,0,0
0.9857,0.5506833333333333,1,0.017241379310344827,-0.87,0,0
0.9857,3.9998833333333335,1,0.017241379310344827,-0.87,0,0
0.9857,1.9344333333333334,1,0.017241379310344827,-0.87,0,0
0.9193,37.649366666666666,1,0.017241379310344827,0.0,0,1
0.9193,0.10991666666666666,1,0.017241379310344827,0.0,0,3
0.9193,0.0002666666666666667,1,0.017241379310344827,0.0,0,3
0.9193,0.07356666666666666,1,0.017241379310344827,0.0,0,3
0.9193,0.1007,1,0.017241379310344827,0.0,0,3
0.9857,912.4444166666667,1,0.017241379310344827,-0.87,0,3
0.9203,6.850116666666667,1,0.017241379310344827,0.0,0,3
0.9857,0.19895,1,0.017241379310344827,0.0,0,3
0.4735,10.600766666666667,1,0.017241379310344827,0.0,0,3
0.9203,0.0010166666666666666,1,0.017241379310344827,0.0,0,3
0.5814,0.31168333333333337,1,0.017241379310344827,0.0,0,3
0.1379,1.2539333333333333,1,0.017241379310344827,0.0,0,3
0.1379,0.73365,1,0.01694915254237288,0.0,0,3
0.5814,5.2832333333333334,1,0.016666666666666666,0.42,0,0
0.9442,2.4999833333333332,1,0.016666666666666666,0.27,0,0
0.9857,18.332733333333334,1,0.016666666666666666,0.22,0,0
0.4735,0.18308333333333332,1,0.016666666666666666,0.3,0,0
0.6238,1.5026000000000002,1,0.016666666666666666,0.0,0,0
0.4205,0.16423333333333331,1,0.016666666666666666,0.14,0,0
0.7596,1.1225999999999998,1,0.016666666666666666,1.16,0,3
0.1379,42.87788333333333,1,0.016666666666666666,-0.52,0,3
0.714,0.18308333333333332,1,0.01639344262295082,0.0,0,0
0.8409,2.7895,1,0.01639344262295082,1.05,0,0
0.9857,3.4121333333333337,1,0.01639344262295082,0.0,0,3
0.714,16.733833333333333,1,0.01639344262295082,0.0,0,0
0.5814,1.0833666666666666,1,0.01639344262295082,1.96,0,3
0.7596,2.1998,1,0.01639344262295082,-2.09,0,0
0.9857,26.850183333333334,1,0.01639344262295082,0.0,0,3
0.9857,1.2177666666666667,1,0.01639344262295082,0.0,0,3
0.9857,0.00031666666666666665,1,0.01639344262295082,0.0,0,3
0.9857,0.08625,1,0.01639344262295082,0.0,0,3
0.9857,0.00035,1,0.01639344262295082,0.0,0,3
0.9857,5.645466666666667,1,0.01639344262295082,0.0,0,3
0.9857,0.18311666666666668,1,0.01639344262295082,0.0,0,3
0.9857,5.4668,1,0.01639344262295082,0.22,0,3
0.9857,0.08226666666666667,1,0.01639344262295082,0.22,0,3
0.9602,28.92005,1,0.01639344262295082,0.0,0,1
0.9602,0.24613333333333334,1,0.01639344262295082,0.0,0,3
0.9488,0.18278333333333335,1,0.01639344262295082,0.0,0,3
0.9602,1.2171833333333335,1,0.01639344262295082,0.0,0,3
0.9602,0.0006333333333333333,1,0.01639344262295082,0.0,0,3
0.9193,0.08801666666666666,1,0.01639344262295082,0.0,0,3
0.9602,0.3613166666666666,1,0.01639344262295082,0.0,0,3
0.6238,0.0006833333333333333,1,0.01639344262295082,0.0,0,3
0.9203,1.1159333333333334,1,0.01639344262295082,-0.75,0,0
0.9602,7.450833333333334,1,0.01639344262295082,0.0,0,3
0.9602,1.4831,1,0.01639344262295082,0.0,0,3
0.9602,0.6539166666666667,1,0.01639344262295082,0.0,0,3
0.9602,0.0801,1,0.01639344262295082,0.0,0,3
0.9488,0.0006666666666666666,1,0.01639344262295082,0.0,0,3
0.9602,2.7994833333333333,1,0.01639344262295082,0.0,0,3
0.9602,1.201,1,0.01639344262295082,0.0,0,3
0.9602,0.26826666666666665,1,0.01639344262295082,0.0,0,3
0.9602,46.01408333333333,1,0.01639344262295082,0.0,0,3
0.9602,0.5498666666666666,1,0.01639344262295082,0.0,0,3
0.9488,1.3828,1,0.01639344262295082,0.0,0,3
0.3717,0.5682333333333334,1,0.01639344262295082,0.0,0,3
0.9602,0.08383333333333334,1,0.01639344262295082,0.0,0,0
0.801,0.54955,1,0.01639344262295082,0.18,0,0
0.9193,8.0345,1,0.01639344262295082,0.0,0,0
0.9488,0.46641666666666665,1,0.01639344262295082,0.0,0,0
0.8409,1.1984,1,0.01639344262295082,-0.13,0,0
0.5801,0.09973333333333333,1,0.01639344262295082,0.38,0,0
0.4652,0.26791666666666664,1,0.01639344262295082,0.4,0,0
0.5801,0.36596666666666666,1,0.01639344262295082,0.38,0,0
0.9725,0.00031666666666666665,1,0.01639344262295082,3.06,0,0
0.9402,7.999216666666666,1,0.01639344262295082,-0.93,0,0
0.9193,2.3169666666666666,1,0.01639344262295082,0.0,0,0
0.9602,7.118166666666666,1,0.01639344262295082,0.0,0,3
0.9857,0.5833166666666667,1,0.01639344262295082,0.0,0,3
0.9602,3.2154499999999997,1,0.01639344262295082,0.0,0,3
0.9857,0.0005333333333333334,1,0.01639344262295082,0.0,0,3
0.9442,1.1672,1,0.01639344262295082,-1.1,0,3
0.9857,3.1987333333333337,1,0.01639344262295082,0.0,0,0
0.9602,8.100016666666667,1,0.01639344262295082,0.0,0,3
0.9602,0.00025,1,0.01639344262295082,0.0,0,3
0.9602,4.383833333333333,1,0.01639344262295082,0.0,0,3
0.9602,0.09998333333333333,1,0.01639344262295082,0.0,0,3
0.9602,3.7004499999999996,1,0.01639344262295082,0.0,0,3
0.9857,0.36606666666666665,1,0.01639344262295082,0.44,0,3
0.9203,7.4101333333333335,1,0.01639344262295082,-1.31,0,3
0.9857,2.2908166666666667,1,0.01639344262295082,-0.22,0,3
0.9857,0.09913333333333334,1,0.01639344262295082,-0.22,0,4
0.9442,7.586250000000001,1,0.01639344262295082,-1.23,0,3
0.9442,0.74805,1,0.01639344262295082,-1.23,0,3
0.9442,0.08578333333333334,1,0.01639344262295082,-1.23,0,3
0.9442,0.5563333333333333,1,0.01639344262295082,-1.23,0,3
0.9442,0.19240000000000002,1,0.01639344262295082,-1.23,0,3
0.9402,24.797383333333336,1,0.01639344262295082,-1.4,0,3
0.9402,0.0002666666666666667,1,0.01639344262295082,-1.4,0,3
0.9402,0.08256666666666666,1,0.01639344262295082,-1.4,0,3
0.9402,0.28565,1,0.01639344262295082,-1.4,0,3
0.5814,1.0145,1,0.01639344262295082,1.26,0,0
0.9442,0.46649999999999997,1,0.01639344262295082,-1.23,0,0
0.9488,0.7331833333333333,1,0.01639344262295082,0.0,0,0
0.9857,2.1324666666666667,1,0.01639344262295082,-0.22,0,3
0.9857,0.28508333333333336,1,0.01639344262295082,-0.22,0,3
0.9203,0.08335000000000001,1,0.01639344262295082,-0.75,0,3
0.9203,0.19706666666666667,1,0.01639344262295082,-0.75,0,3
0.9725,0.08525,1,0.01639344262295082,3.79,0,3
0.8322,0.4669333333333333,1,0.01639344262295082,0.0,0,3
0.9725,0.00028333333333333335,1,0.016129032258064516,3.79,0,3
0.8322,4.066583333333333,1,0.016129032258064516,0.0,0,3
0.9488,3.0507666666666666,1,0.016129032258064516,0.0,0,0
0.9203,6.4826500000000005,1,0.016129032258064516,-0.75,0,0
0.714,99.39944999999999,1,0.016129032258064516,0.0,0,0
0.9602,0.08664999999999999,1,0.016129032258064516,0.0,0,3
0.9488,0.08224999999999999,1,0.016129032258064516,0.0,0,0
0.9602,0.2838833333333334,1,0.016129032258064516,0.0,0,3
0.9602,0.4668,1,0.016129032258064516,0.0,0,3
0.9602,0.08349999999999999,1,0.016129032258064516,0.0,0,3
0.9602,0.09943333333333333,1,0.016129032258064516,0.0,0,3
0.1379,0.733,1,0.016129032258064516,15.0,0,3
0.9488,3.9004833333333333,1,0.015873015873015872,0.0,0,0
0.9857,13.133166666666666,1,0.015873015873015872,-0.22,0,3
0.9857,0.0003,1,0.015873015873015872,-0.22,0,0
0.9602,0.46575,1,0.015873015873015872,0.0,0,3
0.9203,0.45006666666666667,1,0.015873015873015872,-0.75,0,3
0.8409,0.28295,1,0.015873015873015872,-1.71,0,0
0.7596,0.09956666666666666,0,0.0,0.0,0,0
0.7596,0.7569166666666667,0,0.0,0.0,0,0
0.3243,12654.544066666665,0,0.0,0.0,0,1
0.3243,0.0002666666666666667,0,0.0,0.0,0,3
0.3243,0.09396666666666667,0,0.0,0.0,0,3
0.3243,0.00028333333333333335,0,0.0,0.0,0,3
0.7596,0.09956666666666666,0,0.0,-0.75,0,0
0.7596,0.09956666666666666,1,0.0,0.0,0,3
0.7596,1.3947166666666668,1,0.0,0.0,0,1
0.7596,0.09303333333333333,1,0.0,0.0,0,3
0.7596,0.09291666666666668,1,0.0,0.0,0,1
0.7596,0.0002,1,0.0,0.0,0,3
0.7596,0.00015,1,0.0,0.0,0,1
0.7596,0.09263333333333333,1,0.0,0.0,0,1
0.7596,0.00015,1,0.0,0.0,0,3
0.7596,0.00016666666666666666,1,0.0,0.0,0,3
0.7596,0.00013333333333333334,1,0.0,0.0,0,1
0.7596,0.09265,1,0.0,0.0,0,3
0.7596,0.0002666666666666667,1,0.0,0.0,0,1
0.7596,0.09276666666666666,1,0.0,0.0,0,3
0.911,0.00016666666666666666,1,0.0,0.0,0,1
0.911,0.09278333333333334,1,0.0,0.0,0,3
0.7596,201.2201,1,0.0,0.0,0,3
0.2421,1.4861499999999999,1,0.0,0.0,0,3
0.2421,0.3725333333333333,1,0.0,0.0,0,3
0.2421,0.2793333333333334,1,0.0,0.0,0,4
0.2421,0.27914999999999995,1,0.1,0.0,0,3
0.7596,0.9810833333333334,1,0.1,0.0,0,1
0.7596,0.00013333333333333334,1,0.09090909090909091,0.0,0,3
0.7596,0.0928,1,0.09090909090909091,0.0,0,1
0.7596,0.00015,1,0.09090909090909091,0.0,0,3
0.7596,0.00013333333333333334,1,0.09090909090909091,0.0,0,1
0.7596,0.1575666666666667,1,0.09090909090909091,0.0,0,3
0.7596,0.38963333333333333,1,0.09090909090909091,0.0,0,1
0.7596,0.00015,1,0.08333333333333333,0.0,0,3
0.1416,0.18596666666666667,1,0.08333333333333333,0.0,0,1
0.1416,0.00018333333333333334,1,0.07692307692307693,0.0,0,3
0.7596,0.00015,1,0.07692307692307693,0.0,0,1
0.7596,0.0926,1,0.07142857142857142,0.0,0,3
0.7596,0.00013333333333333334,1,0.07142857142857142,0.0,0,1
0.7596,0.09286666666666667,1,0.06666666666666667,0.0,0,3
0.7596,0.00013333333333333334,1,0.06666666666666667,0.0,0,1
0.7596,0.00011666666666666667,1,0.0625,0.0,0,3
0.7596,0.0001,1,0.0625,0.0,0,1
0.7596,0.09295,1,0.058823529411764705,0.0,0,3
0.7596,0.00018333333333333334,1,0.058823529411764705,0.0,0,1
0.7596,0.00015,1,0.05555555555555555,0.0,0,3
0.7596,0.30656666666666665,1,0.05555555555555555,0.0,0,3
0.7596,0.00015,1,0.05263157894736842,0.0,0,1
0.7596,0.09255,1,0.05263157894736842,0.0,0,3
0.7596,0.09256666666666667,1,0.05263157894736842,0.0,0,1
0.7596,0.5576166666666666,1,0.05,0.0,0,3
0.7596,16.89143333333333,1,0.05,0.0,0,1
0.7596,1.5719666666666667,1,0.05,0.0,0,1
0.7596,0.0001,1,0.05,0.0,0,3
0.7596,6.666666666666667e-05,1,0.05,0.0,0,1
0.7596,6.666666666666667e-05,1,0.05,0.0,0,3
0.7596,0.18525,1,0.05,0.0,0,3
0.7596,8.333333333333333e-05,1,0.05,0.0,0,3
0.7596,8.333333333333333e-05,1,0.05,0.0,0,3
0.7596,0.36583333333333334,1,0.05,0.0,0,3
0.7596,0.09255,1,0.05,0.0,0,1
0.7596,0.18498333333333333,1,0.05,0.0,0,3
0.7596,0.8364666666666667,1,0.05,0.0,0,1
0.7596,0.0002666666666666667,1,0.05,0.0,0,3
0.7596,19.99745,1,0.05,0.0,0,3
0.7596,0.00016666666666666666,1,0.047619047619047616,0.0,0,3
0.7596,0.00013333333333333334,1,0.047619047619047616,0.0,0,3
0.7596,0.00013333333333333334,1,0.047619047619047616,0.0,0,3
0.7596,4.184733333333333,1,0.047619047619047616,0.0,0,3
0.1379,0.09308333333333334,1,0.047619047619047616,0.0,0,3
0.1379,0.00023333333333333333,1,0.045454545454545456,0.0,0,3
0.7596,1.3985166666666666,1,0.045454545454545456,0.0,0,3
0.7596,0.18558333333333332,1,0.043478260869565216,0.0,0,3
0.7596,8.333333333333333e-05,1,0.043478260869565216,0.0,0,3
0.7596,0.00023333333333333333,1,0.043478260869565216,0.0,0,3
0.7596,0.5574833333333333,1,0.043478260869565216,0.0,0,3
0.7596,0.0001,1,0.043478260869565216,0.0,0,3
0.7596,0.00016666666666666666,1,0.043478260869565216,0.0,0,3
0.7596,0.74375,1,0.043478260869565216,0.0,0,3
0.7596,0.9578833333333333,1,0.043478260869565216,0.0,0,3
0.1379,1.44095,1,0.041666666666666664,0.0,0,3
0.7596,975.3281666666667,1,0.041666666666666664,0.0,0,3
0.7596,1.11625,1,0.041666666666666664,0.0,0,3
0.7596,15.522066666666666,1,0.041666666666666664,0.0,0,1
0.7596,0.18603333333333336,1,0.041666666666666664,0.0,0,3
0.7596,0.6492833333333333,1,0.041666666666666664,0.0,0,3
0.7596,10420.913866666668,1,0.04,0.0,0,3
0.1416,38744.0767,1,0.04,0.0,0,3
0.9509,50433.994249999996,1,0.04,0.24,0,3
0.9509,0.0004,1,0.038461538461538464,0.24,0,3
0.9509,0.09243333333333334,1,0.038461538461538464,0.24,0,3
0.9509,0.0004166666666666667,1,0.038461538461538464,0.24,0,3
0.9509,0.09218333333333333,1,0.038461538461538464,0.24,0,3
0.9509,0.18613333333333332,1,0.038461538461538464,0.24,0,3
0.2421,47.82148333333334,1,0.038461538461538464,-1.9,0,3
0.7059,0.27918333333333334,1,0.038461538461538464,-0.74,0,3
0.7191,18.146250000000002,1,0.037037037037037035,-0.53,0,3
0.7191,0.09171666666666667,1,0.03571428571428571,-0.53,0,3
0.911,0.6512166666666667,1,0.03571428571428571,0.0,0,1
0.911,0.0003333333333333333,1,0.03571428571428571,0.0,0,3
0.911,0.00016666666666666666,1,0.03571428571428571,0.0,0,3
0.911,0.0002,1,0.03571428571428571,0.0,0,3
0.911,0.09226666666666666,1,0.03571428571428571,0.0,0,3
0.1416,10.513533333333333,1,0.03571428571428571,0.0,0,3
0.1379,0.09185,1,0.03571428571428571,0.0,0,3
0.1379,1.3022,1,0.034482758620689655,0.0,0,3
0.2421,13.15415,1,0.034482758620689655,-1.9,0,3
0.9509,14.804599999999999,1,0.034482758620689655,6.98,1,3
0.9509,0.00028333333333333335,1,0.03333333333333333,6.98,1,3
0.9509,0.00016666666666666666,1,0.03333333333333333,6.98,1,3
0.9509,0.18541666666666667,1,0.03333333333333333,6.98,1,3
0.9509,0.00036666666666666667,1,0.03333333333333333,6.98,1,3
0.9509,0.2796,1,0.03333333333333333,6.98,1,3
0.7596,0.09956666666666666,0,0.0,0.0,0,0
0.7596,4538.997733333334,0,0.0,0.0,0,0
0.7596,0.09956666666666666,1,0.0,-0.37,0,3
0.7596,0.00035,1,0.0,-0.37,0,3
0.7596,0.083,1,0.0,-0.37,0,3
0.7596,0.00035,1,0.0,-0.37,0,3
0.7596,0.5663166666666667,1,0.0,-0.37,0,3
0.9678,0.18323333333333333,1,0.0,0.0,0,3
0.9678,0.08335000000000001,1,0.0,0.0,0,3
0.9678,0.0004,1,0.0,0.0,0,3
0.9678,0.1996666666666667,1,0.0,0.0,0,3
0.7596,1.7502166666666668,1,0.0,-0.77,0,3
0.2958,49.71876666666667,1,0.0,-1.76,0,3
0.2958,0.0005,1,0.0,-1.76,0,3
0.7596,15897.6373,1,0.0,0.0,0,0
0.7596,0.18345,1,0.0,0.0,0,0
0.7596,0.18326666666666666,1,0.0,0.0,0,0
0.7596,0.4656666666666667,1,0.0,0.0,0,0
0.7596,0.28348333333333336,1,0.0,0.0,0,0
0.7596,0.18321666666666667,1,0.0,0.0,0,0
0.7596,0.2667,1,0.0,0.0,0,0
0.7596,3.7177000000000002,1,0.0,0.0,0,0
0.9057,1.0991166666666667,1,0.0,-1.09,0,0
0.7596,0.18388333333333332,1,0.0,-1.7,0,0
0.7596,3.9667666666666666,1,0.0,0.0,0,0
0.7596,1.20005,1,0.0,0.0,0,0
0.7596,0.18281666666666666,1,0.0,0.0,0,0
0.7596,0.28331666666666666,1,0.0,0.0,0,0
0.9678,5565.414833333333,1,0.0,-0.22,0,0
0.9678,1.0992,1,0.0,-0.22,0,3
0.1379,0.38458333333333333,1,0.0,0.0,0,3
0.9678,0.08264999999999999,1,0.0,-0.22,0,3
0.9678,0.18273333333333333,1,0.0,-0.22,0,3
0.9678,0.46676666666666666,1,0.0,-0.22,0,3
0.9057,4.433833333333333,1,0.0,0.36,0,3
0.9057,35.468266666666665,1,0.0,0.36,0,3
0.9678,1352.03145,1,0.0,-0.22,0,3
0.9678,139.88828333333333,1,0.0,-0.22,0,3
0.9678,0.09971666666666666,1,0.0,-0.22,0,3
0.2958,1315.18275,1,0.0,1.18,0,0
0.2958,0.4669,1,0.0,1.18,0,0
0.2958,55.045899999999996,1,0.0,0.0,0,0
0.7596,0.09956666666666666,0,0.0,0.0,0,3
0.7596,1209.4654,0,0.0,0.0,0,3
0.7596,1.4854999999999998,0,0.0,0.0,0,3
0.7596,0.0006833333333333333,0,0.0,0.0,0,3
0.7596,0.09223333333333333,0,0.0,0.0,0,3
0.7596,0.37228333333333335,0,0.0,0.0,0,4
0.7596,272.17105000000004,0,0.3333333333333333,0.0,0,3
0.7596,0.0003333333333333333,0,0.25,0.0,0,3
0.7596,6.666666666666667e-05,0,0.25,0.0,0,3
0.7596,0.00055,0,0.25,0.0,0,3
0.7596,0.09081666666666667,0,0.25,0.0,0,3
0.7596,0.09956666666666666,0,0.0,-0.43,0,3
0.7596,0.18583333333333335,0,0.0,-0.43,0,3
0.7596,0.18748333333333334,0,0.0,-0.76,0,3
0.7596,0.1852,0,0.0,-0.76,0,0
0.7596,0.09956666666666666,0,0.0,0.0,0,3
0.7596,0.00013333333333333334,0,0.0,0.0,0,3
0.7596,15.137533333333332,0,0.0,0.0,0,3
0.7596,1.6666666666666667e-05,0,0.0,0.0,0,3
0.7596,0.12425,0,0.0,0.0,0,3
0.7596,0.00011666666666666667,0,0.0,0.0,0,3
0.7596,0.5431333333333334,0,0.0,0.0,0,3
0.7596,3.3333333333333335e-05,0,0.0,0.0,0,3
0.7596,0.8909333333333334,0,0.0,0.0,0,3
0.7596,0.18403333333333333,0,0.0,0.0,0,3
0.7596,0.01795,0,0.0,0.0,0,3
0.7596,0.016916666666666667,0,0.0,0.0,0,3
0.7596,0.030000000000000002,0,0.0,0.0,0,3
0.7596,0.0001,0,0.0,0.0,0,3
0.8484,0.09956666666666666,1,0.0,-3.3,0,3
0.8484,0.18353333333333335,1,0.0,-3.3,0,4
0.4965,69.78385,1,1.0,0.99,0,3
0.4965,0.0829,1,0.5,0.99,0,4
0.4965,0.28341666666666665,1,1.0,0.99,0,3
0.4965,0.0836,1,1.0,0.99,0,4
0.1379,12.967600000000001,1,1.0,0.0,0,0
0.4175,200.25086666666667,1,0.6666666666666666,0.42,0,3
0.4175,0.00015,1,0.5,0.42,0,0
0.4175,0.08296666666666666,1,0.5,0.42,0,0
0.4175,48.70053333333333,1,0.5,0.42,0,3
0.4175,0.09996666666666668,1,0.5,0.42,0,3
0.2345,0.26798333333333335,1,0.5,0.0,0,3
0.2345,0.00011666666666666667,1,0.4,0.0,0,3
0.2345,8.333333333333333e-05,1,0.4,0.0,0,1
0.2345,0.09866666666666667,1,0.4,0.0,0,1
0.2345,0.00011666666666666667,1,0.4,0.0,0,3
0.2345,1.6666666666666667e-05,1,0.4,0.0,0,0
0.2345,0.08339999999999999,1,0.4,0.0,0,3
0.2345,29.2672,1,0.4,0.0,0,1
0.2345,0.08276666666666667,1,0.4,0.0,0,0
0.2345,0.09986666666666667,1,0.4,0.0,0,3
0.2345,0.0838,1,0.4,0.0,0,3
0.1379,0.0996,1,0.4,-0.19,0,3
0.2345,0.0001,1,0.3333333333333333,0.0,0,3
0.1379,0.10063333333333334,1,0.3333333333333333,-0.19,0,3
0.1379,1.0991333333333333,1,0.3333333333333333,-0.19,0,3
0.5342,5.466399999999999,1,0.3333333333333333,0.0,0,2
0.1895,0.18355,1,0.2857142857142857,0.53,0,2
0.2857,0.10016666666666667,1,0.25,0.6,0,2
0.3795,18.600199999999997,1,0.2222222222222222,0.0,0,3
0.1379,0.0003333333333333333,1,0.2,0.0,0,3
0.1379,0.18276666666666666,1,0.18181818181818182,0.0,0,3
0.7467,0.0001,1,0.16666666666666666,0.14,0,2
0.2857,0.1,1,0.15384615384615385,0.69,0,2
0.2857,0.08341666666666667,1,0.14285714285714285,-0.4,0,2
0.2857,22.2335,1,0.13333333333333333,0.34,0,2
0.6093,0.3667166666666667,1,0.125,0.0,0,2
0.2857,0.08351666666666667,1,0.11764705882352941,0.0,0,2
0.2857,0.0868,1,0.1111111111111111,0.0,0,2
0.3795,1.5298666666666667,1,0.10526315789473684,0.0,0,3
0.3795,0.09978333333333333,1,0.10526315789473684,0.0,0,3
0.4175,0.36646666666666666,1,0.10526315789473684,0.42,0,3
0.1379,0.09978333333333333,1,0.10526315789473684,-0.96,0,3
0.1379,0.184,1,0.1,5.97,0,3
0.1379,0.08305,1,0.09523809523809523,-1.57,0,3
0.537,2.883366666666667,1,0.09090909090909091,0.0,0,3
0.537,0.0002,1,0.08695652173913043,0.0,0,3
0.537,0.0003333333333333333,1,0.08695652173913043,0.0,0,3
0.537,0.00013333333333333334,1,0.08695652173913043,0.0,0,3
0.537,0.0826,1,0.08695652173913043,0.0,0,3
0.537,0.18338333333333334,1,0.08695652173913043,0.0,0,3
0.537,0.00011666666666666667,1,0.08695652173913043,0.0,0,3
0.537,3.9835333333333334,1,0.08695652173913043,0.0,0,3
0.3795,1.6666833333333335,1,0.08695652173913043,0.0,0,0
0.4175,1.84975,1,0.08695652173913043,0.42,0,3
0.1379,0.10003333333333334,1,0.08695652173913043,1.44,0,3
0.4175,14.433666666666666,1,0.08695652173913043,0.42,0,3
0.4175,0.09961666666666667,1,0.08695652173913043,0.42,0,0
0.6093,1.0170333333333332,1,0.08695652173913043,0.0,0,3
0.6093,0.00015,1,0.08695652173913043,0.0,0,3
0.6093,0.09938333333333334,1,0.08695652173913043,0.0,0,3
0.6093,0.0001,1,0.08695652173913043,0.0,0,3
0.6093,0.0001,1,0.08695652173913043,0.0,0,3
0.6093,0.18355,1,0.08695652173913043,0.0,0,3
0.5342,0.08333333333333333,1,0.08695652173913043,0.0,0,3
0.6093,0.00015,1,0.08695652173913043,0.0,0,3
0.7467,0.00011666666666666667,1,0.08695652173913043,0.14,0,3
0.5342,0.00013333333333333334,1,0.08695652173913043,0.0,0,3
0.7467,0.09956666666666666,1,0.08695652173913043,0.14,0,3
0.7467,0.00013333333333333334,1,0.08695652173913043,0.14,0,3
0.7467,0.00013333333333333334,1,0.08695652173913043,0.14,0,3
0.7467,0.08316666666666667,1,0.08695652173913043,0.14,0,3
0.7467,0.00011666666666666667,1,0.08695652173913043,0.14,0,3
0.7467,0.09971666666666666,1,0.08695652173913043,0.14,0,3
0.7467,0.46663333333333334,1,0.08695652173913043,0.14,0,3
0.7467,0.00015,1,0.08695652173913043,0.14,0,3
0.7467,0.00011666666666666667,1,0.08695652173913043,0.14,0,3
0.7467,8.333333333333333e-05,1,0.08695652173913043,0.14,0,3
0.7467,0.0001,1,0.08695652173913043,0.14,0,3
0.7467,0.6496333333333334,1,0.08695652173913043,0.14,0,3
0.4949,1.6668999999999998,1,0.08695652173913043,0.57,0,0
0.4949,0.00011666666666666667,1,0.08333333333333333,0.57,0,3
0.4949,0.00013333333333333334,1,0.08333333333333333,0.57,0,3
0.4949,0.00011666666666666667,1,0.08333333333333333,0.57,0,3
0.4949,0.08264999999999999,1,0.08333333333333333,0.57,0,3
0.4949,0.00016666666666666666,1,0.08333333333333333,0.57,0,3
0.4949,0.09980000000000001,1,0.08333333333333333,0.57,0,3
0.711,0.18363333333333334,1,0.08333333333333333,6.96,1,3
0.711,0.00025,1,0.08,6.96,1,3
0.711,0.00018333333333333334,1,0.08,6.96,1,3
0.711,0.0002,1,0.08,6.96,1,3
0.711,0.00016666666666666666,1,0.08,6.96,1,3
0.711,0.18238333333333331,1,0.08,6.96,1,3
0.711,0.00015,1,0.08,6.96,1,3
0.711,0.00011666666666666667,1,0.08,6.96,1,3
0.711,0.0002,1,0.08,6.96,1,3
0.711,8.333333333333333e-05,1,0.08,6.96,1,3
0.711,0.08305,1,0.08,6.96,1,3
0.711,0.00023333333333333333,1,0.08,6.96,1,3
0.711,0.0002,1,0.08,6.96,1,3
0.711,0.00015,1,0.08,6.96,1,3
0.711,0.4511,1,0.08,6.96,1,3
0.7596,0.5144833333333333,1,0.08,-0.29,1,3
0.7596,0.00013333333333333334,1,0.07692307692307693,-0.29,1,3
0.7596,0.0001,1,0.07692307692307693,-0.29,1,3
0.7596,0.0001,1,0.07692307692307693,-0.29,1,3
0.7596,8.333333333333333e-05,1,0.07692307692307693,-0.29,1,3
0.7596,0.26668333333333333,1,0.07692307692307693,-0.29,1,3
0.7596,0.0002,1,0.07692307692307693,-0.29,1,3
0.7596,0.09956666666666666,1,0.07692307692307693,-0.29,1,3
0.7596,0.00013333333333333334,1,0.07692307692307693,-0.29,1,3
0.7596,0.09973333333333333,1,0.07692307692307693,-0.29,1,3
0.7596,3.3333333333333335e-05,1,0.07692307692307693,-0.29,1,3
0.7596,0.18336666666666668,1,0.07692307692307693,-0.29,1,3
0.7596,0.0001,1,0.07692307692307693,-0.29,1,3
0.7596,0.08331666666666666,1,0.07692307692307693,-0.29,1,3
0.7596,0.0001,1,0.07692307692307693,-0.29,1,3
0.7596,0.18316666666666667,1,0.07692307692307693,-0.29,1,3
0.7596,0.09983333333333334,1,0.07692307692307693,-0.29,1,3
0.7596,0.28375,1,0.07692307692307693,-0.29,1,3
0.7596,0.00013333333333333334,1,0.07692307692307693,-0.29,1,3
0.7596,0.0001,1,0.07692307692307693,-0.29,1,3
0.7596,8.333333333333333e-05,1,0.07692307692307693,-0.29,1,3
0.7596,0.00018333333333333334,1,0.07692307692307693,-0.29,1,3
0.4175,1337.1655666666666,1,0.07692307692307693,-0.84,0,3
0.4175,94.06758333333333,1,0.07692307692307693,-0.84,0,3
0.3795,7.599966666666666,1,0.07692307692307693,0.0,0,3
0.5833,963.4404333333333,1,0.07692307692307693,0.31,0,3
0.5833,0.08358333333333333,1,0.07407407407407407,0.31,0,4
0.7596,406.0569666666667,1,0.1111111111111111,0.31,0,0
0.9612,2585.560916666667,1,0.10714285714285714,-2.38,0,3
0.9612,0.18358333333333335,1,0.10344827586206896,-2.38,0,4
0.7596,0.0833,1,0.10344827586206896,-1.3,0,0
0.9612,2.966833333333333,1,0.1,-2.38,0,3
0.7596,48.41673333333333,1,0.1,-0.77,0,0
0.7596,0.10036666666666667,1,0.0967741935483871,-0.77,0,0
0.7596,14366.67645,1,0.0967741935483871,0.0,0,0
0.7596,0.64705,1,0.09375,0.0,0,0
0.7596,123.50583333333334,1,0.09375,0.0,0,0
0.7596,0.6478,1,0.09090909090909091,0.0,0,0
0.7596,54.35116666666667,1,0.08823529411764706,0.0,0,0
0.7596,0.8315666666666667,1,0.08571428571428572,0.0,0,0
0.7596,0.7344333333333334,1,0.08571428571428572,-11.11,0,0
0.1895,4501.254516666667,1,0.08333333333333333,-0.41,0,3
0.2345,0.36505,1,0.08333333333333333,0.0,0,3
0.4965,7.601116666666667,1,0.08333333333333333,-0.12,0,0
0.6247,0.09956666666666666,0,0.0,0.0,0,3
0.6247,0.00035,0,0.0,0.0,0,3
0.6247,0.00021666666666666666,0,0.0,0.0,0,3
0.6247,0.0013333333333333333,0,0.0,0.0,0,0
0.6247,0.00035,0,0.0,0.0,0,3
0.6247,0.18115,0,0.0,0.0,0,3
0.9698,0.09956666666666666,1,0.0,-2.16,0,3
0.9698,0.08366666666666665,1,0.0,-2.16,0,0
0.9698,0.18326666666666666,1,0.0,-2.16,0,0
0.9698,1.1170333333333333,1,0.0,-2.16,0,3
0.9698,0.18275,1,0.0,-2.16,0,3
0.9698,0.18376666666666666,1,0.0,-2.16,0,3
0.9698,0.00038333333333333334,1,0.0,-2.16,0,3
0.9698,0.09946666666666666,1,0.0,-2.16,0,3
0.8366,3.150116666666667,1,0.0,-0.57,0,3
0.8366,0.26665,1,0.0,-0.57,0,3
0.8366,0.0006,1,0.0,-0.57,0,3
0.8366,0.09945,1,0.0,-0.57,0,3
0.8366,0.2829333333333333,1,0.0,-0.57,0,3
0.7893,0.3670833333333333,1,0.0,-3.39,0,3
0.7893,0.2677833333333333,1,0.0,-3.39,0,3
0.7893,0.09833333333333334,1,0.0,-3.39,0,3
0.7706,0.3667666666666667,1,0.0,-1.09,0,3
0.7706,0.09966666666666667,1,0.0,-1.09,0,3
0.7706,0.00035,1,0.0,-1.09,0,3
0.6377,0.36668333333333336,1,0.0,2.8,0,3
0.6377,0.00013333333333333334,1,0.0,2.8,0,3
0.6377,0.5500166666666666,1,0.0,7.6,0,3
0.6377,0.09958333333333333,1,0.0,7.6,0,3
0.9698,967.3716833333333,1,0.0,0.0,0,3
0.9698,0.08173333333333334,1,0.0,0.0,0,4
0.9698,0.46646666666666664,1,0.16666666666666666,0.0,0,3
0.9698,0.00031666666666666665,1,0.16666666666666666,0.0,0,4
0.9698,2.0328833333333334,1,0.16666666666666666,0.0,0,3
0.9698,0.1002,1,0.16666666666666666,0.0,0,4
0.9698,1.1167,1,0.16666666666666666,0.0,0,0
0.8144,1.4867166666666667,1,0.16666666666666666,0.0,0,3
0.8144,0.00055,1,0.14285714285714285,0.0,0,4
0.8322,80.73638333333334,1,0.2857142857142857,-1.21,0,3
0.8322,0.0007833333333333334,1,0.25,-1.21,0,3
0.8322,0.17521666666666666,1,0.25,-1.21,0,3
0.8144,0.08311666666666667,1,0.25,0.15,0,3
0.9698,14.406016666666666,1,0.25,0.66,0,3
0.9698,0.17726666666666666,1,0.25,0.66,0,3
0.9698,0.18538333333333332,1,0.25,0.66,0,3
0.9698,0.00025,1,0.25,0.66,0,3
0.9698,0.09698333333333334,1,0.25,0.66,0,3
0.9698,0.08315,1,0.25,0.66,0,4
0.9698,0.28348333333333336,1,0.25,0.66,0,3
0.9698,0.0003333333333333333,1,0.25,0.66,0,4
0.9698,54.81531666666667,1,0.25,0.88,0,3
0.1379,0.08328333333333333,1,0.25,2.38,0,3
0.7423,2.5997333333333335,1,0.2222222222222222,0.0,0,3
0.7423,0.18405,1,0.2,0.0,0,0
0.7596,0.09956666666666666,1,0.0,0.0,0,3
0.7596,0.021733333333333334,1,0.0,0.0,0,4
0.7596,3598.728433333333,1,1.0,0.0,0,3
0.7596,0.0005166666666666667,1,0.5,0.0,0,3
0.7596,151.99923333333334,1,0.5,0.0,0,3
0.7596,0.04738333333333333,1,0.5,0.0,0,4
0.7596,83.86893333333335,1,0.5,0.0,0,3
0.7596,0.6984833333333333,1,0.3333333333333333,0.0,0,3
0.7596,0.0679,1,0.3333333333333333,0.0,0,3
0.7596,0.29651666666666665,1,0.3333333333333333,0.0,0,3
0.7596,0.0916,1,0.25,0.0,0,3
0.7596,0.9152,1,0.25,0.0,0,3
0.7596,0.30293333333333333,1,0.25,0.0,0,3
0.7596,0.47925,1,0.25,0.0,0,3
0.7596,0.046933333333333334,1,0.25,0.0,0,3
0.7596,0.03451666666666667,1,0.25,0.0,0,3
0.7596,0.09593333333333334,1,0.25,0.0,0,3
0.7596,0.13733333333333334,1,0.25,0.0,0,3
0.7596,0.04758333333333333,1,0.25,0.0,0,3
0.7596,0.017533333333333335,1,0.25,0.0,0,3
0.7596,0.16185,1,0.25,0.0,0,3
0.7596,0.01728333333333333,1,0.25,0.0,0,3
0.7596,0.013316666666666668,1,0.25,0.0,0,3
0.7596,0.009533333333333333,1,0.25,0.0,0,3
0.7596,0.007866666666666666,1,0.25,0.0,0,3
0.7596,0.07145,1,0.25,0.0,0,3
0.7596,0.0077,1,0.25,0.0,0,3
0.7596,8.333333333333333e-05,1,0.25,0.0,0,3
0.7596,0.5935833333333334,1,0.25,0.0,0,3
0.7596,0.06996666666666668,1,0.2,0.0,0,3
0.7596,0.021433333333333335,1,0.2,0.0,0,3
0.7596,1.6666666666666667e-05,1,0.2,0.0,0,3
0.7596,0.6837833333333333,1,0.2,0.0,0,3
0.7596,0.15209999999999999,1,0.16666666666666666,0.0,0,3
0.7596,0.0429,1,0.16666666666666666,0.0,0,3
0.7596,0.13595,1,0.16666666666666666,0.0,0,2
0.7596,0.17866666666666667,1,0.16666666666666666,0.0,0,3
0.7596,0.35863333333333336,1,0.16666666666666666,0.0,0,2
0.7596,0.20279999999999998,1,0.16666666666666666,0.0,0,2
0.7596,0.009983333333333334,1,0.16666666666666666,0.0,0,2
0.7596,0.0775,1,0.16666666666666666,0.0,0,3
0.7596,3.3333333333333335e-05,1,0.16666666666666666,0.0,0,3
0.7596,0.38976666666666665,1,0.16666666666666666,0.0,0,3
0.7596,0.07988333333333333,1,0.16666666666666666,0.0,0,3
0.7596,0.055,1,0.16666666666666666,0.0,0,3
0.7596,0.1109,1,0.16666666666666666,0.0,0,3
0.7596,37.602399999999996,1,0.16666666666666666,0.0,0,3
0.7596,0.07213333333333334,1,0.14285714285714285,0.0,0,3
0.7596,0.49633333333333335,1,0.14285714285714285,0.0,0,3
0.7596,1008.2963833333334,1,0.14285714285714285,0.0,0,3
0.7596,0.06188333333333333,1,0.14285714285714285,0.0,0,4
0.7596,4.501616666666666,1,0.14285714285714285,0.0,0,3
0.7596,0.12398333333333333,1,0.14285714285714285,0.0,0,3
0.7596,0.018600000000000002,1,0.14285714285714285,0.0,0,3
0.7596,0.0,1,0.14285714285714285,0.0,0,3
0.7596,525.9338833333334,1,0.14285714285714285,0.0,0,3
0.7596,3.3333333333333335e-05,1,0.14285714285714285,0.0,0,3
0.0909,0.09956666666666666,0,0.0,0.0,0,3
0.7596,0.09956666666666666,1,0.0,0.0,0,0
0.7596,2.2338,1,0.0,0.0,0,3
0.7596,56.941833333333335,1,0.0,2.65,0,3
0.7596,0.27845000000000003,1,0.0,0.0,0,3
0.6296,3.6950999999999996,1,0.0,0.0,0,1
0.7596,0.3670833333333333,1,0.0,-0.18,0,0
0.6296,0.46725,1,0.0,0.0,0,3
0.7596,0.08226666666666667,1,0.0,0.0,0,1
0.7596,0.00016666666666666666,1,0.0,0.0,0,3
0.7596,0.10003333333333334,1,0.0,0.0,0,1
0.7596,8.333333333333333e-05,1,0.0,0.0,0,3
0.7596,0.0832,1,0.0,0.0,0,1
0.7596,0.10035,1,0.0,0.0,0,3
0.6296,21.7502,1,0.0,0.0,0,1
0.6296,15.749133333333333,1,0.0,0.0,0,3
0.7596,4.433466666666666,1,0.0,-0.28,0,3
0.7596,0.10016666666666667,1,0.0,-0.28,0,0
0.7596,0.08288333333333334,1,0.0,-0.28,0,3
0.7596,8.333333333333333e-05,1,0.0,-0.28,0,3
0.7596,1.9495,1,0.0,-0.28,0,0
0.7596,0.1003,1,0.0,-0.28,0,0
0.7596,0.18355,1,0.0,-0.28,0,0
0.7596,0.5497,1,0.0,-0.28,0,3
0.7596,0.00016666666666666666,1,0.0,-0.28,0,3
0.7596,0.0002,1,0.0,-0.28,0,3
0.7596,0.28285,1,0.0,-0.28,0,3
0.7596,0.08321666666666667,1,0.0,-0.28,0,3
0.7596,0.28341666666666665,1,0.0,-0.28,0,3
0.7596,0.00011666666666666667,1,0.0,-0.28,0,3
0.7596,0.5501333333333334,1,0.0,-0.42,0,3
0.7596,0.00028333333333333335,1,0.0,-0.42,0,3
0.7596,0.00021666666666666666,1,0.0,-0.42,0,3
0.7596,0.64985,1,0.0,-0.67,0,3
0.7596,196.31388333333334,1,0.0,-6.95,0,3
0.7596,1.20785,1,0.0,-6.95,0,3
0.7596,0.35868333333333335,1,0.0,-6.95,0,4
0.7596,0.5498666666666666,1,0.09090909090909091,-6.95,0,3
0.7596,0.19993333333333335,1,0.09090909090909091,-6.95,0,4
0.7596,0.73325,1,0.09090909090909091,-6.95,0,3
0.7596,0.18338333333333334,1,0.09090909090909091,-6.95,0,4
0.7596,0.36683333333333334,1,0.09090909090909091,-0.21,0,3
0.7596,0.09983333333333334,1,0.08333333333333333,-0.21,0,4
0.7596,14.800383333333334,1,0.16666666666666666,0.0,0,0
0.7596,0.46596666666666664,1,0.15384615384615385,1.05,0,0
0.7596,57.8655,1,0.14285714285714285,0.0,0,2
0.7596,0.5497333333333334,1,0.13333333333333333,0.0,1,2
0.7596,22.0004,1,0.125,-3.21,0,3
0.7596,1016.0561166666666,1,0.11764705882352941,-1.01,0,0
0.7596,3.9828333333333332,1,0.1111111111111111,0.0,0,3
0.7596,22.866699999999998,1,0.10526315789473684,0.0,0,2
0.7596,0.18286666666666665,1,0.10526315789473684,0.21,0,2
0.7596,0.7498,1,0.10526315789473684,0.0,0,2
0.7596,2.5841,1,0.1,0.63,0,3
0.7596,2.415716666666667,1,0.1,0.63,0,3
0.7596,0.9169166666666667,1,0.1,0.71,0,0
0.7596,16.849516666666666,1,0.1,6.77,0,0
0.7596,16.265533333333334,1,0.09523809523809523,3.97,0,0
0.7596,0.18595,1,0.09090909090909091,0.91,0,0
0.7596,0.2651833333333333,1,0.09090909090909091,0.98,0,0
0.7596,1.0677666666666668,1,0.08695652173913043,0.43,0,3
0.7596,0.3654833333333333,1,0.08695652173913043,0.43,0,4
0.7596,1.66655,1,0.13043478260869565,-0.13,0,0
0.7596,1.5686333333333333,1,0.125,0.0,0,3
0.7596,30.481283333333334,1,0.12,1.45,0,3
0.7596,5.9857499999999995,1,0.12,1.45,0,3
0.7596,0.29750000000000004,1,0.12,0.0,0,0
0.7596,26.01611666666667,1,0.12,0.59,0,3
0.7596,0.0002,1,0.11538461538461539,0.18,0,3
0.7596,0.08343333333333333,1,0.1111111111111111,0.9,0,3
0.7596,8.333333333333333e-05,1,0.10714285714285714,0.9,0,3
0.7596,0.00013333333333333334,1,0.10714285714285714,0.9,0,3
0.7596,0.00015,1,0.10714285714285714,0.9,0,3
0.7596,0.10021666666666666,1,0.10714285714285714,0.9,0,3
0.7596,0.09971666666666666,1,0.10714285714285714,0.78,0,3
0.7596,0.00013333333333333334,1,0.10344827586206896,0.78,0,3
0.7596,0.0001,1,0.10344827586206896,0.78,0,3
0.7596,8.333333333333333e-05,1,0.10344827586206896,0.78,0,3
0.7596,0.0002,1,0.10344827586206896,0.78,0,3
0.7596,0.08211666666666666,1,0.10344827586206896,0.78,0,3
0.7596,0.10018333333333333,1,0.10344827586206896,6.92,0,3
0.7596,0.00018333333333333334,1,0.1,6.89,0,3
0.7596,0.0002,1,0.1,6.89,0,3
0.7596,0.08303333333333333,1,0.1,6.89,0,3
0.7596,15.282933333333334,1,0.1,-1.29,0,3
0.7596,0.083,1,0.0967741935483871,0.0,0,3
0.7596,0.00021666666666666666,1,0.0967741935483871,-1.29,0,3
0.7596,0.4667,1,0.0967741935483871,0.0,0,3
0.7596,0.10045,1,0.0967741935483871,0.63,0,3
0.7596,0.00038333333333333334,1,0.0967741935483871,0.0,0,3
0.7596,0.18268333333333334,1,0.09375,0.0,0,3
0.7596,0.08318333333333333,1,0.09090909090909091,1.41,0,3
0.7596,0.10024999999999999,1,0.08823529411764706,1.41,0,3
0.7596,0.08291666666666667,1,0.08823529411764706,0.58,0,3
0.6296,4256.354833333334,1,0.08571428571428572,0.0,0,1
0.6296,0.07333333333333333,1,0.08571428571428572,0.0,0,3
0.7596,0.0931,1,0.08571428571428572,0.0,0,0
0.7596,1.0253833333333333,1,0.08571428571428572,0.54,0,3
0.7596,153.60065,1,0.08571428571428572,0.36,0,3
0.7596,0.0001,1,0.08571428571428572,0.36,0,3
0.7596,0.0786,1,0.08571428571428572,0.36,0,3
0.6296,0.0002,1,0.08571428571428572,0.0,0,1
0.6296,0.17733333333333334,1,0.08571428571428572,0.0,0,3
0.7596,37.865,1,0.08571428571428572,0.42,0,3
0.7596,0.5171333333333333,1,0.08571428571428572,0.78,0,3
0.7596,11.004133333333334,1,0.08571428571428572,0.42,0,3
0.7596,23.796,1,0.08571428571428572,0.0,0,0
0.7596,12.499466666666667,1,0.08571428571428572,0.42,0,3
0.7596,0.08268333333333334,1,0.08571428571428572,0.42,0,4
0.7596,0.75025,1,0.08571428571428572,1.21,0,3
0.7596,0.08298333333333334,1,0.08571428571428572,1.21,0,4
0.7596,0.28403333333333336,1,0.11428571428571428,1.21,0,3
0.7596,0.0997,1,0.11428571428571428,1.21,0,4
0.7596,0.7338,1,0.11428571428571428,1.21,0,3
0.7596,0.0993,1,0.11428571428571428,1.21,0,4
0.7596,8.283216666666666,1,0.11428571428571428,0.42,0,3
0.7596,0.10031666666666667,1,0.11428571428571428,0.42,0,4
0.7596,1.9174499999999999,1,0.11428571428571428,1.21,0,3
0.7596,0.00021666666666666666,1,0.11428571428571428,1.21,0,4
0.9107,18.982233333333333,1,0.11428571428571428,-1.12,0,3
0.9107,0.0002666666666666667,1,0.1111111111111111,-1.12,0,4
0.7596,29.432000000000002,1,0.1388888888888889,0.14,0,2
0.6296,9.800383333333334,1,0.1388888888888889,0.0,0,0
0.7596,1027.4755,1,0.1388888888888889,0.14,0,2
0.7596,0.5597666666666666,1,0.1388888888888889,0.42,0,2
0.7596,0.2670833333333333,1,0.1388888888888889,0.0,0,2
0.7596,0.09906666666666666,1,0.1388888888888889,0.78,0,2
0.7596,0.4673166666666667,1,0.1388888888888889,0.78,0,2
0.7596,0.0002,1,0.1388888888888889,0.42,0,2
0.7596,0.18398333333333333,1,0.1388888888888889,0.14,0,2
0.7596,0.08191666666666667,1,0.1388888888888889,0.42,0,2
0.7596,0.20015,1,0.1388888888888889,1.18,0,2
0.7596,0.08328333333333333,1,0.13513513513513514,0.78,0,2
0.7596,1.9499333333333333,1,0.13513513513513514,0.42,0,3
0.7596,0.00013333333333333334,1,0.13513513513513514,0.42,0,4
0.7596,0.55,1,0.13513513513513514,0.42,0,3
0.7596,0.09973333333333333,1,0.13513513513513514,0.42,0,4
0.7596,0.45030000000000003,1,0.13513513513513514,0.0,0,0
0.7596,0.8334666666666667,1,0.13513513513513514,0.0,0,2
0.7596,0.2830333333333333,1,0.13157894736842105,0.34,0,2
0.7596,0.0001,1,0.1282051282051282,0.0,0,2
0.7596,1.66685,1,0.125,0.42,0,3
0.6296,0.18283333333333335,1,0.125,0.0,0,1
0.6296,0.0999,1,0.125,0.0,0,3
0.6296,4.818533333333334,1,0.125,0.0,0,3
0.6296,0.2653,1,0.125,0.0,0,3
0.7596,0.10105,1,0.125,0.78,0,3
0.7596,0.08216666666666667,1,0.125,0.78,0,3
0.7596,0.09978333333333333,1,0.125,0.78,0,3
0.7596,0.00016666666666666666,1,0.125,0.78,0,3
0.7596,0.2830333333333333,1,0.125,0.78,0,3
0.7596,0.00011666666666666667,1,0.125,0.78,0,3
0.7596,2.3992833333333334,1,0.125,0.78,0,3
0.7596,0.00015,1,0.125,0.78,0,3
0.7596,0.10010000000000001,1,0.125,0.42,0,3
0.7596,0.08321666666666667,1,0.125,0.42,0,3
0.7596,0.3669,1,0.125,0.42,0,3
0.7596,0.0001,1,0.125,0.42,0,3
0.7596,0.3829666666666667,1,0.125,0.42,0,3
0.7596,0.00011666666666666667,1,0.125,0.42,0,3
0.7596,0.18365,1,0.125,0.42,0,3
0.6296,28.482933333333335,1,0.125,0.0,0,0
0.6296,0.53295,1,0.125,0.0,0,0
0.7596,1.7515,1,0.125,1.21,0,3
0.7596,0.0010666666666666667,1,0.125,1.21,0,4
0.7596,349.2240333333333,1,0.125,-0.84,0,3
0.7596,0.7333166666666667,1,0.125,-0.84,0,2
0.7596,0.2832,1,0.125,-0.84,0,0
0.7596,0.36663333333333337,1,0.125,-0.84,0,3
0.7596,0.18311666666666668,1,0.125,-0.84,0,3
0.7596,0.10011666666666666,1,0.125,0.0,0,2
0.7596,0.10011666666666666,1,0.12195121951219512,-0.3,0,3
0.7596,0.7331166666666667,1,0.11904761904761904,-0.3,0,3
0.7596,2.4027000000000003,1,0.11904761904761904,0.23,0,3
0.7596,0.2808333333333334,1,0.11627906976744186,-0.37,0,3
0.7596,0.10243333333333333,1,0.11627906976744186,-0.37,0,3
0.7596,0.18085,1,0.11627906976744186,-2.97,0,3
0.7596,0.1859,1,0.11627906976744186,-2.97,0,2
0.7596,0.36674999999999996,1,0.11627906976744186,-2.97,0,3
0.7596,0.18055000000000002,1,0.11627906976744186,-2.97,0,3
0.7596,1087.3696499999999,1,0.11627906976744186,0.0,0,3
0.7596,0.0002,1,0.11627906976744186,0.0,0,4
0.7596,7.144333333333334,1,0.11627906976744186,0.76,0,3
0.7596,0.09949999999999999,1,0.11627906976744186,0.76,0,4
0.7596,5.267883333333333,1,0.13953488372093023,-0.33,0,0
0.7596,2.13235,1,0.13953488372093023,-0.33,0,0
0.7596,25.947533333333336,1,0.13953488372093023,-0.42,0,3
0.7596,0.00021666666666666666,1,0.13953488372093023,-0.42,0,3
0.7596,0.09958333333333333,1,0.13953488372093023,-0.42,0,3
0.7596,0.00021666666666666666,1,0.13953488372093023,-0.42,0,3
0.7596,0.5519,1,0.13953488372093023,-0.42,0,3
0.7596,36.66513333333333,1,0.13953488372093023,-0.63,0,3
0.6296,21.566283333333335,1,0.13953488372093023,0.0,0,3
0.6296,0.18226666666666666,1,0.13953488372093023,0.0,0,3
0.7596,0.11663333333333334,1,0.13953488372093023,0.0,0,3
0.7596,169.012,1,0.13953488372093023,0.34,0,0
0.7596,8.670549999999999,1,0.13636363636363635,-0.63,0,3
0.7596,10.566416666666667,1,0.13636363636363635,-0.28,0,3
0.7596,0.18361666666666665,1,0.13636363636363635,1.1,0,3
0.7596,0.26663333333333333,1,0.13333333333333333,0.0,0,3
0.7596,0.20035,1,0.13043478260869565,0.98,0,3
0.7596,0.2662833333333333,1,0.1276595744680851,-0.25,0,3
0.7596,0.2830833333333333,1,0.125,-2.03,0,3
0.7596,0.28373333333333334,1,0.12244897959183673,-0.44,0,3
0.7596,0.18408333333333332,1,0.12,-0.88,1,3
0.7596,0.1825166666666667,1,0.11764705882352941,-0.8,0,3
0.7596,10.36595,1,0.11764705882352941,-0.64,0,3
0.7596,0.18465,1,0.11764705882352941,-0.87,0,3
0.7596,0.09975,1,0.11538461538461539,0.23,0,3
0.7596,0.08248333333333333,1,0.11320754716981132,0.0,0,0
0.7596,0.6499666666666666,1,0.11320754716981132,0.0,0,3
0.7596,0.10008333333333333,1,0.1111111111111111,-1.15,0,3
0.7596,0.18348333333333333,1,0.10909090909090909,1.27,0,3
0.7596,0.4498166666666667,1,0.10714285714285714,1.27,0,3
0.7596,0.10048333333333333,1,0.10714285714285714,1.27,0,4
0.7596,1.1996666666666667,1,0.125,1.19,0,3
0.7596,0.0839,1,0.12280701754385964,1.27,0,3
0.7596,25.842783333333333,1,0.12280701754385964,0.18,0,3
0.6296,34.52023333333333,1,0.1206896551724138,0.0,0,3
0.7596,1029.1057833333334,1,0.1206896551724138,0.0,0,0
0.7596,0.19715000000000002,1,0.1206896551724138,0.0,0,0
0.7596,0.8363333333333334,1,0.1206896551724138,2.81,1,0
0.7596,0.1802666666666667,1,0.11864406779661017,0.58,0,0
0.6296,9.616716666666667,1,0.11864406779661017,0.0,0,0
0.7596,3.985983333333333,1,0.11864406779661017,0.0,0,0
0.9107,0.28315,1,0.11666666666666667,0.0,0,3
0.9107,0.0005333333333333334,1,0.11666666666666667,0.0,0,3
0.9107,0.08291666666666667,1,0.11666666666666667,0.0,0,3
0.9107,0.09971666666666666,1,0.11666666666666667,0.0,0,3
0.9107,0.2837166666666667,1,0.11666666666666667,0.0,0,3
0.7596,0.18356666666666666,1,0.11666666666666667,0.0,0,3
0.7596,0.0827,1,0.11666666666666667,0.0,0,3
0.7596,0.10005,1,0.11666666666666667,0.0,0,0
0.7596,0.6505166666666666,1,0.11666666666666667,0.0,0,3
0.7596,0.0833,1,0.11666666666666667,0.0,0,4
0.7596,0.65025,1,0.11666666666666667,0.0,0,3
0.7596,0.09963333333333332,1,0.11666666666666667,0.0,0,4
0.7596,0.6499333333333334,1,0.11666666666666667,0.0,0,0
0.6296,1.0163666666666666,1,0.11666666666666667,0.0,0,3
0.6296,44.16331666666667,1,0.11666666666666667,0.0,0,0
0.6296,0.08331666666666666,1,0.11666666666666667,0.0,0,0
0.6296,0.28356666666666663,1,0.11666666666666667,0.0,0,0
0.6296,0.08638333333333333,1,0.11666666666666667,0.0,0,0
0.6296,0.7469166666666667,1,0.11666666666666667,0.0,0,3
0.7596,278.39553333333333,1,0.11666666666666667,-0.59,0,3
0.7596,0.09620000000000001,1,0.11666666666666667,0.0,0,3
0.7596,0.09956666666666666,0,0.0,0.0,0,3
0.7596,0.09956666666666666,0,0.0,0.0,0,3
0.2857,0.09956666666666666,0,0.0,0.0,0,2
0.5833,0.09956666666666666,0,0.0,0.0,0,3
0.5833,0.09815,0,0.0,0.0,0,4
0.8355,11.85755,0,1.0,0.0,0,3
0.8355,0.015033333333333334,0,0.5,0.0,0,4
0.4444,3.7951166666666665,0,1.0,0.0,0,3
0.4444,0.26488333333333336,0,0.6666666666666666,0.0,0,3
0.8355,2.520566666666667,0,0.6666666666666666,0.0,0,3
0.8355,0.014283333333333334,0,0.6666666666666666,0.0,0,4
0.8355,0.09131666666666667,0,0.6666666666666666,0.0,0,3
0.8355,0.014083333333333333,0,0.6666666666666666,0.0,0,4
0.2647,11457.7715,0,0.6666666666666666,0.0,0,3
0.2647,0.0,0,0.6666666666666666,0.0,0,3
0.7596,0.09956666666666666,0,0.0,0.0,0,3
0.7596,3.3333333333333335e-05,0,0.0,0.0,0,3
0.7596,48.0125,0,0.0,0.0,0,3
0.7596,165.86451666666665,0,0.0,0.0,0,3
0.7596,0.00013333333333333334,0,0.0,0.0,0,3
0.7596,2.4506333333333337,0,0.0,0.0,0,3
0.7596,3.3333333333333335e-05,0,0.0,0.0,0,3
0.7596,3094.59695,0,0.0,0.0,0,3
0.7596,3.3333333333333335e-05,0,0.0,0.0,0,3
0.7596,3.05755,0,0.0,0.0,0,3
0.7596,6.666666666666667e-05,0,0.0,0.0,0,3
0.7596,0.05688333333333333,0,0.0,0.0,0,3
0.7596,3.3333333333333335e-05,0,0.0,0.0,0,3
0.7596,0.7684666666666666,0,0.0,0.0,0,3
0.7596,0.0,0,0.0,0.0,0,3
0.9719,0.09956666666666666,1,0.0,0.0,0,3
0.9719,0.0665,1,0.0,0.0,0,4
0.7059,0.18381666666666666,1,1.0,0.0,0,3
0.7059,0.09985,1,0.5,0.0,0,4
0.7596,0.5664833333333333,1,1.0,0.0,0,3
0.7596,0.00031666666666666665,1,0.6666666666666666,0.0,0,4
0.7596,13.316,1,1.0,0.0,0,1
0.7596,0.09996666666666668,1,0.75,0.0,0,3
0.7596,0.08346666666666666,1,0.75,0.0,0,3
0.7596,0.0003,1,0.75,0.0,0,3
0.7596,0.00018333333333333334,1,0.75,0.0,0,1
0.7596,0.09965,1,0.75,0.0,0,3
0.7596,0.08351666666666667,1,0.75,0.0,0,1
0.7596,0.10008333333333333,1,0.6,0.0,0,3
0.1379,0.00125,1,0.6,0.0,0,1
0.1379,0.00031666666666666665,1,0.5,0.0,0,3
0.1379,0.08136666666666666,1,0.5,0.0,0,3
0.1379,0.0004166666666666667,1,0.5,0.0,0,3
0.1379,0.00023333333333333333,1,0.5,0.0,0,3
0.7596,304.4291333333333,1,0.5,0.0,0,0
0.7596,13.516033333333333,1,0.42857142857142855,0.31,0,3
0.7596,0.09983333333333334,1,0.375,0.31,0,4
0.7596,70.26541666666667,1,0.5,0.31,0,0
0.7596,9932.313783333335,1,0.5,0.0,0,0
0.9719,0.46673333333333333,1,0.5,0.88,0,3
0.9719,0.08301666666666667,1,0.5,0.88,0,4
0.7596,0.20018333333333332,1,0.5,3.13,0,3
0.7596,0.00023333333333333333,1,0.5,3.13,0,4
0.7596,2.2826,1,0.5,1.47,0,3
0.7596,0.08391666666666667,1,0.5,1.47,0,4
0.3893,1.2158166666666665,1,0.5,1.17,0,3
0.3893,0.08378333333333333,1,0.4444444444444444,1.17,0,4
0.2857,0.18336666666666668,1,0.5555555555555556,0.17,0,3
0.2857,0.00015,1,0.5,0.17,0,4
0.3893,0.18268333333333334,1,0.6,1.17,0,3
0.3893,0.1005,1,0.6,1.17,0,4
0.2857,0.4671333333333333,1,0.6,0.17,0,3
0.2857,0.083,1,0.6,0.17,0,4
0.7596,0.18316666666666667,1,0.6,3.44,0,3
0.7596,0.09986666666666667,1,0.6,3.44,0,4
0.7596,0.9171666666666667,1,0.6,3.44,0,3
0.7596,0.0014,1,0.6,3.44,0,4
0.7596,2.9652000000000003,1,0.6,3.3,0,0
0.2424,5.466316666666667,1,0.5454545454545454,1.8,0,0
0.8968,3.1499666666666664,1,0.5,0.25,0,0
0.3893,1.1997333333333333,1,0.46153846153846156,2.34,0,3
0.3893,0.00018333333333333334,1,0.46153846153846156,2.34,0,4
0.9719,1158.6388166666666,1,0.46153846153846156,0.0,0,3
0.7596,0.2811833333333333,1,0.46153846153846156,0.0,0,0
0.7596,0.26665,1,0.46153846153846156,0.0,0,0
0.7596,77.03316666666666,1,0.46153846153846156,0.0,0,0
0.9719,46.06728333333333,1,0.46153846153846156,-0.43,0,3
0.9719,0.0004,1,0.46153846153846156,-0.43,0,4
0.9719,0.2814666666666667,1,0.46153846153846156,-0.43,0,3
0.9719,0.18266666666666667,1,0.46153846153846156,-0.43,0,4
0.2857,3.0505,1,0.46153846153846156,0.19,0,0
0.9719,0.10003333333333334,1,0.42857142857142855,-0.43,0,3
0.9719,0.08313333333333334,1,0.42857142857142855,-0.43,0,4
0.7596,3.0663833333333335,1,0.42857142857142855,0.0,0,0
0.7596,4.899883333333333,1,0.42857142857142855,0.14,0,3
0.7596,0.09991666666666667,1,0.4,0.14,0,4
0.9682,0.26661666666666667,1,0.4666666666666667,-1.12,0,3
0.9682,0.09996666666666668,1,0.4375,-1.12,0,4
0.7596,0.46681666666666666,1,0.5,-3.23,0,3
0.7596,0.08321666666666667,1,0.47058823529411764,-3.23,0,4
0.7596,21.298783333333333,1,0.5294117647058824,-2.82,0,0
0.9719,92.41555,1,0.5,-0.87,0,3
0.9719,0.0010666666666666667,1,0.5,-0.87,0,3
0.9719,0.0003,1,0.5,-0.87,0,3
0.9719,0.00023333333333333333,1,0.5,-0.87,0,3
0.9719,0.00021666666666666666,1,0.5,-0.87,0,3
0.9719,0.00023333333333333333,1,0.5,-0.87,0,3
0.9719,0.00028333333333333335,1,0.5,-0.87,0,3
0.9719,0.00021666666666666666,1,0.5,-0.87,0,3
0.9719,0.00023333333333333333,1,0.5,-0.87,0,3
0.9719,0.00023333333333333333,1,0.5,-0.87,0,3
0.9719,0.013383333333333334,1,0.5,-0.87,0,3
0.9719,0.00028333333333333335,1,0.5,-0.87,0,3
0.9719,0.09971666666666666,1,0.5,-0.87,0,4
0.7596,67.6662,1,0.5,0.0,0,3
0.7596,0.2829333333333333,1,0.47368421052631576,0.0,0,3
0.7596,0.0003,1,0.45,0.0,0,4
0.7596,0.18316666666666667,1,0.5,0.0,0,3
0.7596,0.93425,1,0.5,0.0,0,3
0.7596,0.08248333333333333,1,0.47619047619047616,0.0,0,3
0.7596,0.18393333333333334,1,0.47619047619047616,0.0,0,4
0.697,2.4994,1,0.5238095238095238,-2.17,0,3
0.697,0.00028333333333333335,1,0.5,-2.17,0,4
0.697,0.46630000000000005,1,0.5454545454545454,-2.17,0,3
0.697,0.28300000000000003,1,0.5454545454545454,-2.17,0,4
0.697,0.4673333333333333,1,0.5454545454545454,-2.17,0,3
0.9682,9.349583333333333,1,0.5454545454545454,-1.49,0,3
0.697,2.7671,1,0.5454545454545454,-2.9,0,3
0.697,2.2333,1,0.5454545454545454,-2.9,0,3
0.697,0.00038333333333333334,1,0.5454545454545454,-2.9,0,3
0.697,0.2658,1,0.5454545454545454,-2.9,0,0
0.697,0.18288333333333334,1,0.5454545454545454,-2.9,0,3
0.697,0.00023333333333333333,1,0.5454545454545454,-2.9,0,3
0.697,0.2831166666666666,1,0.5454545454545454,-2.9,0,3
0.697,0.28346666666666664,1,0.5454545454545454,-2.9,0,0
0.697,0.08336666666666666,1,0.5454545454545454,-2.9,0,0
0.697,9.166533333333332,1,0.5454545454545454,-4.35,0,3
0.9719,2.1337166666666665,1,0.5454545454545454,-0.87,0,3
0.8968,1074.0342333333333,1,0.5454545454545454,-0.12,0,3
0.8968,1.2000166666666667,1,0.5454545454545454,-0.12,0,3
0.8968,0.26780000000000004,1,0.5454545454545454,-0.12,0,3
0.8968,0.09863333333333334,1,0.5454545454545454,-0.12,0,3
0.8968,0.10026666666666667,1,0.5454545454545454,-0.12,0,3
0.8968,0.08315,1,0.5454545454545454,-0.12,0,3
0.8968,0.28341666666666665,1,0.5454545454545454,-0.12,0,3
0.8968,0.0005166666666666667,1,0.5454545454545454,-0.12,0,3
0.8968,1.4884333333333333,1,0.5454545454545454,-0.12,0,3
0.1379,3.22775,1,0.5454545454545454,0.0,0,3
0.902,0.2831,1,0.5454545454545454,-0.62,0,3
0.902,0.08326666666666667,1,0.5217391304347826,-0.62,0,3
0.902,0.00055,1,0.5217391304347826,-0.62,0,3
0.902,0.00031666666666666665,1,0.5217391304347826,-0.62,0,3
0.902,0.0002,1,0.5217391304347826,-0.62,0,3
0.2424,4.08205,1,0.5217391304347826,0.0,0,0
0.1379,77.40010000000001,1,0.5217391304347826,-5.0,1,3
0.7596,0.8321333333333333,1,0.5,0.0,0,0
0.5901,5.550083333333333,1,0.5,0.3,0,3
0.5901,0.46659999999999996,1,0.48,0.3,0,4
0.1379,18.5169,1,0.52,-25.0,0,3
0.1379,0.18293333333333334,1,0.5,-3.61,0,3
0.9536,0.28313333333333335,1,0.48148148148148145,0.0,0,3
0.9536,0.08436666666666667,1,0.4642857142857143,0.0,0,3
0.9536,1.0165833333333334,1,0.4642857142857143,0.0,0,3
0.9536,1.2992666666666668,1,0.4642857142857143,0.0,0,3
0.9536,0.00048333333333333334,1,0.4642857142857143,0.0,0,3
0.9536,4.0662,1,0.4642857142857143,0.0,0,3
0.3893,0.10003333333333334,1,0.4642857142857143,-0.58,0,3
0.7059,0.08283333333333333,1,0.4642857142857143,0.0,0,3
0.6524,0.20058333333333334,1,0.4642857142857143,-1.27,0,3
0.7059,0.21066666666666667,1,0.4482758620689655,1.61,0,3
0.3588,2.6558333333333333,1,0.43333333333333335,0.0,0,3
0.3588,15.553083333333332,1,0.41935483870967744,0.0,0,3
0.9719,139.24650000000003,1,0.41935483870967744,0.22,0,3
0.7059,0.6484166666666666,1,0.41935483870967744,-1.03,0,3
0.9719,1.0892000000000002,1,0.40625,0.0,0,3
0.9719,0.17713333333333334,1,0.40625,0.0,0,3
0.1379,0.6512333333333333,1,0.40625,0.0,0,3
0.6524,0.7556166666666667,1,0.3939393939393939,-0.25,0,3
0.6524,0.07633333333333334,1,0.3939393939393939,-0.25,0,4
0.5833,0.2834333333333333,1,0.42424242424242425,-2.39,0,3
0.5833,0.08338333333333334,1,0.4117647058823529,-2.39,0,4
0.7368,0.8335666666666667,1,0.4411764705882353,-0.76,0,3
0.7368,0.0003,1,0.42857142857142855,-0.76,0,4
0.7368,0.8329166666666666,1,0.45714285714285713,-0.76,0,3
0.7368,0.00031666666666666665,1,0.45714285714285713,-0.76,0,4
0.1379,10.649849999999999,1,0.45714285714285713,0.0,0,3
0.1379,0.6580166666666667,1,0.45714285714285713,0.0,0,3
0.6524,0.28209999999999996,1,0.4444444444444444,-0.25,0,3
0.6524,0.17625,1,0.4444444444444444,-0.25,0,3
0.9682,40.59998333333333,1,0.4444444444444444,-0.38,0,0
0.8968,2.5989999999999998,1,0.4444444444444444,3.18,0,3
0.8968,5.833333333333333,1,0.4444444444444444,3.79,0,3
0.8968,0.09931666666666666,1,0.4444444444444444,3.79,0,4
0.9682,1.5668,1,0.4722222222222222,-0.38,0,0
0.3893,0.23181666666666667,1,0.4722222222222222,-0.58,0,0
0.8588,0.26643333333333336,1,0.4722222222222222,-0.67,0,0
0.8588,0.2507,1,0.4594594594594595,-0.67,0,3
0.9682,0.20266666666666666,1,0.4594594594594595,-0.38,0,0
0.8588,0.4315,1,0.4594594594594595,-0.67,0,0
0.9682,0.18334999999999999,1,0.4594594594594595,-0.38,0,3
0.9682,0.0003333333333333333,1,0.4594594594594595,-0.38,0,3
0.9682,0.00028333333333333335,1,0.4594594594594595,-0.38,0,3
0.9682,0.00018333333333333334,1,0.4594594594594595,-0.38,0,3
0.9682,0.0003333333333333333,1,0.4594594594594595,-0.38,0,3
0.9682,0.2823833333333334,1,0.4594594594594595,-0.38,0,3
0.9682,0.00035,1,0.4594594594594595,-0.38,0,3
0.9682,0.09943333333333333,1,0.4594594594594595,-0.38,0,3
0.9682,3.9832166666666664,1,0.4594594594594595,-0.38,0,3
0.8588,0.18366666666666667,1,0.4594594594594595,-0.67,0,3
0.8588,0.08356666666666666,1,0.4594594594594595,-0.67,0,3
0.9719,0.09965,1,0.4594594594594595,0.22,0,3
0.9719,4.716283333333333,1,0.4594594594594595,-0.22,0,3
0.96,0.18385,1,0.4594594594594595,0.0,0,3
0.96,2.31665,1,0.4473684210526316,0.0,0,3
0.96,0.09980000000000001,1,0.4473684210526316,0.0,0,3
0.96,0.6331,1,0.4473684210526316,0.0,0,3
0.96,0.10013333333333334,1,0.4473684210526316,0.0,0,3
0.96,0.0004166666666666667,1,0.4473684210526316,0.0,0,3
0.9661,0.10008333333333333,1,0.4473684210526316,-2.61,0,3
0.9661,1.20005,1,0.4358974358974359,-2.61,0,3
0.9661,0.00028333333333333335,1,0.4358974358974359,-2.61,0,3
0.9661,0.08271666666666667,1,0.4358974358974359,-2.61,0,3
0.9661,0.00028333333333333335,1,0.4358974358974359,-2.61,0,3
0.9661,0.00021666666666666666,1,0.4358974358974359,-2.61,0,3
0.9661,0.0002666666666666667,1,0.4358974358974359,-2.61,0,3
0.9661,0.00023333333333333333,1,0.4358974358974359,-2.61,0,3
0.9661,0.09861666666666666,1,0.4358974358974359,-2.61,0,3
0.9661,6.666666666666667e-05,1,0.4358974358974359,-2.61,0,3
0.9661,0.0003333333333333333,1,0.4358974358974359,-2.61,0,3
0.9661,0.0002666666666666667,1,0.4358974358974359,-2.61,0,3
0.9661,0.00025,1,0.4358974358974359,-2.61,0,3
0.9661,51.850183333333334,1,0.4358974358974359,-2.61,0,3
0.9661,0.8325833333333333,1,0.4358974358974359,-2.61,0,3
0.9661,0.0011166666666666666,1,0.4358974358974359,-2.61,0,3
0.9661,0.08205,1,0.4358974358974359,-2.61,0,3
0.9719,3909.04515,1,0.4358974358974359,-0.22,0,3
0.9719,0.0009166666666666666,1,0.4358974358974359,-0.22,0,3
0.9719,0.0004,1,0.4358974358974359,-0.22,0,3
0.9719,0.00048333333333333334,1,0.4358974358974359,-0.22,0,3
0.9719,0.09793333333333334,1,0.4358974358974359,-0.22,0,3
0.9719,0.0012333333333333332,1,0.4358974358974359,-0.22,0,3
0.9719,0.0004333333333333333,1,0.4358974358974359,-0.22,0,3
0.9719,0.00035,1,0.4358974358974359,-0.22,0,3
0.9719,0.0009833333333333332,1,0.4358974358974359,-0.22,0,3
0.9719,0.0007833333333333334,1,0.4358974358974359,-0.22,0,3
0.9719,0.07988333333333333,1,0.4358974358974359,-0.22,0,3
0.9719,0.00035,1,0.4358974358974359,-0.22,0,3
0.9719,0.00038333333333333334,1,0.4358974358974359,-0.22,0,3
0.9719,0.0005,1,0.4358974358974359,-0.22,0,3
0.9719,0.00045,1,0.4358974358974359,-0.22,0,3
0.9719,0.36523333333333335,1,0.4358974358974359,-0.22,0,3
0.8804,0.9332999999999999,1,0.4358974358974359,0.0,0,3
0.8804,0.08328333333333333,1,0.425,0.0,0,3
0.8804,0.0005333333333333334,1,0.425,0.0,0,3
0.8804,0.00036666666666666667,1,0.425,0.0,0,3
0.8804,0.0002666666666666667,1,0.425,0.0,0,3
0.8804,0.09808333333333333,1,0.425,0.0,0,3
0.1379,0.36678333333333335,1,0.425,0.0,0,3
0.1379,0.36646666666666666,1,0.4146341463414634,-1.87,0,3
0.2857,93.89901666666667,1,0.40476190476190477,0.0,0,2
0.9719,0.00048333333333333334,1,0.3953488372093023,0.0,0,2
0.5901,2.8667666666666665,1,0.3953488372093023,0.0,0,2
0.2857,7.4995,1,0.3953488372093023,0.33,0,2
0.2424,74.6157,1,0.3953488372093023,-3.33,0,3
0.2424,0.09961666666666667,1,0.38636363636363635,-3.33,0,3
0.8968,0.08318333333333333,1,0.38636363636363635,-1.3,0,3
0.2424,0.2830333333333333,1,0.38636363636363635,-1.2,0,3
0.2857,0.36678333333333335,1,0.38636363636363635,-1.7,0,0
0.9719,0.09998333333333333,1,0.38636363636363635,0.22,0,0
0.2857,0.65005,1,0.38636363636363635,-1.7,0,0
0.1379,0.9173666666666667,1,0.38636363636363635,-0.83,0,3
0.2424,0.64955,1,0.37777777777777777,-1.2,0,3
0.2857,0.09993333333333335,1,0.37777777777777777,-1.7,0,3
0.7596,0.09956666666666666,0,0.0,0.0,0,3
0.7596,0.0010666666666666667,0,0.0,0.0,0,3
0.7596,0.73385,0,0.0,0.0,0,3
0.7596,3.3333333333333335e-05,0,0.0,0.0,0,3
0.7596,1673.4401166666669,0,0.0,0.0,0,3
0.7596,0.024166666666666666,0,0.0,0.0,0,4
0.7596,0.7887833333333333,0,0.3333333333333333,0.0,0,3
0.7596,0.020066666666666667,0,0.25,0.0,0,4
0.7596,0.09956666666666666,0,0.0,0.0,0,0
0.2857,0.6484000000000001,0,0.0,0.0,0,0
0.7596,0.4654,0,0.0,0.0,0,0
0.7596,1207.4066500000001,0,0.0,0.0,0,0
0.2857,0.55065,0,0.0,0.0,0,3
0.2857,0.00038333333333333334,0,0.0,0.0,0,3
0.7596,0.09956666666666666,0,0.0,0.9,0,3
0.7596,0.053200000000000004,0,0.0,0.9,0,3
0.7596,0.03368333333333333,0,0.0,0.9,0,3
0.7596,0.4151666666666667,0,0.0,0.16,0,3
0.7596,0.9249333333333334,0,0.0,-0.42,0,3
0.8148,4044.4528999999998,0,0.0,2.21,0,3
0.8148,0.00015,0,0.0,2.21,0,3
0.7596,0.09956666666666666,0,0.0,0.0,0,3
0.7596,0.0001,0,0.0,0.0,0,3
0.7596,0.44898333333333335,0,0.0,0.0,0,3
0.7596,0.00016666666666666666,0,0.0,0.0,0,3
0.7596,7.346866666666667,0,0.0,0.0,0,3
0.7596,3.3333333333333335e-05,0,0.0,0.0,0,3
0.7596,0.10958333333333334,0,0.0,0.0,0,3
0.7596,3.3333333333333335e-05,0,0.0,0.0,0,3
0.7596,0.1597,0,0.0,0.0,0,3
0.7596,3.3333333333333335e-05,0,0.0,0.0,0,3
0.7596,51.1695,0,0.0,0.0,0,3
0.7596,6.666666666666667e-05,0,0.0,0.0,0,3
0.7596,0.09956666666666666,0,0.0,0.0,0,3
0.7596,0.09956666666666666,0,0.0,0.0,0,3
0.7596,1.0304333333333333,0,0.0,0.0,0,3
0.7596,2656.061666666667,0,0.0,0.0,1,3
0.7596,6.4101,0,0.0,0.0,0,3
0.7596,0.09255,0,0.0,0.0,0,3
0.7596,1.4816166666666668,0,0.0,0.0,0,3
0.7596,0.8333166666666667,0,0.0,0.0,0,3
0.7596,0.09283333333333334,0,0.0,0.0,0,3
0.7596,0.00013333333333333334,0,0.0,0.0,0,3
0.7596,0.09225,0,0.0,0.0,0,3
0.7596,0.1851,0,0.0,0.0,0,3
0.7596,0.18518333333333334,0,0.0,0.0,0,3
0.7596,0.2782,0,0.0,0.0,0,3
0.7596,11.182483333333332,0,0.0,0.0,0,1
0.7596,0.6481333333333333,0,0.0,0.0,0,3
0.7596,0.09956666666666666,1,0.0,0.0,0,3
0.7596,3.07665,1,0.0,0.0,0,3
0.7596,0.0658,1,0.0,0.0,0,4
0.7596,0.4193,1,1.0,0.0,0,3
0.7596,54.84771666666666,1,0.5,0.0,0,3
0.7596,1.0660833333333335,1,0.3333333333333333,0.0,0,3
0.7596,4.956183333333333,1,0.3333333333333333,0.0,0,3
0.7596,1.7666166666666667,1,0.3333333333333333,0.0,0,3
0.7596,0.11313333333333334,1,0.3333333333333333,0.0,0,3
0.7596,0.017633333333333334,1,0.3333333333333333,0.0,0,3
0.7596,0.015600000000000001,1,0.3333333333333333,0.0,0,3
0.7596,0.01765,1,0.3333333333333333,0.0,0,3
0.7596,0.01795,1,0.3333333333333333,0.0,0,3
0.7596,0.17206666666666667,1,0.3333333333333333,0.0,0,3
0.7596,5e-05,1,0.3333333333333333,0.0,0,3
0.7596,0.07631666666666666,1,0.3333333333333333,0.0,0,3
0.7596,1.6666666666666667e-05,1,0.25,0.0,0,3
0.1379,0.09956666666666666,1,0.0,0.0,0,3
0.7596,1106.5683833333335,1,0.0,0.51,0,0
0.7596,1676.9256500000001,1,0.0,1.13,0,0
0.7596,5441.560200000001,1,0.0,0.0,0,0
0.9868,5.1866666666666665,1,0.0,0.0,0,3
0.9868,0.0003333333333333333,1,0.0,0.0,0,4
0.9868,0.54715,1,0.2,0.0,0,3
0.9868,0.00023333333333333333,1,0.2,0.0,0,4
0.8279,0.2846,1,0.2,0.82,0,3
0.8279,0.0001,1,0.16666666666666666,0.82,0,4
0.8279,0.5479333333333333,1,0.3333333333333333,0.82,0,3
0.8279,0.00015,1,0.3333333333333333,0.82,0,4
0.8279,0.2003,1,0.3333333333333333,0.82,0,3
0.8279,0.18434999999999999,1,0.3333333333333333,0.82,0,4
0.8279,0.00025,1,0.3333333333333333,0.82,0,3
0.8279,1.0179166666666668,1,0.3333333333333333,0.82,0,3
0.9868,0.4655166666666667,1,0.3333333333333333,0.0,0,3
0.9868,0.00013333333333333334,1,0.3333333333333333,0.0,0,4
0.9868,1.6665333333333334,1,0.3333333333333333,0.0,0,3
0.9868,0.00013333333333333334,1,0.3333333333333333,0.0,0,3
0.7596,4.3758,1,0.3333333333333333,0.0,0,0
0.5833,11.44065,1,0.3333333333333333,0.49,0,3
0.5833,0.00013333333333333334,1,0.2857142857142857,0.49,0,4
0.5652,3.9008,1,0.42857142857142855,0.0,0,3
0.5652,0.00013333333333333334,1,0.375,0.0,0,4
0.5652,0.18198333333333333,1,0.5,0.0,0,3
0.7596,1.0165833333333334,1,0.5,-0.9,0,0
0.8279,1.4831666666666665,1,0.4444444444444444,0.14,0,0
0.6498,201.75196666666668,1,0.4444444444444444,-0.84,0,3
0.9868,0.18348333333333333,1,0.4,0.0,0,3
0.9868,0.09921666666666668,1,0.4,0.0,0,3
0.9868,0.00015,1,0.4,0.0,0,3
0.9868,0.00015,1,0.4,0.0,0,3
0.9868,0.28373333333333334,1,0.4,0.0,0,3
0.9868,1426.62015,1,0.4,-0.64,0,3
0.9868,0.00018333333333333334,1,0.4,-0.64,0,4
0.9868,8382.398883333333,1,0.4,-1.7,0,3
0.9868,0.06883333333333333,1,0.4,0.0,0,4
0.9868,3179.30395,1,0.4,-0.65,0,3
0.9868,13.808383333333333,1,0.4,-0.87,0,3
0.7596,163.09245,1,0.4,3.32,0,0
0.7596,23.368100000000002,1,0.36363636363636365,0.0,0,0
0.7596,937.6570333333333,1,0.3333333333333333,0.0,0,0
0.9868,0.3832833333333333,1,0.3333333333333333,-0.87,0,0
0.9868,0.2838333333333333,1,0.3333333333333333,-0.87,0,0
0.9868,0.08268333333333334,1,0.3333333333333333,-0.87,0,0
0.9868,1.3334166666666667,1,0.3333333333333333,-0.87,0,0
0.6498,12.951333333333334,1,0.3333333333333333,0.0,0,3
0.6498,0.1003,1,0.3333333333333333,0.0,0,4
0.7596,0.731,1,0.4166666666666667,0.0,0,0
0.9868,18.16745,1,0.38461538461538464,0.22,0,2
0.8279,0.08406666666666666,1,0.38461538461538464,0.0,0,2
0.9868,12.150183333333333,1,0.38461538461538464,0.22,0,0
0.9868,0.4650166666666667,1,0.38461538461538464,0.22,0,0
0.9868,0.18393333333333334,1,0.38461538461538464,0.22,0,0
0.9868,2.5860333333333334,1,0.38461538461538464,0.22,0,3
0.9868,0.5009,1,0.38461538461538464,0.22,0,3
0.9868,0.0996,1,0.38461538461538464,0.22,0,4
0.9868,5.8970166666666675,1,0.38461538461538464,0.22,0,3
0.9868,0.00055,1,0.38461538461538464,0.22,0,3
0.9868,1.8647833333333332,1,0.38461538461538464,0.22,0,3
0.9868,0.0003,1,0.38461538461538464,0.22,0,4
0.9868,27.402066666666666,1,0.38461538461538464,0.22,0,3
0.9868,0.0002666666666666667,1,0.38461538461538464,0.22,0,4
0.9868,0.18161666666666668,1,0.38461538461538464,0.22,0,3
0.9868,0.00018333333333333334,1,0.38461538461538464,0.22,0,4
0.7368,4.7337,1,0.38461538461538464,-0.56,0,3
0.7368,0.00036666666666666667,1,0.35714285714285715,-0.56,0,4
0.7368,0.18318333333333334,1,0.42857142857142855,-0.56,0,3
0.7368,0.09918333333333333,1,0.42857142857142855,-0.56,0,4
0.1379,21.135366666666666,1,0.42857142857142855,0.0,0,3
0.9868,151.98708333333335,1,0.4,0.22,0,3
0.9868,0.09711666666666667,1,0.4,0.22,0,4
0.6498,5.931333333333333,1,0.4,-2.98,0,0
0.9868,1.0567,1,0.4,0.22,0,0
0.9868,0.18598333333333333,1,0.4,0.22,0,3
0.9868,0.9288000000000001,1,0.4,0.22,0,3
0.7596,1.2680333333333331,1,0.4,0.3,0,0
0.9868,1.8129666666666668,1,0.375,0.0,0,3
0.9868,4.603,1,0.375,0.0,0,0
0.9868,46.71061666666667,1,0.375,0.0,0,0
0.2424,29.3172,1,0.375,-0.38,0,3
0.2424,6.432933333333334,1,0.35294117647058826,-0.38,0,3
0.9868,30.8173,1,0.35294117647058826,-0.22,0,0
0.9868,4.352283333333333,1,0.35294117647058826,-0.22,0,3
0.9868,0.00021666666666666666,1,0.35294117647058826,-0.22,0,3
0.9868,0.00018333333333333334,1,0.35294117647058826,-0.22,0,3
0.9868,0.09838333333333332,1,0.35294117647058826,-0.22,0,3
0.9868,0.00028333333333333335,1,0.35294117647058826,-0.22,0,3
0.9868,3.3322833333333337,1,0.35294117647058826,-0.22,0,0
0.9868,13.30025,1,0.35294117647058826,-0.22,0,0
0.1379,13.884766666666668,1,0.35294117647058826,0.0,0,3
0.7596,1.7681666666666667,1,0.3333333333333333,0.0,0,0
0.7596,8.429633333333333,1,0.3157894736842105,0.0,0,0
0.7596,0.09956666666666666,1,0.0,0.0,0,3
0.7596,0.3667166666666667,1,0.0,0.0,0,3
0.7596,47.650549999999996,1,0.0,0.0,0,3
0.7596,0.8334833333333334,1,0.0,0.0,0,3
0.7596,6.4332,1,0.0,0.0,0,3
0.7596,23.466633333333334,1,0.0,0.0,0,3
0.7596,0.08341666666666667,1,0.0,0.0,0,4
0.7596,80.37506666666667,1,0.3333333333333333,0.0,0,3
0.7596,0.27615,1,0.3333333333333333,0.0,0,4
0.7596,20.81661666666667,1,0.3333333333333333,0.0,0,3
0.7596,0.28326666666666667,1,0.3333333333333333,0.0,0,4
0.7596,0.3664,1,0.3333333333333333,0.0,0,3
0.7596,0.0999,1,0.3333333333333333,0.0,0,4
0.7596,51.300650000000005,1,0.3333333333333333,0.0,0,3
0.7596,0.55,1,0.25,0.0,0,3
0.7596,4.166916666666666,1,0.25,0.0,0,3
0.7596,0.1831,1,0.25,0.0,0,3
0.7596,0.2001,1,0.25,0.0,0,3
0.7596,0.0833,1,0.25,0.0,0,3
0.7596,5e-05,1,0.25,0.0,0,3
0.7596,2.0334166666666667,1,0.25,0.0,0,3
0.7596,0.10011666666666666,1,0.2,0.0,0,3
0.7596,0.36638333333333334,1,0.16666666666666666,0.0,0,3
0.7596,0.10010000000000001,1,0.14285714285714285,0.0,0,3
0.7596,2.0333,1,0.14285714285714285,0.0,0,3
0.7596,47.800799999999995,1,0.14285714285714285,0.0,0,3
0.7596,0.2831,1,0.14285714285714285,0.0,0,3
0.7596,95.2175,1,0.14285714285714285,0.0,0,3
0.7596,2.0500833333333333,1,0.125,0.0,0,3
0.7596,4.9501,1,0.125,0.0,0,3
0.7596,0.8332833333333334,1,0.125,0.0,0,3
0.7596,2.5004166666666667,1,0.125,0.0,0,3
0.7596,0.3665333333333333,1,0.125,0.0,0,3
0.7596,6.399900000000001,1,0.125,0.0,0,3
0.7596,6.666666666666667e-05,1,0.125,0.0,0,3
0.7596,5e-05,1,0.125,0.0,0,3
0.7596,3.1500833333333333,1,0.125,0.0,0,3
0.7596,1081.8654166666668,1,0.125,0.0,0,4
0.7596,0.0002666666666666667,1,0.125,0.0,0,3
0.7596,4.849500000000001,1,0.125,0.0,0,3
0.7596,0.09998333333333333,1,0.125,0.0,0,4
0.7596,0.46659999999999996,1,0.125,0.0,0,3
0.7596,0.00013333333333333334,1,0.125,0.0,0,4
0.7596,11.499766666666666,1,0.125,0.0,0,3
0.7596,0.5672166666666667,1,0.125,0.0,0,3
0.7596,2.133766666666667,1,0.125,0.0,0,3
0.7596,0.09935000000000001,1,0.125,0.0,0,3
0.7596,12.866616666666665,1,0.125,0.0,0,3
0.7596,1.5346333333333333,1,0.125,0.0,0,3
0.7596,144.0499333333333,1,0.125,0.0,0,3
0.7596,0.00018333333333333334,1,0.125,0.0,0,3
0.7596,0.08318333333333333,1,0.125,0.0,0,3
0.7596,0.09996666666666668,1,0.125,0.0,0,3
0.7596,0.08316666666666667,1,0.125,0.0,0,3
0.7596,0.10048333333333333,1,0.125,0.0,0,3
0.7596,0.00015,1,0.125,0.0,0,3
0.7596,0.0001,1,0.125,0.0,0,3
0.7596,0.00018333333333333334,1,0.125,0.0,0,3
0.7596,8.333333333333333e-05,1,0.125,0.0,0,3
0.7596,0.8332166666666667,1,0.125,0.0,0,3
0.7596,0.0004166666666666667,1,0.1111111111111111,0.0,0,1
0.7596,0.09949999999999999,1,0.1111111111111111,0.0,0,3
0.7596,0.0,1,0.1111111111111111,0.0,0,3
0.7596,0.54945,1,0.1,0.0,0,3
0.7596,0.3164666666666667,1,0.1,0.0,0,1
0.7596,0.09995,1,0.1,0.0,0,3
0.7596,8.516866666666667,1,0.1,0.0,0,3
0.7596,0.1002,1,0.09090909090909091,0.0,0,3
0.7596,134.50223333333332,1,0.09090909090909091,0.0,0,1
0.7596,0.18316666666666667,1,0.09090909090909091,0.0,0,1
0.7596,0.00023333333333333333,1,0.09090909090909091,0.0,0,1
0.7596,0.00038333333333333334,1,0.09090909090909091,0.0,0,1
0.7596,0.00015,1,0.09090909090909091,0.0,0,1
0.7596,0.0985,1,0.09090909090909091,0.0,0,1
0.7596,0.00023333333333333333,1,0.09090909090909091,0.0,0,1
0.7596,2.6502833333333333,1,0.09090909090909091,0.0,0,1
0.7596,0.00018333333333333334,1,0.09090909090909091,0.0,0,1
0.7596,0.0994,1,0.09090909090909091,0.0,0,1
0.7596,3.4166666666666665,1,0.09090909090909091,0.0,0,3
0.7596,0.09978333333333333,1,0.09090909090909091,0.0,0,1
0.7596,0.1833,1,0.08333333333333333,0.0,0,3
0.7596,4.834966666666667,1,0.08333333333333333,0.0,0,1
0.7596,0.1819,1,0.07692307692307693,0.0,0,3
0.7596,0.1852,1,0.07692307692307693,0.0,0,3
0.7596,0.2814833333333333,1,0.07142857142857142,0.0,0,3
0.7596,4.433183333333333,1,0.07142857142857142,0.0,0,3
0.7596,4.2336,1,0.07142857142857142,0.0,0,3
0.7596,0.1,1,0.07142857142857142,0.0,0,3
0.7596,1.3839000000000001,1,0.06666666666666667,0.0,0,3
0.7596,0.0002,1,0.06666666666666667,0.0,0,3
0.7596,0.00011666666666666667,1,0.06666666666666667,0.0,0,3
0.7596,0.00031666666666666665,1,0.06666666666666667,0.0,0,3
0.7596,0.08261666666666666,1,0.06666666666666667,0.0,0,3
0.7596,0.09963333333333332,1,0.06666666666666667,0.0,0,3
0.7596,0.0997,1,0.06666666666666667,0.0,0,3
0.7596,0.00013333333333333334,1,0.06666666666666667,0.0,0,3
0.7596,0.00023333333333333333,1,0.06666666666666667,0.0,0,3
0.7596,0.0829,1,0.06666666666666667,0.0,0,3
0.7596,0.00016666666666666666,1,0.06666666666666667,0.0,0,3
0.7596,0.10010000000000001,1,0.06666666666666667,0.0,0,3
0.7596,0.08318333333333333,1,0.06666666666666667,0.0,0,1
0.7596,0.10006666666666666,1,0.06666666666666667,0.0,0,3
0.7596,0.00025,1,0.06666666666666667,0.0,0,3
0.7596,0.0001,1,0.06666666666666667,0.0,0,3
0.7596,0.08281666666666668,1,0.06666666666666667,0.0,0,3
0.7596,4.000616666666667,1,0.06666666666666667,0.0,0,3
0.7596,0.00015,1,0.06666666666666667,0.0,0,3
0.7596,969.7242333333332,1,0.06666666666666667,0.0,0,3
0.7596,33.33318333333333,1,0.06666666666666667,0.0,0,3
0.7596,0.00016666666666666666,1,0.0625,0.0,0,1
0.7596,9.266916666666667,1,0.0625,0.0,0,3
0.7596,4.54995,1,0.058823529411764705,0.0,0,1
0.7596,0.08303333333333333,1,0.058823529411764705,0.0,0,3
0.7596,0.00016666666666666666,1,0.058823529411764705,0.0,0,3
0.7596,0.18345,1,0.058823529411764705,0.0,0,3
0.7596,0.09980000000000001,1,0.058823529411764705,0.0,0,3
0.7596,0.08348333333333334,1,0.058823529411764705,0.0,0,3
0.7596,0.10015,1,0.058823529411764705,0.0,0,3
0.7596,0.00013333333333333334,1,0.058823529411764705,0.0,0,3
0.7596,6.099616666666666,1,0.058823529411764705,0.0,0,3
0.7596,0.00015,1,0.058823529411764705,0.0,0,3
0.7596,0.00015,1,0.058823529411764705,0.0,0,3
0.7596,0.09976666666666666,1,0.058823529411764705,0.0,0,3
0.7596,8.333333333333333e-05,1,0.058823529411764705,0.0,0,3
0.7596,12.16705,1,0.058823529411764705,0.0,0,3
0.7596,3.3498666666666663,1,0.058823529411764705,0.0,0,3
0.7596,34.71743333333333,1,0.058823529411764705,0.0,0,3
0.7596,0.08261666666666666,1,0.058823529411764705,0.0,0,3
0.7596,0.00035,1,0.058823529411764705,0.0,0,3
0.7596,6.0496,1,0.058823529411764705,0.0,0,3
0.7596,19.983366666666665,1,0.058823529411764705,0.0,0,3
0.7596,0.18321666666666667,1,0.058823529411764705,0.0,0,3
0.7596,0.08333333333333333,1,0.058823529411764705,0.0,0,3
0.7596,0.10008333333333333,1,0.058823529411764705,0.0,0,3
0.7596,0.36705,1,0.058823529411764705,0.0,0,3
0.7596,1.3329,1,0.05555555555555555,0.0,0,3
0.7596,5.9338500000000005,1,0.05555555555555555,0.0,0,3
0.7596,0.64985,1,0.05555555555555555,0.0,0,3
0.7596,0.10021666666666666,1,0.05555555555555555,0.0,0,3
0.7596,0.0003,1,0.05555555555555555,0.0,0,3
0.7596,0.00021666666666666666,1,0.05555555555555555,0.0,0,3
0.7596,0.00011666666666666667,1,0.05555555555555555,0.0,0,3
0.7596,0.18259999999999998,1,0.05555555555555555,0.0,0,3
0.7596,0.0004333333333333333,1,0.05555555555555555,0.0,0,3
0.7596,0.00018333333333333334,1,0.05555555555555555,0.0,0,3
0.7596,0.08246666666666667,1,0.05555555555555555,0.0,0,3
0.7596,0.3668166666666667,1,0.05555555555555555,0.0,0,1
0.7596,0.09218333333333333,1,0.05555555555555555,0.0,0,3
0.7596,0.00016666666666666666,1,0.05555555555555555,0.0,0,3
0.7596,0.093,1,0.05555555555555555,0.0,0,3
0.7596,0.00011666666666666667,1,0.05555555555555555,0.0,0,3
0.7596,0.09941666666666667,1,0.05555555555555555,0.0,0,3
0.7596,0.00036666666666666667,1,0.05555555555555555,0.0,0,1
0.7596,0.0010833333333333333,1,0.05555555555555555,0.0,0,3
0.7596,0.0973,1,0.05555555555555555,0.0,0,3
0.7596,0.00036666666666666667,1,0.05555555555555555,0.0,0,3
0.7596,86.1838,1,0.05555555555555555,0.0,0,3
0.7596,0.2826833333333333,1,0.05555555555555555,0.0,0,3
0.7596,0.0003,1,0.05555555555555555,0.0,0,1
0.7596,0.09943333333333333,1,0.05555555555555555,0.0,0,3
0.7596,0.00015,1,0.05555555555555555,0.0,0,3
0.7596,0.0836,1,0.05555555555555555,0.0,0,3
0.7596,0.00025,1,0.05555555555555555,0.0,0,3
0.7596,8.333333333333333e-05,1,0.05555555555555555,0.0,0,3
0.7596,1.11655,1,0.05555555555555555,0.0,0,3
0.7596,0.08298333333333334,1,0.05555555555555555,0.0,0,3
0.7596,0.00046666666666666666,1,0.05555555555555555,0.0,0,3
0.7596,0.0997,1,0.05555555555555555,0.0,0,1
0.7596,0.00011666666666666667,1,0.05555555555555555,0.0,0,3
0.7596,0.00015,1,0.05555555555555555,0.0,0,3
0.7596,0.0001,1,0.05555555555555555,0.0,0,3
0.7596,0.0996,1,0.05555555555555555,0.0,0,3
0.7596,0.00015,1,0.05555555555555555,0.0,0,3
0.7596,1.1667333333333334,1,0.05555555555555555,0.0,0,3
0.7596,0.06810000000000001,1,0.05555555555555555,0.0,0,3
0.7596,0.00016666666666666666,1,0.05555555555555555,0.0,0,3
0.7596,4.415766666666667,1,0.05555555555555555,0.0,0,3
0.7596,0.0002,1,0.05263157894736842,0.0,0,3
0.7596,0.0001,1,0.05263157894736842,0.0,0,3
0.7596,0.6154833333333334,1,0.05263157894736842,0.0,0,3
0.7596,0.00015,1,0.05,0.0,0,3
0.7596,0.08333333333333333,1,0.05,0.0,0,3
0.7596,1.4331166666666666,1,0.05,0.0,0,3
0.7596,0.00018333333333333334,1,0.05,0.0,0,3
0.7596,0.0833,1,0.05,0.0,0,3
0.7596,7.717366666666666,1,0.05,0.0,0,3
0.7596,0.0001,1,0.05,0.0,0,3
0.7596,0.0001,1,0.05,0.0,0,3
0.7596,0.0001,1,0.05,0.0,0,3
0.7596,0.24905,1,0.05,0.0,0,3
0.7596,0.00015,1,0.05,0.0,0,3
0.7596,0.10041666666666667,1,0.05,0.0,0,3
0.7596,1.2673166666666666,1,0.05,0.0,0,3
0.7596,0.09918333333333333,1,0.05,0.0,0,3
0.7596,0.00021666666666666666,1,0.05,0.0,0,3
0.7596,3.816333333333333,1,0.05,0.0,0,3
0.7596,0.0001,1,0.05,0.0,0,3
0.7596,0.00015,1,0.05,0.0,0,3
0.7596,0.00013333333333333334,1,0.05,0.0,0,3
0.7596,8.88315,1,0.05,0.0,0,3
0.7596,0.00011666666666666667,1,0.05,0.0,0,3
0.7596,0.09945,1,0.05,0.0,0,3
0.7596,0.0002666666666666667,1,0.05,0.0,0,3
0.7596,0.00023333333333333333,1,0.05,0.0,0,3
0.7596,1.5037666666666667,1,0.05,0.0,0,3
0.7596,0.00013333333333333334,1,0.05,0.0,0,3
0.7596,0.00013333333333333334,1,0.05,0.0,0,3
0.7596,0.00021666666666666666,1,0.05,0.0,0,3
0.7596,0.09211666666666667,1,0.05,0.0,0,3
0.7596,4.636583333333333,1,0.05,0.0,0,3
0.7596,0.33321666666666666,1,0.05,0.0,0,3
0.7596,0.00011666666666666667,1,0.05,0.0,0,3
0.7596,24.06683333333333,1,0.05,0.0,0,2
0.7596,0.00018333333333333334,1,0.047619047619047616,0.0,0,2
0.7596,0.20021666666666665,1,0.047619047619047616,0.0,0,3
0.7596,21.883916666666668,1,0.047619047619047616,0.0,0,3
0.7596,19.716216666666664,1,0.047619047619047616,0.0,0,2
0.7596,0.10028333333333334,1,0.047619047619047616,0.0,0,2
0.7596,6.48325,1,0.047619047619047616,0.0,0,3
0.7596,37.56653333333334,1,0.047619047619047616,0.0,0,3
0.7596,0.00011666666666666667,1,0.047619047619047616,0.0,0,3
0.7596,0.0,1,0.047619047619047616,0.0,0,3
0.7596,0.00016666666666666666,1,0.047619047619047616,0.0,0,3
0.7596,0.0833,1,0.047619047619047616,0.0,0,3
0.7596,0.00016666666666666666,1,0.047619047619047616,0.0,0,3
0.7596,0.00011666666666666667,1,0.047619047619047616,0.0,0,3
0.7596,0.00011666666666666667,1,0.047619047619047616,0.0,0,3
0.7596,0.0001,1,0.047619047619047616,0.0,0,3
0.7596,0.0001,1,0.047619047619047616,0.0,0,3
0.7596,0.09955,1,0.047619047619047616,0.0,0,3
0.7596,0.00028333333333333335,1,0.047619047619047616,0.0,0,3
0.7596,0.00018333333333333334,1,0.047619047619047616,0.0,0,3
0.7596,0.00018333333333333334,1,0.047619047619047616,0.0,0,3
0.7596,0.08241666666666667,1,0.047619047619047616,0.0,0,3
0.7596,0.00016666666666666666,1,0.047619047619047616,0.0,0,3
0.7596,0.00013333333333333334,1,0.047619047619047616,0.0,0,3
0.7596,0.00011666666666666667,1,0.047619047619047616,0.0,0,3
0.7596,0.00011666666666666667,1,0.047619047619047616,0.0,0,3
0.7596,0.09975,1,0.047619047619047616,0.0,0,1
0.7596,0.1852,1,0.047619047619047616,0.0,0,1
0.7596,0.17035,1,0.047619047619047616,0.0,0,1
0.7596,1.3946333333333334,1,0.047619047619047616,0.0,0,3
0.7596,3.3496,1,0.047619047619047616,0.0,0,3
0.7596,0.2832166666666666,1,0.047619047619047616,0.0,0,3
0.7596,0.00036666666666666667,1,0.047619047619047616,0.0,0,3
0.7596,0.08316666666666667,1,0.047619047619047616,0.0,0,3
0.7596,0.09981666666666666,1,0.047619047619047616,0.0,0,3
0.7596,0.18725,1,0.047619047619047616,0.0,0,3
0.7596,0.08036666666666667,1,0.047619047619047616,0.0,0,3
0.7596,0.09980000000000001,1,0.047619047619047616,0.0,0,3
0.7596,0.09998333333333333,1,0.047619047619047616,0.0,0,3
0.7596,0.08271666666666667,1,0.047619047619047616,0.0,0,3
0.7596,0.18343333333333334,1,0.047619047619047616,0.0,0,3
0.7596,0.28350000000000003,1,0.047619047619047616,0.0,0,3
0.7596,2.1333333333333333,1,0.047619047619047616,0.0,0,3
0.7596,2.8334166666666665,1,0.047619047619047616,0.0,0,3
0.7596,1.7166,1,0.047619047619047616,0.0,0,3
0.7596,16.383533333333332,1,0.047619047619047616,0.0,0,3
0.7596,2.3166,1,0.047619047619047616,0.0,0,3
0.7596,1.1171499999999999,1,0.047619047619047616,0.0,0,3
0.7596,18.983249999999998,1,0.047619047619047616,0.0,0,3
0.7596,0.00018333333333333334,1,0.047619047619047616,0.0,0,3
0.7596,0.00016666666666666666,1,0.047619047619047616,0.0,0,3
0.7596,0.00011666666666666667,1,0.047619047619047616,0.0,0,3
0.7596,0.0827,1,0.047619047619047616,0.0,0,3
0.7596,0.00018333333333333334,1,0.047619047619047616,0.0,0,3
0.7596,29.1675,1,0.047619047619047616,0.0,0,3
0.7596,0.00023333333333333333,1,0.047619047619047616,0.0,0,4
0.7596,1335.2921,1,0.047619047619047616,0.0,1,3
0.7596,0.3834,1,0.045454545454545456,0.0,1,3
0.7596,64.71821666666666,1,0.045454545454545456,0.0,0,3
0.7596,3.1491833333333332,1,0.045454545454545456,0.0,0,3
0.7596,0.18403333333333333,1,0.045454545454545456,0.0,0,3
0.7596,1.8821833333333333,1,0.045454545454545456,0.0,0,3
0.7596,0.55,1,0.045454545454545456,0.0,0,3
0.7596,0.10008333333333333,1,0.045454545454545456,0.0,0,3
0.7596,0.00016666666666666666,1,0.045454545454545456,0.0,0,3
0.7596,0.083,1,0.045454545454545456,0.0,0,3
0.7596,0.18363333333333334,1,0.045454545454545456,0.0,0,3
0.7596,0.09966666666666667,1,0.045454545454545456,0.0,0,3
0.7596,0.00023333333333333333,1,0.045454545454545456,0.0,0,3
0.7596,0.09985,1,0.045454545454545456,0.0,0,3
0.7596,0.08373333333333334,1,0.045454545454545456,0.0,0,3
0.7596,17.13308333333333,1,0.045454545454545456,0.0,0,3
0.7596,12.95085,1,0.045454545454545456,0.0,0,3
0.7596,0.09958333333333333,1,0.045454545454545456,0.0,0,3
0.7596,0.00016666666666666666,1,0.045454545454545456,0.0,0,3
0.7596,0.00013333333333333334,1,0.045454545454545456,0.0,0,3
0.7596,0.10023333333333334,1,0.045454545454545456,0.0,0,3
0.7596,0.00021666666666666666,1,0.045454545454545456,0.0,0,3
0.7596,0.08398333333333333,1,0.045454545454545456,0.0,0,3
0.7596,1303.0898333333332,1,0.045454545454545456,0.0,0,0
0.7596,0.18361666666666665,1,0.043478260869565216,0.0,0,0
0.7596,0.3666,1,0.041666666666666664,0.0,0,0
0.7596,0.18334999999999999,1,0.04,0.0,0,0
0.7596,0.46681666666666666,1,0.038461538461538464,0.0,0,0
0.7596,25.266750000000002,1,0.038461538461538464,0.0,1,0
0.7596,0.19958333333333333,1,0.037037037037037035,0.0,0,0
0.7596,0.18346666666666664,1,0.037037037037037035,0.0,0,0
0.7596,0.08331666666666666,1,0.037037037037037035,0.0,1,0
0.7596,0.28331666666666666,1,0.037037037037037035,0.0,0,0
0.7596,9.783533333333333,1,0.037037037037037035,0.0,0,0
0.7596,0.09995,1,0.03571428571428571,0.0,0,0
0.7596,17.783483333333333,1,0.034482758620689655,0.0,0,0
0.7596,0.09998333333333333,1,0.034482758620689655,0.0,0,0
0.7596,15.183633333333335,1,0.03333333333333333,0.0,0,0
0.7596,0.18398333333333333,1,0.03225806451612903,0.0,0,0
0.7596,9.25005,1,0.03125,0.0,0,0
0.7596,2.5990666666666664,1,0.030303030303030304,0.0,0,0
0.7596,0.18358333333333335,1,0.030303030303030304,0.0,0,0
0.7596,1.6681,1,0.029411764705882353,0.0,0,0
0.7596,0.08175,1,0.02857142857142857,0.0,0,0
0.7596,12.468633333333335,1,0.02857142857142857,0.0,0,0
0.7596,1.7485833333333334,1,0.02857142857142857,0.0,0,0
0.7596,0.36678333333333335,1,0.02857142857142857,0.0,0,3
0.7596,0.09983333333333334,1,0.027777777777777776,0.0,0,3
0.7596,0.09973333333333333,1,0.027777777777777776,0.0,0,0
0.7596,0.18434999999999999,1,0.027777777777777776,0.0,0,0
0.7596,0.3656,1,0.02702702702702703,0.0,1,0
0.7596,0.8341333333333334,1,0.02631578947368421,0.0,0,0
0.7596,9.63395,1,0.02564102564102564,0.0,0,0
0.7596,2.0671333333333335,1,0.025,0.0,0,0
0.7596,22.26741666666667,1,0.025,0.0,0,0
0.7596,13.316916666666666,1,0.025,0.0,0,0
0.7596,0.6479666666666667,1,0.024390243902439025,0.0,0,0
0.7596,0.28281666666666666,1,0.024390243902439025,0.0,0,0
0.7596,0.18428333333333333,1,0.024390243902439025,0.0,0,0
0.7596,0.5493833333333333,1,0.023809523809523808,0.0,0,0
0.7596,1.4830166666666666,1,0.023255813953488372,0.0,0,0
0.7596,2.4165833333333335,1,0.022727272727272728,0.0,0,0
0.7596,1.0169833333333334,1,0.022727272727272728,0.0,0,0
0.7596,0.55025,1,0.022727272727272728,0.0,0,0
0.7596,4.01715,1,0.022727272727272728,0.0,0,0
0.7596,0.18295,1,0.022727272727272728,0.0,0,0
0.7596,0.09986666666666667,1,0.022727272727272728,0.0,0,0
0.7596,0.18339999999999998,1,0.022727272727272728,0.0,0,0
0.7596,0.08323333333333333,1,0.022727272727272728,0.0,0,0
0.7596,3954.3946,1,0.022727272727272728,0.0,0,0
0.7596,141.36768333333333,1,0.022727272727272728,0.0,0,3
0.7596,0.08349999999999999,1,0.022222222222222223,0.0,0,0
0.7596,0.10013333333333334,1,0.022222222222222223,0.0,0,3
0.7596,0.00023333333333333333,1,0.021739130434782608,0.0,0,3
0.7596,0.18318333333333334,1,0.02127659574468085,0.0,0,3
0.7596,0.08318333333333333,1,0.02127659574468085,0.0,0,3
0.7596,0.10010000000000001,1,0.020833333333333332,0.0,0,3
0.7596,1.0233,1,0.020833333333333332,0.0,0,3
0.7596,0.10506666666666667,1,0.020833333333333332,0.0,0,3
0.7596,16.625233333333334,1,0.02040816326530612,0.0,0,3
0.7596,0.36665,1,0.02040816326530612,0.0,0,3
0.7596,0.00036666666666666667,1,0.02040816326530612,0.0,0,3
0.7596,1.3465166666666666,1,0.02040816326530612,0.0,0,3
0.7596,0.0002666666666666667,1,0.02040816326530612,0.0,0,0
0.7596,1.7993666666666668,1,0.02040816326530612,0.0,0,3
0.7596,0.09991666666666667,1,0.02040816326530612,0.0,0,0
0.7596,9.8,1,0.02040816326530612,0.0,0,3
0.7596,0.5501,1,0.02040816326530612,0.0,0,3
0.7596,0.6499666666666666,1,0.02040816326530612,0.0,0,3
0.7596,0.0006333333333333333,1,0.02040816326530612,0.0,0,3
0.7596,0.88465,1,0.02040816326530612,0.0,0,3
0.7596,0.1821833333333333,1,0.02040816326530612,0.0,0,3
0.7596,17.949633333333335,1,0.02040816326530612,0.0,0,0
0.7596,0.00016666666666666666,1,0.02040816326530612,0.0,0,3
0.7596,1.6663333333333334,1,0.02040816326530612,0.0,0,0
0.7596,0.10013333333333334,1,0.02040816326530612,0.0,0,3
0.7596,0.09995,1,0.02040816326530612,0.0,0,3
0.7596,0.3671333333333333,1,0.02040816326530612,0.0,0,3
0.7596,0.46640000000000004,1,0.02040816326530612,0.0,0,0
0.7596,2.6834,1,0.02040816326530612,0.0,0,0
0.7596,0.0002,1,0.02040816326530612,0.0,0,3
0.7596,0.0996,1,0.02040816326530612,0.0,0,0
0.7596,7.9337,1,0.02040816326530612,0.0,0,3
0.7596,0.09955,1,0.02040816326530612,0.0,0,0
0.7596,0.36691666666666667,1,0.02040816326530612,0.0,0,3
0.7596,0.10225,1,0.02040816326530612,0.0,0,3
0.7596,0.0002666666666666667,1,0.02040816326530612,0.0,0,3
0.7596,1.6645333333333334,1,0.02040816326530612,0.0,0,3
0.7596,0.08306666666666666,1,0.02040816326530612,0.0,0,3
0.7596,1.4166666666666667,1,0.02040816326530612,0.0,0,3
0.7596,0.08316666666666667,1,0.02040816326530612,0.0,0,0
0.7596,8.700433333333333,1,0.02040816326530612,0.0,0,3
0.7596,14.018233333333335,1,0.02040816326530612,0.0,0,0
0.7596,14.098866666666668,1,0.02040816326530612,0.0,0,3
0.7596,25.769233333333332,1,0.02040816326530612,0.0,0,0
0.7596,0.18078333333333332,1,0.02040816326530612,0.0,0,0
0.7596,3.0871,1,0.02040816326530612,0.0,0,0
0.7596,0.09671666666666666,1,0.02040816326530612,0.0,0,0
0.7596,12.918966666666668,1,0.02040816326530612,0.0,0,0
0.7596,0.9143333333333333,1,0.02040816326530612,0.0,0,3
0.7596,1415.1853999999998,1,0.02040816326530612,0.0,0,0
0.7596,62.9499,1,0.02040816326530612,0.0,0,0
0.7596,0.18301666666666666,1,0.02040816326530612,0.0,0,3
0.7596,1309.7476166666668,1,0.02040816326530612,0.0,0,0
0.7596,2.3158666666666665,1,0.02040816326530612,0.0,0,0
0.7596,105.58108333333332,1,0.02040816326530612,0.0,0,3
0.7596,0.00035,1,0.02040816326530612,0.0,0,3
0.7596,1.2997166666666666,1,0.02040816326530612,0.0,0,3
0.7596,0.54995,1,0.02040816326530612,0.0,0,0
0.7596,1.6666666666666667e-05,1,0.02,0.0,0,3
0.7596,0.10003333333333334,1,0.02,0.0,0,3
0.7596,1.8501666666666667,1,0.02,0.0,0,3
0.7596,0.00011666666666666667,1,0.02,0.0,0,3
0.7596,1.5671833333333334,1,0.02,0.0,0,3
0.7596,0.18333333333333332,1,0.02,0.0,0,3
0.7596,0.09935000000000001,1,0.02,0.0,0,3
0.7596,2.1341166666666664,1,0.02,0.0,0,3
0.7596,0.00016666666666666666,1,0.02,0.0,0,3
0.7596,0.5503,1,0.02,0.0,0,3
0.7596,4.6654333333333335,1,0.02,0.0,0,0
0.7596,0.08351666666666667,1,0.0196078431372549,0.0,0,3
0.7596,0.00028333333333333335,1,0.0196078431372549,0.0,0,3
0.7596,0.00028333333333333335,1,0.0196078431372549,0.0,0,3
0.7596,0.09988333333333334,1,0.0196078431372549,0.0,0,3
0.7596,0.00023333333333333333,1,0.019230769230769232,0.0,0,3
0.7596,0.08243333333333333,1,0.019230769230769232,0.0,0,3
0.7596,0.00016666666666666666,1,0.019230769230769232,0.0,0,3
0.7596,1.6665666666666668,1,0.019230769230769232,0.0,0,3
0.7596,0.1857666666666667,1,0.019230769230769232,0.0,0,3
0.7596,0.1974,1,0.019230769230769232,0.0,0,3
0.7596,1.2840166666666666,1,0.019230769230769232,0.0,0,3
0.7596,0.10008333333333333,1,0.019230769230769232,0.0,0,3
0.7596,0.18293333333333334,1,0.019230769230769232,0.0,0,3
0.7596,0.10001666666666667,1,0.019230769230769232,0.0,0,3
0.7596,2.3918833333333334,1,0.019230769230769232,0.0,0,3
0.7596,1.5084833333333334,1,0.019230769230769232,0.0,0,3
0.7596,0.08325,1,0.018867924528301886,0.0,0,3
0.7596,2.5003333333333333,1,0.018867924528301886,0.0,0,3
0.7596,0.0989,1,0.018867924528301886,0.0,0,3
0.7596,0.0002,1,0.018867924528301886,0.0,0,3
0.7596,0.08323333333333333,1,0.018867924528301886,0.0,0,3
0.7596,0.00025,1,0.018867924528301886,0.0,0,3
0.7596,0.00015,1,0.018867924528301886,0.0,0,3
0.7596,0.0996,1,0.018867924528301886,0.0,0,3
0.7596,0.0002666666666666667,1,0.018867924528301886,0.0,0,3
0.7596,0.08303333333333333,1,0.018867924528301886,0.0,0,0
0.7596,0.09963333333333332,1,0.018867924528301886,0.0,0,3
0.7596,0.00025,1,0.018867924528301886,0.0,0,3
0.7596,0.08375,1,0.018867924528301886,0.0,0,3
0.7596,0.0,1,0.018867924528301886,0.0,0,0
0.7596,0.38338333333333335,1,0.018518518518518517,0.0,0,0
0.7596,0.08333333333333333,1,0.018518518518518517,0.0,0,3
0.7596,0.00016666666666666666,1,0.018518518518518517,0.0,0,3
0.7596,1.2,1,0.018518518518518517,0.0,0,3
0.7596,3.6202833333333335,1,0.018518518518518517,0.0,0,3
0.7596,0.0968,1,0.018518518518518517,0.0,0,3
0.7596,0.00021666666666666666,1,0.018518518518518517,0.0,0,3
0.7596,0.002533333333333333,1,0.018518518518518517,0.0,0,0
0.7596,2.0303666666666667,1,0.018518518518518517,0.0,0,3
0.7596,0.00011666666666666667,1,0.018518518518518517,0.0,0,3
0.7596,0.083,1,0.018518518518518517,0.0,0,3
0.7596,0.20224999999999999,1,0.018518518518518517,0.0,0,0
0.7596,0.6309833333333333,1,0.018518518518518517,0.0,0,3
0.7596,0.8331166666666667,1,0.018518518518518517,0.0,0,0
0.7596,0.00021666666666666666,1,0.018518518518518517,0.0,0,3
0.7596,1.2998833333333333,1,0.018518518518518517,0.0,0,3
0.7596,0.00018333333333333334,1,0.018518518518518517,0.0,0,3
0.7596,0.10036666666666667,1,0.018518518518518517,0.0,0,3
0.7596,0.00015,1,0.018518518518518517,0.0,0,3
0.7596,0.2665,1,0.018518518518518517,0.0,0,3
0.7596,0.00025,1,0.018518518518518517,0.0,0,3
0.7596,0.09918333333333333,1,0.018518518518518517,0.0,0,3
0.7596,0.18376666666666666,1,0.018518518518518517,0.0,0,3
0.7596,0.7327333333333333,1,0.018518518518518517,0.0,0,3
0.7596,0.0002,1,0.01818181818181818,0.0,0,3
0.7596,0.10028333333333334,1,0.01818181818181818,0.0,0,3
0.7596,0.00036666666666666667,1,0.01818181818181818,0.0,0,0
0.7596,0.09926666666666667,1,0.01818181818181818,0.0,0,3
0.7596,0.00013333333333333334,1,0.01818181818181818,0.0,0,3
0.7596,0.00035,1,0.01818181818181818,0.0,0,3
0.7596,0.08361666666666667,1,0.01818181818181818,0.0,0,3
0.7596,0.00038333333333333334,1,0.01818181818181818,0.0,0,3
0.7596,0.09903333333333333,1,0.01818181818181818,0.0,0,3
0.7596,0.0831,1,0.01818181818181818,0.0,0,3
0.7596,0.0002,1,0.017857142857142856,0.0,0,3
0.7596,0.09996666666666668,1,0.017857142857142856,0.0,0,3
0.7596,0.08385,1,0.017857142857142856,0.0,0,3
0.7596,0.0002666666666666667,1,0.017543859649122806,0.0,0,3
0.7596,0.0994,1,0.017543859649122806,0.0,0,3
0.7596,2.3164833333333332,1,0.017543859649122806,0.0,0,0
0.7596,0.2664666666666667,1,0.017241379310344827,0.0,0,0
0.7596,0.10024999999999999,1,0.01694915254237288,0.0,0,0
0.7596,1.4833666666666665,1,0.016666666666666666,0.0,0,0
0.7596,18.987216666666665,1,0.01639344262295082,0.0,0,0
0.7596,0.4467,1,0.016129032258064516,0.0,0,0
0.7596,0.09998333333333333,1,0.015873015873015872,0.0,0,0
0.7596,0.09988333333333334,1,0.015625,0.0,0,0
0.7596,0.0011666666666666668,1,0.015625,0.0,0,3
0.7596,0.0002666666666666667,1,0.015625,0.0,0,3
0.7596,2.3485,1,0.015625,0.0,0,3
0.7596,1.2497166666666668,1,0.015625,0.0,0,3
0.7596,0.10021666666666666,1,0.015625,0.0,0,0
0.7596,0.08288333333333334,1,0.015625,0.0,0,3
0.7596,0.00016666666666666666,1,0.015625,0.0,0,3
0.7596,0.09981666666666666,1,0.015625,0.0,0,3
0.7596,2.866633333333333,1,0.015384615384615385,0.0,0,3
0.7596,0.18475000000000003,1,0.015384615384615385,0.0,0,3
0.7596,0.09908333333333334,1,0.015384615384615385,0.0,0,3
0.7596,0.00015,1,0.015384615384615385,0.0,0,3
0.7596,0.1835,1,0.015384615384615385,0.0,0,3
0.7596,0.08356666666666666,1,0.015384615384615385,0.0,0,3
0.7596,0.0001,1,0.015384615384615385,0.0,0,3
0.7596,971.7359666666667,1,0.015384615384615385,0.0,0,0
0.7596,0.00016666666666666666,1,0.015384615384615385,0.0,0,3
0.7596,0.08598333333333333,1,0.015384615384615385,0.0,0,0
0.7596,0.00023333333333333333,1,0.015151515151515152,0.0,0,3
0.7596,0.00011666666666666667,1,0.015151515151515152,0.0,0,0
0.7596,0.18471666666666667,1,0.015151515151515152,0.0,0,0
0.7596,2.0471833333333334,1,0.015151515151515152,0.0,0,0
0.7596,0.36488333333333334,1,0.014925373134328358,0.0,0,0
0.7596,1.9498666666666666,1,0.014925373134328358,0.0,0,0
0.7596,0.08326666666666667,1,0.014705882352941176,0.0,0,0
0.7596,1.0338666666666667,1,0.014705882352941176,0.0,0,3
0.7596,0.0004166666666666667,1,0.014705882352941176,0.0,0,0
0.7596,0.06613333333333334,1,0.014705882352941176,0.0,0,3
0.7596,9.618316666666667,1,0.014705882352941176,0.0,0,0
0.7596,0.1816,1,0.014705882352941176,0.0,0,0
0.7596,0.09986666666666667,1,0.014705882352941176,0.0,0,3
0.7596,0.0002666666666666667,1,0.014705882352941176,0.0,0,3
0.7596,6.65,1,0.014705882352941176,0.0,0,3
0.7596,0.10036666666666667,1,0.014705882352941176,0.0,0,3
0.7596,0.00013333333333333334,1,0.014705882352941176,0.0,0,3
0.7596,1.8496833333333333,1,0.014705882352941176,0.0,0,3
0.7596,0.09973333333333333,1,0.014705882352941176,0.0,0,3
0.7596,0.00021666666666666666,1,0.014492753623188406,0.0,0,3
0.7596,0.00031666666666666665,1,0.014492753623188406,0.0,0,3
0.7596,0.0829,1,0.014492753623188406,0.0,0,0
0.7596,0.0008166666666666667,1,0.014492753623188406,0.0,0,3
0.7596,8.06615,1,0.014285714285714285,0.0,0,0
0.7596,0.00021666666666666666,1,0.014285714285714285,0.0,0,0
0.7596,0.3659166666666666,1,0.014285714285714285,0.0,0,0
0.7596,0.08351666666666667,1,0.014285714285714285,0.0,0,0
0.7596,0.10026666666666667,1,0.014084507042253521,0.0,0,0
0.7596,0.08298333333333334,1,0.014084507042253521,0.0,0,0
0.7596,0.6501333333333333,1,0.014084507042253521,0.0,0,0
0.7596,0.09981666666666666,1,0.014084507042253521,0.0,0,3
0.7596,0.00018333333333333334,1,0.014084507042253521,0.0,0,3
0.7596,57.68508333333333,1,0.014084507042253521,0.0,0,3
0.7596,0.28214999999999996,1,0.014084507042253521,0.0,0,3
0.7596,0.18363333333333334,1,0.014084507042253521,0.0,0,0
0.7596,5.383,1,0.014084507042253521,0.0,0,0
0.7596,0.1835,1,0.014084507042253521,0.0,0,3
0.7596,0.19988333333333333,1,0.014084507042253521,0.0,0,3
0.7596,0.26663333333333333,1,0.014084507042253521,0.0,0,0
0.7596,6.666666666666667e-05,1,0.014084507042253521,0.0,0,3
0.7596,6.016866666666667,1,0.014084507042253521,0.0,0,0
0.7596,0.10078333333333332,1,0.013888888888888888,0.0,0,3
0.7596,0.00023333333333333333,1,0.013888888888888888,0.0,0,3
0.7596,0.36533333333333334,1,0.013888888888888888,0.0,0,3
0.7596,0.00031666666666666665,1,0.013888888888888888,0.0,0,0
0.7596,0.10015,1,0.013888888888888888,0.0,0,3
0.7596,0.083,1,0.013888888888888888,0.0,0,3
0.7596,0.09993333333333335,1,0.013888888888888888,0.0,0,3
0.7596,0.08388333333333334,1,0.013888888888888888,0.0,0,3
0.7596,0.18291666666666667,1,0.013888888888888888,0.0,0,3
0.7596,0.0002666666666666667,1,0.013888888888888888,0.0,0,3
0.7596,0.28305,1,0.013888888888888888,0.0,0,3
0.7596,0.00013333333333333334,1,0.013888888888888888,0.0,0,3
0.7596,5e-05,1,0.013888888888888888,0.0,0,0
0.7596,0.0002,1,0.013888888888888888,0.0,0,3
0.7596,0.00013333333333333334,1,0.013888888888888888,0.0,0,3
0.7596,0.09935000000000001,1,0.013888888888888888,0.0,0,0
0.7596,0.00023333333333333333,1,0.013888888888888888,0.0,0,3
0.7596,0.08311666666666667,1,0.013888888888888888,0.0,0,3
0.7596,0.00018333333333333334,1,0.013888888888888888,0.0,0,3
0.7596,18.666416666666667,1,0.013888888888888888,0.0,0,0
0.7596,0.8347333333333334,1,0.013888888888888888,0.0,0,0
0.7596,0.36583333333333334,1,0.013888888888888888,0.0,0,0
0.7596,77.78371666666666,1,0.013888888888888888,0.0,0,3
0.7596,0.08315,1,0.013888888888888888,0.0,0,3
0.7596,2.6836333333333333,1,0.013888888888888888,0.0,0,3
0.7596,0.09981666666666666,1,0.013888888888888888,0.0,0,3
0.7596,1.3842,1,0.013888888888888888,0.0,0,3
0.7596,0.00018333333333333334,1,0.013888888888888888,0.0,0,3
0.7596,0.2833333333333333,1,0.013888888888888888,0.0,0,3
0.7596,0.08218333333333333,1,0.013888888888888888,0.0,0,3
0.7596,0.5668833333333333,1,0.013888888888888888,0.0,0,3
0.7596,0.18348333333333333,1,0.013888888888888888,0.0,0,3
0.7596,0.00025,1,0.013888888888888888,0.0,0,3
0.7596,0.083,1,0.013888888888888888,0.0,0,3
0.7596,0.00021666666666666666,1,0.013888888888888888,0.0,0,3
0.7596,1.2165333333333335,1,0.013888888888888888,0.0,0,3
0.7596,0.07875,1,0.013888888888888888,0.0,0,3
0.7596,0.00015,1,0.013888888888888888,0.0,0,3
0.7596,1.8547333333333333,1,0.013888888888888888,0.0,0,3
0.7596,0.1003,1,0.013888888888888888,0.0,0,3
0.7596,0.183,1,0.013888888888888888,0.0,0,3
0.7596,0.0003,1,0.013888888888888888,0.0,0,3
0.7596,3.0499333333333336,1,0.013888888888888888,0.0,0,3
0.7596,0.183,1,0.013888888888888888,0.0,0,3
0.7596,0.00016666666666666666,1,0.013888888888888888,0.0,0,3
0.7596,0.38301666666666667,1,0.013888888888888888,0.0,0,3
0.7596,0.00025,1,0.013888888888888888,0.0,0,3
0.7596,0.083,1,0.013888888888888888,0.0,0,3
0.7596,0.28351666666666664,1,0.013888888888888888,0.0,0,3
0.7596,1.01635,1,0.013888888888888888,0.0,0,3
0.7596,1.5171333333333334,1,0.013888888888888888,0.0,0,0
0.7596,0.00025,1,0.013888888888888888,0.0,0,3
0.7596,0.09971666666666666,1,0.013888888888888888,0.0,0,3
0.7596,0.5497333333333334,1,0.013888888888888888,0.0,0,3
0.7596,0.00011666666666666667,1,0.013888888888888888,0.0,0,3
0.7596,0.26666666666666666,1,0.013888888888888888,0.0,0,0
0.7596,0.08321666666666667,1,0.013888888888888888,0.0,0,0
0.7596,0.7502666666666666,1,0.013888888888888888,0.0,0,0
0.7596,0.2666,1,0.013888888888888888,0.0,0,0
0.7596,1.4834500000000002,1,0.013888888888888888,0.0,0,3
0.7596,5.283083333333334,1,0.013888888888888888,0.0,0,3
0.7596,0.0002666666666666667,1,0.013888888888888888,0.0,0,3
0.7596,0.08365,1,0.013888888888888888,0.0,0,3
0.7596,0.46653333333333336,1,0.013888888888888888,0.0,0,0
0.7596,0.09933333333333333,1,0.013888888888888888,0.0,0,3
0.7596,0.00021666666666666666,1,0.013888888888888888,0.0,0,3
0.7596,1.0167333333333333,1,0.013888888888888888,0.0,0,3
0.7596,0.00016666666666666666,1,0.013888888888888888,0.0,0,3
0.7596,0.2833,1,0.013888888888888888,0.0,0,3
0.7596,0.00016666666666666666,1,0.013888888888888888,0.0,0,3
0.7596,0.0832,1,0.013888888888888888,0.0,0,3
0.7596,0.7348333333333333,1,0.013888888888888888,0.0,0,3
0.7596,0.092,1,0.013888888888888888,0.0,0,0
0.7596,0.00023333333333333333,1,0.013888888888888888,0.0,0,3
0.7596,0.09185,1,0.013888888888888888,0.0,0,3
0.7596,1.5806666666666667,1,0.013888888888888888,0.0,0,3
0.7596,0.28356666666666663,1,0.013888888888888888,0.0,0,3
0.7596,0.3669,1,0.013888888888888888,0.0,0,3
0.7596,0.18326666666666666,1,0.013888888888888888,0.0,0,3
0.7596,0.2831166666666666,1,0.013888888888888888,0.0,0,3
0.7596,0.46649999999999997,1,0.013888888888888888,0.0,0,3
0.7596,0.6837,1,0.013888888888888888,0.0,0,3
0.7596,0.00023333333333333333,1,0.013888888888888888,0.0,0,3
0.7596,5.966233333333333,1,0.013888888888888888,0.0,0,3
0.7596,0.10076666666666667,1,0.013888888888888888,0.0,0,3
0.7596,0.0002,1,0.013888888888888888,0.0,0,3
0.7596,0.18275,1,0.013888888888888888,0.0,0,3
0.7596,0.0005666666666666667,1,0.013888888888888888,0.0,0,3
0.7596,0.28305,1,0.013888888888888888,0.0,0,3
0.7596,0.08323333333333333,1,0.013888888888888888,0.0,0,0
0.7596,6.666666666666667e-05,1,0.013888888888888888,0.0,0,3
0.7596,0.0002666666666666667,1,0.013888888888888888,0.0,0,3
0.7596,0.09993333333333335,1,0.013888888888888888,0.0,0,3
0.7596,0.08258333333333333,1,0.013888888888888888,0.0,0,0
0.7596,0.10015,1,0.013888888888888888,0.0,0,0
0.7596,11.383849999999999,1,0.013888888888888888,0.0,0,0
0.7596,0.09926666666666667,1,0.013888888888888888,0.0,0,3
0.7596,0.00015,1,0.013888888888888888,0.0,0,3
0.7596,1.1168166666666666,1,0.013888888888888888,0.0,0,3
0.7596,0.0831,1,0.013888888888888888,0.0,0,3
0.7596,2.1336333333333335,1,0.013888888888888888,0.0,0,3
0.7596,0.08311666666666667,1,0.013888888888888888,0.0,0,3
0.7596,0.0004166666666666667,1,0.013888888888888888,0.0,0,3
0.7596,0.047933333333333335,1,0.013888888888888888,0.0,0,3
0.7596,0.00021666666666666666,1,0.013888888888888888,0.0,0,3
0.7596,0.16838333333333333,1,0.013888888888888888,0.0,0,3
0.7596,0.09995,1,0.013888888888888888,0.0,0,3
0.7596,1.4833166666666666,1,0.013888888888888888,0.0,0,3
0.7596,0.08326666666666667,1,0.013888888888888888,0.0,0,3
0.7596,1.30055,1,0.013888888888888888,0.0,0,0
0.7596,0.08333333333333333,1,0.013888888888888888,0.0,0,3
0.7596,0.10086666666666666,1,0.013888888888888888,0.0,0,3
0.7596,0.9155666666666666,1,0.013888888888888888,0.0,0,3
0.7596,0.00016666666666666666,1,0.013888888888888888,0.0,0,3
0.7596,0.19988333333333333,1,0.013888888888888888,0.0,0,0
0.7596,0.08278333333333333,1,0.013888888888888888,0.0,0,3
0.7596,0.00021666666666666666,1,0.013888888888888888,0.0,0,3
0.7596,0.28404999999999997,1,0.013888888888888888,0.0,0,3
0.7596,0.08256666666666666,1,0.013888888888888888,0.0,0,0
0.7596,0.0028666666666666662,1,0.013888888888888888,0.0,0,3
0.7596,0.09715,1,0.013888888888888888,0.0,0,3
0.7596,0.284,1,0.013888888888888888,0.0,0,3
0.7596,0.08273333333333334,1,0.013888888888888888,0.0,0,3
0.7596,0.18305000000000002,1,0.013888888888888888,0.0,0,3
0.7596,0.00023333333333333333,1,0.013888888888888888,0.0,0,3
0.7596,0.7499833333333333,1,0.013888888888888888,0.0,0,3
0.7596,2.9500666666666664,1,0.013888888888888888,0.0,0,3
0.7596,0.00035,1,0.013888888888888888,0.0,0,3
0.7596,0.10003333333333334,1,0.013888888888888888,0.0,0,3
0.7596,0.09956666666666666,1,0.013888888888888888,0.0,0,3
0.7596,0.08455,1,0.013888888888888888,0.0,0,0
0.7596,0.00028333333333333335,1,0.013888888888888888,0.0,0,3
0.7596,1.6817333333333333,1,0.013888888888888888,0.0,0,3
0.7596,0.0002666666666666667,1,0.013888888888888888,0.0,0,3
0.7596,2.233633333333333,1,0.013888888888888888,0.0,0,3
0.7596,0.083,1,0.013888888888888888,0.0,0,3
0.7596,1.6666666666666667e-05,1,0.013888888888888888,0.0,0,0
0.7596,0.00021666666666666666,1,0.013888888888888888,0.0,0,3
0.7596,0.09971666666666666,1,0.013888888888888888,0.0,0,3
0.7596,0.08355,1,0.013888888888888888,0.0,0,0
0.7596,0.10005,1,0.013888888888888888,0.0,0,0
0.7596,0.0002,1,0.0136986301369863,0.0,0,3
0.7596,0.08295000000000001,1,0.0136986301369863,0.0,0,3
0.7596,0.00016666666666666666,1,0.0136986301369863,0.0,0,3
0.7596,0.0003,1,0.0136986301369863,0.0,0,0
0.7596,0.36761666666666665,1,0.0136986301369863,0.0,0,3
0.7596,0.00028333333333333335,1,0.0136986301369863,0.0,0,3
0.7596,4.448916666666666,1,0.0136986301369863,0.0,0,3
0.7596,1.0167166666666667,1,0.0136986301369863,0.0,0,3
0.7596,0.09925,1,0.0136986301369863,0.0,0,3
0.7596,0.00028333333333333335,1,0.0136986301369863,0.0,0,3
0.7596,0.36698333333333333,1,0.0136986301369863,0.0,0,3
0.7596,0.18306666666666666,1,0.0136986301369863,0.0,0,3
0.7596,0.18278333333333335,1,0.0136986301369863,0.0,0,3
0.7596,0.10053333333333334,1,0.0136986301369863,0.0,0,3
0.7596,0.0006333333333333333,1,0.0136986301369863,0.0,0,3
0.7596,0.08315,1,0.0136986301369863,0.0,0,3
0.7596,0.38301666666666667,1,0.0136986301369863,0.0,0,3
0.7596,1.0995,1,0.0136986301369863,0.0,0,3
0.7596,0.3834666666666667,1,0.0136986301369863,0.0,0,0
0.7596,0.08343333333333333,1,0.0136986301369863,0.0,0,0
0.7596,0.2830833333333333,1,0.0136986301369863,0.0,0,0
0.7596,0.7499,1,0.0136986301369863,0.0,0,0
0.7596,0.08338333333333334,1,0.0136986301369863,0.0,0,0
0.7596,0.4676166666666666,1,0.0136986301369863,0.0,0,3
0.7596,0.08236666666666667,1,0.0136986301369863,0.0,0,3
0.7596,0.20025,1,0.0136986301369863,0.0,0,3
0.7596,0.08308333333333334,1,0.0136986301369863,0.0,0,3
0.7596,0.00018333333333333334,1,0.0136986301369863,0.0,0,3
0.7596,0.14368333333333333,1,0.0136986301369863,0.0,0,3
0.7596,0.1738,1,0.0136986301369863,0.0,0,3
0.7596,0.0005,1,0.0136986301369863,0.0,0,3
0.7596,0.18211666666666665,1,0.0136986301369863,0.0,0,3
0.7596,0.08311666666666667,1,0.0136986301369863,0.0,0,3
0.7596,0.46681666666666666,1,0.0136986301369863,0.0,0,3
0.7596,2.9671833333333333,1,0.0136986301369863,0.0,0,3
0.7596,0.00028333333333333335,1,0.0136986301369863,0.0,0,3
0.7596,4.066533333333333,1,0.0136986301369863,0.0,0,3
0.7596,0.09226666666666666,1,0.0136986301369863,0.0,0,3
0.7596,0.00013333333333333334,1,0.0136986301369863,0.0,0,3
0.7596,0.27363333333333334,1,0.0136986301369863,0.0,0,0
0.7596,0.7335666666666667,1,0.0136986301369863,0.0,0,3
0.7596,0.09976666666666666,1,0.0136986301369863,0.0,0,3
0.7596,1.1007,1,0.0136986301369863,0.0,0,3
0.7596,3.1494333333333335,1,0.0136986301369863,0.0,0,3
0.7596,0.00018333333333333334,1,0.0136986301369863,0.0,0,3
0.7596,2.03365,1,0.0136986301369863,0.0,0,3
0.7596,0.09953333333333333,1,0.0136986301369863,0.0,0,0
0.7596,0.00036666666666666667,1,0.0136986301369863,0.0,0,3
0.7596,0.00016666666666666666,1,0.0136986301369863,0.0,0,3
0.7596,31.684700000000003,1,0.0136986301369863,0.0,0,0
0.7596,1.6654333333333333,1,0.0136986301369863,0.0,0,2
0.7596,0.09951666666666667,1,0.0136986301369863,0.0,0,2
0.7596,1117.2058,1,0.0136986301369863,0.0,0,0
0.7596,7.868216666666667,1,0.0136986301369863,0.0,0,3
0.7596,0.18291666666666667,1,0.0136986301369863,0.0,0,0
0.7596,36.78285,1,0.0136986301369863,0.0,0,3
0.7596,0.09995,1,0.0136986301369863,0.0,0,0
0.7596,53.50305,1,0.0136986301369863,0.0,0,0
0.7596,1.58155,1,0.0136986301369863,0.0,0,0
0.7596,4251.335816666667,1,0.0136986301369863,0.0,0,0
0.7596,11.383816666666666,1,0.0136986301369863,0.0,0,0
0.7596,0.28368333333333334,1,0.0136986301369863,0.0,0,0
0.7596,2.7659666666666665,1,0.0136986301369863,0.0,0,0
0.7596,0.09998333333333333,1,0.0136986301369863,0.0,0,0
0.7596,0.8342166666666666,1,0.0136986301369863,0.0,0,0
0.7596,14.349433333333334,1,0.013513513513513514,0.0,0,0
0.7596,1.0162833333333332,1,0.013513513513513514,0.0,0,0
0.7596,0.09986666666666667,1,0.013333333333333334,0.0,0,0
0.7596,13342.002266666668,1,0.013333333333333334,0.0,0,3
0.7596,0.2832166666666666,1,0.013333333333333334,0.0,0,3
0.7596,3.4503,1,0.013333333333333334,0.0,0,0
0.6104,0.09956666666666666,1,0.0,0.0,0,3
0.8409,13.882916666666667,1,0.0,0.0,0,0
0.8409,0.3656333333333333,1,0.0,0.0,0,0
0.9784,5.00295,1,0.0,0.0,0,3
0.9784,0.7478333333333332,1,0.0,0.0,0,3
0.6104,0.4670166666666667,1,0.0,0.0,0,0
0.8419,20.3362,1,0.0,0.0,0,3
0.9784,9.551233333333332,1,0.0,0.21,0,3
0.9784,0.2649833333333333,1,0.0,0.21,0,4
0.9784,0.00013333333333333334,1,0.25,0.21,0,3
0.1379,5756.705983333333,1,0.25,0.71,0,3
0.8928,0.46585,1,0.2,0.38,0,3
0.8928,6.950033333333334,1,0.16666666666666666,0.38,0,3
0.8928,5.089816666666667,1,0.16666666666666666,0.38,0,3
0.8409,90.5458,1,0.16666666666666666,0.0,0,3
0.8419,0.09631666666666666,1,0.16666666666666666,0.0,0,3
0.6104,0.20058333333333334,1,0.16666666666666666,0.0,0,3
0.1379,0.00021666666666666666,1,0.16666666666666666,0.0,0,3
0.5926,4.350933333333333,1,0.14285714285714285,0.0,0,1
0.5926,0.00018333333333333334,1,0.125,0.0,0,3
0.5926,0.00013333333333333334,1,0.125,0.0,0,3
0.5926,0.09918333333333333,1,0.125,0.0,0,3
0.5926,0.00011666666666666667,1,0.125,0.0,0,1
0.5926,0.08368333333333333,1,0.125,0.0,0,3
0.2864,161.87543333333332,1,0.125,0.0,0,3
0.1379,0.18216666666666667,1,0.1111111111111111,0.43,0,3
0.8533,8.333333333333333e-05,1,0.1,1.58,0,3
0.1379,1.9482833333333334,1,0.09090909090909091,0.0,0,3
0.9784,13.4176,1,0.08333333333333333,0.42,0,3
0.9784,0.0951,1,0.08333333333333333,0.42,0,4
0.9784,19.717733333333335,1,0.08333333333333333,0.42,0,0
0.6052,72.58606666666667,1,0.08333333333333333,-1.25,0,3
0.6052,8.333333333333333e-05,1,0.07692307692307693,-1.25,0,4
0.9784,33.228366666666666,1,0.15384615384615385,0.42,0,3
0.9784,0.18106666666666668,1,0.15384615384615385,0.42,0,3
0.9784,956.6702666666666,1,0.15384615384615385,0.42,0,0
0.8419,0.5503833333333333,1,0.15384615384615385,0.0,0,3
0.8409,6.38905,1,0.15384615384615385,0.0,0,3
0.6104,0.00021666666666666666,1,0.15384615384615385,0.0,0,3
0.0909,0.7514333333333333,1,0.15384615384615385,0.86,0,3
0.8419,4.524500000000001,1,0.14285714285714285,0.0,0,3
0.9784,12.773633333333333,1,0.14285714285714285,0.42,0,3
0.4315,0.45885,1,0.14285714285714285,-0.96,0,3
0.4315,0.00011666666666666667,1,0.13333333333333333,-0.96,0,3
0.4315,8.333333333333333e-05,1,0.13333333333333333,-0.96,0,3
0.4315,0.10033333333333333,1,0.13333333333333333,-0.96,0,3
0.2647,0.0829,1,0.13333333333333333,0.78,0,3
0.2647,0.5664666666666667,1,0.125,0.78,0,3
0.3856,0.3668666666666667,1,0.125,0.0,0,3
0.9784,5.26945,1,0.11764705882352941,0.42,0,3
0.3856,384.91195,1,0.11764705882352941,-0.37,0,3
0.8419,88.25191666666666,1,0.11764705882352941,0.0,0,3
0.8419,0.0003,1,0.11764705882352941,0.0,0,3
0.8419,0.00016666666666666666,1,0.11764705882352941,0.0,0,3
0.8419,0.23906666666666665,1,0.11764705882352941,0.0,0,3
0.8419,0.0001,1,0.11764705882352941,0.0,0,3
0.8419,0.00013333333333333334,1,0.11764705882352941,0.0,0,3
0.8419,0.0,1,0.11764705882352941,0.0,0,3
0.8419,942.5082,1,0.11764705882352941,0.0,0,3
0.6104,2875.822833333333,1,0.11764705882352941,0.0,0,3
0.8419,0.42301666666666665,1,0.11764705882352941,0.0,0,3
0.9577,44.43315,1,0.11764705882352941,0.18,0,3
0.9577,0.00023333333333333333,1,0.1111111111111111,0.18,0,3
0.9577,0.00016666666666666666,1,0.1111111111111111,0.18,0,3
0.7796,0.09965,1,0.1111111111111111,0.36,0,3
0.7796,0.00021666666666666666,1,0.10526315789473684,0.36,0,3
0.7796,13.792283333333334,1,0.10526315789473684,0.0,0,3
0.5926,5719.884650000001,1,0.10526315789473684,0.0,0,3
0.7596,15.528683333333333,1,0.10526315789473684,0.0,0,0
0.5926,2.1045666666666665,1,0.1,0.0,0,1
0.5926,0.00035,1,0.1,0.0,0,3
0.8419,0.00065,1,0.1,0.0,0,1
0.8419,0.09925,1,0.1,0.0,0,1
0.8419,0.18339999999999998,1,0.1,0.0,0,3
0.8419,0.0004,1,0.1,0.0,0,3
0.8419,0.09995,1,0.1,0.0,0,3
0.8419,0.0003333333333333333,1,0.1,0.0,0,3
0.8419,0.00025,1,0.1,0.0,0,3
0.8419,0.18333333333333332,1,0.1,0.0,0,3
0.9672,4.249783333333333,1,0.1,0.0,0,3
0.9509,3.8842,1,0.09523809523809523,1.22,0,3
0.9509,0.09891666666666667,1,0.09090909090909091,1.22,0,3
0.9509,0.18511666666666665,1,0.09090909090909091,1.22,0,3
0.9509,0.4653333333333334,1,0.09090909090909091,1.22,0,3
0.9509,0.08363333333333332,1,0.09090909090909091,1.22,0,3
0.9509,0.19958333333333333,1,0.09090909090909091,1.22,0,3
0.9784,0.18238333333333331,1,0.09090909090909091,0.0,0,3
0.9784,0.08311666666666667,1,0.09090909090909091,0.0,0,3
0.9672,0.00075,1,0.09090909090909091,0.0,0,3
0.9672,0.09945,1,0.09090909090909091,0.0,0,3
0.9672,0.00028333333333333335,1,0.09090909090909091,0.0,0,3
0.9672,0.00025,1,0.09090909090909091,0.0,0,3
0.9672,0.0002,1,0.09090909090909091,0.0,0,3
0.9672,0.08248333333333333,1,0.09090909090909091,0.0,0,3
0.9672,0.09985,1,0.09090909090909091,0.0,0,3
0.9672,0.00036666666666666667,1,0.09090909090909091,0.0,0,3
0.8928,0.08253333333333333,1,0.09090909090909091,0.0,0,3
0.8928,0.0003333333333333333,1,0.09090909090909091,0.0,0,3
0.8928,0.00031666666666666665,1,0.09090909090909091,0.0,0,3
0.8928,0.00038333333333333334,1,0.09090909090909091,0.0,0,3
0.8928,0.00036666666666666667,1,0.09090909090909091,0.0,0,3
0.8928,1.6669166666666666,1,0.09090909090909091,0.0,0,3
0.8409,2.9654499999999997,1,0.09090909090909091,0.0,0,3
0.1379,0.46613333333333334,1,0.09090909090909091,0.0,0,3
0.9084,0.10023333333333334,1,0.08695652173913043,0.59,0,3
0.6104,0.3672833333333333,1,0.08333333333333333,0.0,0,1
0.6104,0.18345,1,0.08333333333333333,0.0,0,3
0.1379,1.1997833333333332,1,0.08333333333333333,-0.26,0,3
0.9084,0.28275,1,0.08,0.59,0,3
0.9084,0.00031666666666666665,1,0.08,0.59,0,3
0.9084,0.08336666666666666,1,0.08,0.59,0,3
0.9084,0.0004166666666666667,1,0.08,0.59,0,3
0.1379,0.2836166666666667,1,0.08,0.0,0,3
0.9121,0.09936666666666666,1,0.07692307692307693,1.17,0,3
0.9121,0.00025,1,0.07407407407407407,1.17,0,3
0.9121,0.0004333333333333333,1,0.07407407407407407,1.17,0,3
0.9121,0.5491499999999999,1,0.07407407407407407,1.17,0,3
0.9121,0.2825666666666667,1,0.07407407407407407,1.17,0,3
0.9784,4.353266666666667,1,0.07407407407407407,0.0,0,3
0.9577,6.4645166666666665,1,0.07407407407407407,0.0,0,3
0.9784,15.11715,1,0.07407407407407407,0.0,0,3
0.9784,0.0003,1,0.07407407407407407,0.0,0,4
0.9784,10.233133333333335,1,0.07407407407407407,0.0,0,3
0.9784,0.0004166666666666667,1,0.07407407407407407,0.0,0,4
0.9784,1.11515,1,0.07407407407407407,0.0,0,3
0.9784,0.18211666666666665,1,0.07407407407407407,0.0,0,3
0.9784,0.00031666666666666665,1,0.07407407407407407,0.0,0,4
0.9784,0.18348333333333333,1,0.07407407407407407,0.0,0,3
0.9784,0.0003333333333333333,1,0.07407407407407407,0.0,0,4
0.9784,1.8501166666666669,1,0.07407407407407407,0.0,0,3
0.9784,2.8822833333333335,1,0.07407407407407407,0.0,0,3
0.9784,0.00036666666666666667,1,0.07407407407407407,0.0,0,0
0.9784,0.0002,1,0.07407407407407407,0.0,0,4
0.9784,0.18323333333333333,1,0.07407407407407407,0.0,0,0
0.9784,0.08408333333333333,1,0.07407407407407407,0.0,0,3
0.9784,0.09918333333333333,1,0.07407407407407407,0.0,0,3
0.9784,0.0003,1,0.07407407407407407,0.0,0,3
0.1531,7.03395,1,0.07407407407407407,-0.9,0,3
0.7596,64.61691666666667,1,0.07142857142857142,-0.3,0,0
0.7846,102.71081666666667,1,0.06896551724137931,0.14,0,3
0.7846,0.00046666666666666666,1,0.06666666666666667,0.14,0,3
0.7846,0.00105,1,0.06666666666666667,0.14,0,3
0.8533,0.1996666666666667,1,0.06666666666666667,0.9,0,3
0.7796,0.0006666666666666666,1,0.06666666666666667,0.0,0,3
0.9784,1162.2922,1,0.06666666666666667,0.43,0,3
0.9784,0.09913333333333334,1,0.06666666666666667,0.43,0,4
0.9784,5.45035,1,0.06666666666666667,0.43,0,3
0.9784,22.250216666666667,1,0.06666666666666667,0.0,0,3
0.9784,0.10010000000000001,1,0.06666666666666667,0.0,0,4
0.9784,0.3836333333333333,1,0.06666666666666667,0.0,0,3
0.9784,0.00028333333333333335,1,0.06666666666666667,0.0,0,4
0.9784,1.5401833333333335,1,0.06666666666666667,0.0,0,3
0.9784,0.00025,1,0.06666666666666667,0.0,0,4
0.9784,0.0921,1,0.06666666666666667,0.0,0,3
0.9784,0.00031666666666666665,1,0.06666666666666667,0.0,0,4
0.5926,31.999616666666668,1,0.06666666666666667,0.0,0,3
0.9784,0.3651666666666667,1,0.06666666666666667,0.0,0,3
0.9784,0.00021666666666666666,1,0.06666666666666667,0.0,0,4
0.9784,2.5662000000000003,1,0.06666666666666667,0.0,0,3
0.9784,0.10003333333333334,1,0.06666666666666667,0.0,0,4
0.9577,3.4016333333333337,1,0.06666666666666667,0.19,0,3
0.9577,0.00045,1,0.06666666666666667,0.19,0,4
0.9784,5.632333333333333,1,0.1,-0.43,0,3
0.9784,0.00036666666666666667,1,0.1,-0.43,0,4
0.9784,0.09833333333333334,1,0.1,-0.43,0,3
0.9121,0.18548333333333333,1,0.1,2.91,0,3
0.9121,0.09823333333333334,1,0.1,2.91,0,4
0.4315,7.14985,1,0.13333333333333333,-1.55,0,3
0.6104,7119.60845,1,0.13333333333333333,0.0,0,0
0.9577,6.566716666666666,1,0.13333333333333333,-0.75,0,3
0.9577,0.0006666666666666666,1,0.13333333333333333,-0.75,0,3
0.9577,0.00055,1,0.13333333333333333,-0.75,0,4
0.9784,1.2992833333333331,1,0.13333333333333333,0.0,0,3
0.9784,0.08349999999999999,1,0.13333333333333333,0.0,0,4
0.9784,30.364649999999997,1,0.13333333333333333,0.0,0,0
0.1379,1835.0103666666666,1,0.13333333333333333,0.0,0,3
0.6104,1302.3093333333334,1,0.12903225806451613,0.0,0,0
0.6104,1.1170166666666668,1,0.12903225806451613,0.0,0,0
0.8419,1147.33435,1,0.12903225806451613,0.0,0,3
0.9577,129.29946666666666,1,0.12903225806451613,0.19,0,3
0.1379,20.981350000000003,1,0.12903225806451613,0.71,0,3
0.9784,0.7497333333333334,1,0.125,-0.43,0,3
0.9784,0.0004333333333333333,1,0.125,-0.43,0,3
0.9784,0.08688333333333334,1,0.125,-0.43,0,3
0.9784,0.18046666666666666,1,0.125,-0.43,0,3
0.9784,0.00025,1,0.125,-0.43,0,3
0.9784,1.00235,1,0.125,-0.43,0,3
0.9784,123.9502,1,0.125,-0.87,0,3
0.9784,0.09805,1,0.125,-0.87,0,0
0.9784,0.1836,1,0.125,-0.87,0,0
0.9784,0.2830833333333333,1,0.125,-0.87,0,3
0.9784,0.08573333333333334,1,0.125,-0.87,0,4
0.9784,0.0004166666666666667,1,0.125,-0.87,0,3
0.9784,0.28500000000000003,1,0.125,-0.87,0,3
0.9784,0.6479666666666667,1,0.125,-0.87,0,3
0.9784,0.48145,1,0.125,-0.87,0,3
0.9784,0.0003333333333333333,1,0.125,-0.87,0,3
0.9784,0.0002666666666666667,1,0.125,-0.87,0,3
0.9784,0.00025,1,0.125,-0.87,0,3
0.9784,0.0002666666666666667,1,0.125,-0.87,0,3
0.9784,0.00025,1,0.125,-0.87,0,0
0.9784,0.0003,1,0.125,-0.87,0,3
0.9784,0.0002666666666666667,1,0.125,-0.87,0,3
0.9784,0.10018333333333333,1,0.125,-0.87,0,3
0.9784,0.00038333333333333334,1,0.125,-0.87,0,3
0.9784,0.0002666666666666667,1,0.125,-0.87,0,3
0.9784,0.00028333333333333335,1,0.125,-0.87,0,3
0.9784,0.00028333333333333335,1,0.125,-0.87,0,3
0.9784,0.00025,1,0.125,-0.87,0,3
0.9784,0.08091666666666668,1,0.125,-0.87,0,3
0.9784,0.43173333333333336,1,0.125,-0.87,0,3
0.9784,4.616433333333333,1,0.125,-0.87,0,3
0.9784,0.0003333333333333333,1,0.125,-0.87,0,4
0.8533,0.8328666666666666,1,0.125,0.0,0,2
0.9784,0.0010666666666666667,1,0.125,-0.87,0,2
0.9784,29.266033333333333,1,0.125,-0.65,0,0
0.8928,65.36358333333334,1,0.125,0.19,0,0
0.7596,3.51735,1,0.125,0.0,0,0
0.8409,85.82676666666666,1,0.12121212121212122,0.0,0,3
0.8409,0.09738333333333334,1,0.12121212121212122,0.0,0,3
0.8409,1.7481666666666666,1,0.12121212121212122,0.0,0,3
0.7368,8.507233333333334,1,0.12121212121212122,6.97,0,3
0.7368,0.0003333333333333333,1,0.11764705882352941,6.97,0,4
0.7368,1.583,1,0.14705882352941177,6.97,0,3
0.7368,0.00025,1,0.14705882352941177,6.97,0,4
0.7846,0.3673,1,0.14705882352941177,0.7,0,3
0.7846,0.09978333333333333,1,0.14705882352941177,0.7,0,4
0.5926,948.48095,1,0.17647058823529413,0.0,0,0
0.9784,0.5502166666666667,1,0.17647058823529413,-0.87,0,3
0.5926,0.1828,1,0.17647058823529413,0.0,0,0
0.9784,5.935466666666667,1,0.17647058823529413,-0.87,0,3
0.9784,7.2991166666666665,1,0.17647058823529413,-0.87,0,3
0.8533,4.96615,1,0.17647058823529413,-0.53,0,3
0.8533,0.10033333333333333,1,0.17647058823529413,-0.53,0,4
0.8533,4.249533333333334,1,0.20588235294117646,-0.53,0,3
0.8533,0.7495666666666666,1,0.20588235294117646,-0.53,0,3
0.8533,0.00021666666666666666,1,0.20588235294117646,-0.53,0,3
0.9577,0.0002666666666666667,1,0.20588235294117646,-0.74,0,3
0.8533,0.09190000000000001,1,0.20588235294117646,-0.53,0,3
0.9784,0.09116666666666666,1,0.20588235294117646,-0.87,0,3
0.9577,36.02655,1,0.20588235294117646,-0.37,0,3
0.9577,0.00021666666666666666,1,0.20588235294117646,-0.37,0,3
0.9577,0.00018333333333333334,1,0.20588235294117646,-0.37,0,3
0.9577,0.07245,1,0.20588235294117646,-0.37,0,3
0.9577,0.00035,1,0.20588235294117646,-0.37,0,3
0.9577,0.09991666666666667,1,0.20588235294117646,-0.37,0,3
0.7596,0.09956666666666666,0,0.0,0.0,0,0
0.7596,0.2784833333333333,0,0.0,1.38,0,0
0.7596,11.677383333333333,0,0.0,-1.53,0,0
0.7596,3.254166666666667,0,0.0,-1.13,0,0
0.7596,7.616216666666667,0,0.0,0.14,0,0
0.5833,0.36045,0,0.0,-0.64,0,3
0.5833,0.09271666666666666,0,0.0,-0.64,0,4
0.7596,0.09956666666666666,1,0.0,0.0,0,3
0.7596,1331.80355,1,0.0,0.0,0,3
0.7596,0.2006,1,0.0,0.0,0,3
0.7596,451.89164999999997,1,0.0,0.0,0,3
0.7596,0.00046666666666666666,1,0.0,0.0,0,3
0.7596,0.09195,1,0.0,0.0,1,3
0.7596,0.0002666666666666667,1,0.0,0.0,1,3
0.7596,3879.0268,1,0.0,0.0,0,0
0.7596,1.6640833333333334,1,0.0,0.0,0,0
0.7596,0.2667333333333334,1,0.0,0.0,0,0
0.7596,10.26675,1,0.0,0.0,0,3
0.7596,0.1027,1,0.0,0.0,0,3
0.7596,67.85455,1,0.0,0.0,0,0
0.7596,0.89965,1,0.0,0.0,0,0
0.7596,6.711716666666666,1,0.0,0.0,0,0
0.7596,3.637,1,0.0,0.0,0,0
0.7596,2.679533333333333,1,0.0,0.0,0,0
0.7596,2.0344166666666665,1,0.0,0.0,0,0
0.7596,4.215833333333333,1,0.0,0.0,0,0
0.7596,3.7167833333333333,1,0.0,0.0,0,0
0.7596,2.0504166666666666,1,0.0,0.0,0,0
0.7596,11.250883333333332,1,0.0,0.0,0,0
0.7596,1780.4970500000002,1,0.0,0.0,0,3
0.7596,1.65735,1,0.0,0.0,0,3
0.7596,4.62335,1,0.0,0.0,0,3
0.7596,0.0015666666666666667,1,0.0,0.0,0,3
0.7596,0.07286666666666666,1,0.0,0.0,0,3
0.7596,0.0007166666666666666,1,0.0,0.0,0,3
0.7596,0.09826666666666667,1,0.0,0.0,0,3
0.7596,0.0002666666666666667,1,0.0,0.0,0,3
0.7596,0.0002666666666666667,1,0.0,0.0,0,3
0.7596,0.09820000000000001,1,0.0,0.0,0,3
0.7596,0.00025,1,0.0,0.0,0,3
0.7596,0.00013333333333333334,1,0.0,0.0,0,3
0.7596,0.00013333333333333334,1,0.0,0.0,0,3
0.7596,0.00013333333333333334,1,0.0,0.0,0,3
0.7596,0.13675,1,0.0,0.0,0,3
0.7596,0.0002,1,0.0,0.0,0,3
0.7596,0.00015,1,0.0,0.0,0,3
0.7596,0.06356666666666667,1,0.0,0.0,0,3
0.7596,0.0002666666666666667,1,0.0,0.0,0,3
0.7596,0.00015,1,0.0,0.0,0,3
0.7596,0.06735000000000001,1,0.0,0.0,0,3
0.7596,5.099533333333333,1,0.0,0.0,0,3
0.7596,0.11318333333333334,1,0.0,0.0,0,3
0.7596,0.15833333333333333,1,0.0,0.0,0,3
0.7596,0.0023833333333333332,1,0.0,0.0,0,3
0.7596,0.17804999999999999,1,0.0,0.0,0,3
0.7596,0.3000833333333333,1,0.0,0.0,0,3
0.7596,0.00035,1,0.0,0.0,0,3
0.7596,0.08015,1,0.0,0.0,0,3
0.7596,0.0002666666666666667,1,0.0,0.0,0,3
0.7596,0.09731666666666668,1,0.0,0.0,0,3
0.7596,0.00028333333333333335,1,0.0,0.0,0,3
0.7596,0.4534,1,0.0,0.0,0,0
0.7596,2.597783333333333,1,0.0,0.0,0,3
0.7596,0.18635,1,0.0,0.0,0,3
0.7596,0.08068333333333334,1,0.0,0.0,0,3
0.7596,1.11545,1,0.0,0.0,0,0
0.7596,0.7601333333333333,1,0.0,0.0,0,3
0.7596,0.16935,1,0.0,0.0,0,3
0.7596,0.0003,1,0.0,0.0,0,3
0.7596,0.22063333333333332,1,0.0,0.0,0,3
0.7596,0.23411666666666667,1,0.0,0.0,0,0
0.7596,0.6521166666666667,1,0.0,0.0,0,0
0.7596,14.024866666666666,1,0.0,0.0,0,3
0.7596,0.09803333333333333,1,0.0,0.0,0,0
0.7596,0.07941666666666666,1,0.0,0.0,0,3
0.7596,0.0003,1,0.0,0.0,0,3
0.7596,0.00023333333333333333,1,0.0,0.0,0,3
0.7596,0.17938333333333334,1,0.0,0.0,0,3
0.7596,0.00023333333333333333,1,0.0,0.0,0,3
0.7596,0.00016666666666666666,1,0.0,0.0,0,3
0.7596,0.18719999999999998,1,0.0,0.0,0,0
0.7596,0.0006166666666666666,1,0.0,0.0,0,3
0.7596,0.00031666666666666665,1,0.0,0.0,0,3
0.7596,0.18046666666666666,1,0.0,0.0,0,3
0.7596,0.016983333333333333,1,0.0,0.0,0,3
0.7596,0.08166666666666668,1,0.0,0.0,0,3
0.7596,0.18366666666666667,1,0.0,0.0,0,3
0.7596,0.8329833333333333,1,0.0,0.0,0,0
0.7596,0.10151666666666667,1,0.0,0.0,0,3
0.7596,26.916,1,0.0,0.0,0,3
0.7596,0.0827,1,0.0,0.0,0,0
0.7596,8237.889066666667,1,0.0,0.0,0,0
0.7596,1.8506333333333334,1,0.0,0.0,0,0
0.7596,26.982866666666666,1,0.0,0.0,0,0
0.7596,105.22025000000001,1,0.0,0.0,0,0
0.7596,5.051216666666666,1,0.0,0.0,0,0
0.7596,0.6485,1,0.0,0.0,0,0
0.7596,1.4003,1,0.0,0.0,0,0
0.7596,13.134216666666667,1,0.0,0.0,0,0
0.7596,0.09956666666666666,1,0.0,0.0,0,3
0.7596,0.0003333333333333333,1,0.0,0.0,0,3
0.7596,0.04378333333333333,1,0.0,0.0,0,3
0.7596,5e-05,1,0.0,0.0,0,3
0.7596,0.09905,1,0.0,0.0,0,3
0.7596,5e-05,1,0.0,0.0,0,3
0.7596,2.7262333333333335,1,0.0,0.0,0,3
0.7596,5e-05,1,0.0,0.0,0,3
0.7596,0.16511666666666666,1,0.0,0.0,0,3
0.7596,3.3333333333333335e-05,1,0.0,0.0,0,3
0.7596,0.45416666666666666,1,0.0,0.0,0,3
0.7596,0.00035,1,0.0,0.0,0,3
0.7596,0.3565833333333333,1,0.0,0.0,0,3
0.7596,1.6666666666666667e-05,1,0.0,0.0,0,3
0.7596,19.79031666666667,1,0.0,0.0,0,3
0.7596,0.03635,1,0.0,0.0,0,3
0.7596,3.3333333333333335e-05,1,0.0,0.0,0,3
0.7596,0.10911666666666667,1,0.0,0.0,0,3
0.7596,0.0,1,0.0,0.0,0,3
0.7596,0.6164333333333333,1,0.0,0.0,0,3
0.7596,6.666666666666667e-05,1,0.0,0.0,0,3
0.7596,1.1470333333333333,1,0.0,0.0,0,3
0.7596,3.3333333333333335e-05,1,0.0,0.0,0,3
0.7596,0.09956666666666666,1,0.0,0.0,0,3
0.7596,3.3333333333333335e-05,1,0.0,0.0,0,3
0.7596,109.37933333333334,1,0.0,0.0,0,3
0.7596,1.6666666666666667e-05,1,0.0,0.0,0,3
0.7596,0.5297833333333333,1,0.0,0.0,0,3
0.7596,1.6666666666666667e-05,1,0.0,0.0,0,3
0.7596,0.5721833333333334,1,0.0,0.0,0,3
0.7596,8.333333333333333e-05,1,0.0,0.0,0,3
0.7596,0.8563500000000001,1,0.0,0.0,0,3
0.7596,1.6666666666666667e-05,1,0.0,0.0,0,3
0.7596,2.3257333333333334,1,0.0,0.0,0,3
0.7596,0.0009333333333333333,1,0.0,0.0,0,3
0.7596,6.05685,1,0.0,0.0,0,3
0.7596,0.0004166666666666667,1,0.0,0.0,0,3
0.7596,0.21403333333333335,1,0.0,0.0,0,3
0.7596,0.00011666666666666667,1,0.0,0.0,0,3
0.7596,0.27918333333333334,1,0.0,0.0,0,3
0.7596,0.0001,1,0.0,0.0,0,3
0.7596,0.4623,1,0.0,0.0,0,3
0.7596,5e-05,1,0.0,0.0,0,3
0.7596,0.4042,1,0.0,0.0,0,3
0.7596,0.0002666666666666667,1,0.0,0.0,0,3
0.7596,0.5482666666666667,1,0.0,0.0,0,3
0.7596,3.3333333333333335e-05,1,0.0,0.0,0,3
0.7596,3.3424833333333335,1,0.0,0.0,0,3
0.7596,8.333333333333333e-05,1,0.0,0.0,0,3
0.7596,0.37473333333333336,1,0.0,0.0,0,3
0.7596,1.6666666666666667e-05,1,0.0,0.0,0,3
0.7596,3.543133333333333,1,0.0,0.0,0,3
0.7596,3.3333333333333335e-05,1,0.0,0.0,0,3
0.7596,0.24911666666666665,1,0.0,0.0,0,3
0.7596,0.00011666666666666667,1,0.0,0.0,0,3
0.7596,0.5866333333333333,1,0.0,0.0,0,3
0.7596,0.0,1,0.0,0.0,0,3
0.7596,1.4422166666666667,1,0.0,0.0,0,3
0.7596,0.0,1,0.0,0.0,0,3
0.7596,0.23666666666666666,1,0.0,0.0,0,3
0.7596,0.0,1,0.0,0.0,0,3
0.7596,0.6716666666666666,1,0.0,0.0,0,3
0.7596,1.6666666666666667e-05,1,0.0,0.0,0,3
0.7596,0.6011500000000001,1,0.0,0.0,0,3
0.7596,6.666666666666667e-05,1,0.0,0.0,0,3
0.7596,0.9421833333333333,1,0.0,0.0,0,3
0.7596,0.20676666666666668,1,0.0,0.0,0,3
0.7596,5e-05,1,0.0,0.0,0,3
0.7596,0.38994999999999996,1,0.0,0.0,0,3
0.7596,0.0,1,0.0,0.0,0,3
0.7596,0.48238333333333333,1,0.0,0.0,0,3
0.7596,6.666666666666667e-05,1,0.0,0.0,0,3
0.7596,0.42983333333333335,1,0.0,0.0,0,3
0.7596,6.666666666666667e-05,1,0.0,0.0,0,3
0.7596,3.7462333333333335,1,0.0,0.0,0,3
0.7596,6.666666666666667e-05,1,0.0,0.0,0,3
0.7596,0.3096333333333333,1,0.0,0.0,0,3
0.7596,5e-05,1,0.0,0.0,0,3
0.7596,0.49043333333333333,1,0.0,0.0,0,3
0.7596,1.6666666666666667e-05,1,0.0,0.0,0,3
0.7596,0.26575,1,0.0,0.0,0,3
0.7596,0.00023333333333333333,1,0.0,0.0,0,3
0.7596,1.6246,1,0.0,0.0,0,3
0.7596,0.00015,1,0.0,0.0,0,3
0.7596,1.6981833333333334,1,0.0,0.0,0,3
0.7596,0.0002,1,0.0,0.0,0,3
0.7596,0.6363333333333333,1,0.0,0.0,0,3
0.7596,6.666666666666667e-05,1,0.0,0.0,0,3
0.7596,2.382766666666667,1,0.0,0.0,0,3
0.7596,0.00018333333333333334,1,0.0,0.0,0,3
0.7596,5.150066666666667,1,0.0,0.0,0,3
0.7596,3.3333333333333335e-05,1,0.0,0.0,0,3
0.7596,1.0045,1,0.0,0.0,0,3
0.7596,3.251116666666667,1,0.0,0.0,0,3
0.7596,0.26925000000000004,1,0.0,0.0,0,3
0.7596,0.0151,1,0.0,0.0,0,3
0.7596,0.06216666666666667,1,0.0,0.0,0,3
0.7596,0.045083333333333336,1,0.0,0.0,0,3
0.7596,5.450866666666667,1,0.0,0.0,0,3
0.7596,0.0001,1,0.0,0.0,0,3
0.7596,0.821,1,0.0,0.0,0,3
0.7596,0.00015,1,0.0,0.0,0,3
0.7596,0.6075833333333333,1,0.0,0.0,0,3
0.7596,1.6666666666666667e-05,1,0.0,0.0,0,3
0.7596,0.7635500000000001,1,0.0,0.0,0,3
0.7596,6.666666666666667e-05,1,0.0,0.0,0,3
0.7596,3.21515,1,0.0,0.0,0,3
0.7596,5e-05,1,0.0,0.0,0,3
0.7596,0.3090333333333334,1,0.0,0.0,0,3
0.7596,1.6666666666666667e-05,1,0.0,0.0,0,3
0.7596,0.3330666666666667,1,0.0,0.0,0,3
0.7596,6.666666666666667e-05,1,0.0,0.0,0,3
0.7596,0.2248666666666667,1,0.0,0.0,0,3
0.7596,8.333333333333333e-05,1,0.0,0.0,0,3
0.7596,1.6112499999999998,1,0.0,0.0,0,3
0.7596,0.0,1,0.0,0.0,0,3
0.7596,0.23678333333333335,1,0.0,0.0,0,3
0.7596,3.3333333333333335e-05,1,0.0,0.0,0,3
0.7596,4.750299999999999,1,0.0,0.0,0,3
0.7596,1.6666666666666667e-05,1,0.0,0.0,0,3
0.7596,0.11583333333333333,1,0.0,0.0,0,3
0.7596,0.0,1,0.0,0.0,0,3
0.7596,0.14401666666666665,1,0.0,0.0,0,3
0.7596,3.3333333333333335e-05,1,0.0,0.0,0,3
0.7596,0.12943333333333334,1,0.0,0.0,0,3
0.7596,3.3333333333333335e-05,1,0.0,0.0,0,3
0.7596,0.2502333333333333,1,0.0,0.0,0,3
0.7596,0.0,1,0.0,0.0,0,3
0.7596,0.93165,1,0.0,0.0,0,3
0.7596,0.00011666666666666667,1,0.0,0.0,0,3
0.7596,0.10003333333333334,1,0.0,0.0,0,3
0.7596,6.666666666666667e-05,1,0.0,0.0,0,3
0.7596,3.8886333333333334,1,0.0,0.0,0,3
0.7596,3.3333333333333335e-05,1,0.0,0.0,0,3
0.7596,0.1675,1,0.0,0.0,0,3
0.7596,0.0,1,0.0,0.0,0,3
0.7596,0.30118333333333336,1,0.0,0.0,0,3
0.7596,5e-05,1,0.0,0.0,0,3
0.7596,0.22423333333333334,1,0.0,0.0,0,3
0.7596,0.0,1,0.0,0.0,0,3
0.7596,4.385149999999999,1,0.0,0.0,0,3
0.7596,0.0003333333333333333,1,0.0,0.0,0,3
0.7596,0.16786666666666666,1,0.0,0.0,0,3
0.7596,1.6666666666666667e-05,1,0.0,0.0,0,3
0.7596,6.2857666666666665,1,0.0,0.0,0,3
0.7596,1.6666666666666667e-05,1,0.0,0.0,0,3
0.7596,0.4623833333333333,1,0.0,0.0,0,3
0.7596,8.333333333333333e-05,1,0.0,0.0,0,3
0.7596,0.5133666666666666,1,0.0,0.0,0,3
0.7596,0.0001,1,0.0,0.0,0,3
0.7596,0.44436666666666663,1,0.0,0.0,0,3
0.7596,1.6666666666666667e-05,1,0.0,0.0,0,3
0.7596,0.6497666666666666,1,0.0,0.0,0,3
0.7596,1.6666666666666667e-05,1,0.0,0.0,0,3
0.7596,3.0551666666666666,1,0.0,0.0,0,3
0.7596,5e-05,1,0.0,0.0,0,3
0.7596,0.32,1,0.0,0.0,0,3
0.7596,5e-05,1,0.0,0.0,0,3
0.7596,1115.5617833333333,1,0.0,0.0,0,3
0.7596,0.0,1,0.0,0.0,0,3
0.7596,2.5837166666666667,1,0.0,0.0,0,3
0.7596,8.333333333333333e-05,1,0.0,0.0,0,3
0.7596,2.9488166666666666,1,0.0,0.0,0,3
0.7596,8.333333333333333e-05,1,0.0,0.0,0,3
0.7596,0.2303,1,0.0,0.0,0,3
0.7596,1.6666666666666667e-05,1,0.0,0.0,0,3
0.7596,0.43161666666666665,1,0.0,0.0,0,3
0.7596,1.6666666666666667e-05,1,0.0,0.0,0,3
0.7596,2.3638166666666667,1,0.0,0.0,0,3
0.7596,0.00015,1,0.0,0.0,0,3
0.7596,0.22146666666666667,1,0.0,0.0,0,3
0.7596,1.6666666666666667e-05,1,0.0,0.0,0,3
0.7596,0.25671666666666665,1,0.0,0.0,0,3
0.7596,0.00016666666666666666,1,0.0,0.0,0,3
0.7596,0.18405,1,0.0,0.0,0,3
0.7596,3.3333333333333335e-05,1,0.0,0.0,0,3
0.7596,0.2799833333333333,1,0.0,0.0,0,3
0.7596,0.00025,1,0.0,0.0,0,3
0.7596,0.10048333333333333,1,0.0,0.0,0,3
0.7596,0.00018333333333333334,1,0.0,0.0,0,3
0.7596,1.0128666666666666,1,0.0,0.0,0,3
0.7596,0.00015,1,0.0,0.0,0,3
0.7596,0.21866666666666665,1,0.0,0.0,0,3
0.7596,0.0,1,0.0,0.0,0,3
0.7596,3.040966666666667,1,0.0,0.0,0,3
0.7596,1.6666666666666667e-05,1,0.0,0.0,0,3
0.7596,7.61835,1,0.0,0.0,0,3
0.7596,0.00035,1,0.0,0.0,0,3
0.7596,0.2025833333333333,1,0.0,0.0,0,3
0.7596,0.0,1,0.0,0.0,0,3
0.7596,0.2977666666666667,1,0.0,0.0,0,3
0.7596,0.00025,1,0.0,0.0,0,3
0.7596,2.7125833333333333,1,0.0,0.0,0,3
0.7596,3.3333333333333335e-05,1,0.0,0.0,0,3
0.7596,0.23240000000000002,1,0.0,0.0,0,3
0.7596,0.00016666666666666666,1,0.0,0.0,0,3
0.7596,0.22516666666666665,1,0.0,0.0,0,3
0.7596,1.6666666666666667e-05,1,0.0,0.0,0,3
0.7596,3.9952166666666664,1,0.0,0.0,0,3
0.7596,6.666666666666667e-05,1,0.0,0.0,0,3
0.7596,0.16915,1,0.0,0.0,0,3
0.7596,5e-05,1,0.0,0.0,0,3
0.7596,0.3202333333333333,1,0.0,0.0,0,3
0.7596,0.0,1,0.0,0.0,0,3
0.7596,0.24686666666666665,1,0.0,0.0,0,3
0.7596,1.6666666666666667e-05,1,0.0,0.0,0,3
0.7596,0.2095,1,0.0,0.0,0,3
0.7596,3.3333333333333335e-05,1,0.0,0.0,0,3
0.7596,0.3252,1,0.0,0.0,0,3
0.7596,1.6666666666666667e-05,1,0.0,0.0,0,3
0.7596,0.25943333333333335,1,0.0,0.0,0,3
0.7596,5e-05,1,0.0,0.0,0,3
0.7596,0.24948333333333333,1,0.0,0.0,0,3
0.7596,0.0001,1,0.0,0.0,0,3
0.7596,0.2462,1,0.0,0.0,0,3
0.7596,5e-05,1,0.0,0.0,0,3
0.7596,0.27585,1,0.0,0.0,0,3
0.7596,1.6666666666666667e-05,1,0.0,0.0,0,3
0.7596,0.18085,1,0.0,0.0,0,3
0.7596,0.0001,1,0.0,0.0,0,3
0.7596,0.2967333333333333,1,0.0,0.0,0,3
0.7596,1.6666666666666667e-05,1,0.0,0.0,0,3
0.7596,0.14303333333333335,1,0.0,0.0,0,3
0.7596,0.0001,1,0.0,0.0,0,3
0.7596,0.22078333333333333,1,0.0,0.0,0,3
0.7596,1.6666666666666667e-05,1,0.0,0.0,0,3
0.7596,0.23550000000000001,1,0.0,0.0,0,3
0.7596,0.00013333333333333334,1,0.0,0.0,0,3
0.7596,0.39045,1,0.0,0.0,0,3
0.7596,1.6666666666666667e-05,1,0.0,0.0,0,3
0.7596,0.4749833333333333,1,0.0,0.0,0,3
0.7596,0.00055,1,0.0,0.0,0,3
0.7596,0.19433333333333333,1,0.0,0.0,0,3
0.7596,3.3333333333333335e-05,1,0.0,0.0,0,3
0.7596,0.23525000000000001,1,0.0,0.0,0,3
0.7596,0.0005666666666666667,1,0.0,0.0,0,3
0.7596,0.42383333333333334,1,0.0,0.0,0,3
0.7596,0.00025,1,0.0,0.0,0,3
0.7596,0.22774999999999998,1,0.0,0.0,0,3
0.7596,1.6666666666666667e-05,1,0.0,0.0,0,3
0.7596,0.33775,1,0.0,0.0,0,3
0.7596,6.666666666666667e-05,1,0.0,0.0,0,3
0.7596,0.2389,1,0.0,0.0,0,3
0.7596,0.00011666666666666667,1,0.0,0.0,0,3
0.7596,40.84093333333333,1,0.0,0.0,0,3
0.7596,0.00016666666666666666,1,0.0,0.0,0,3
0.7596,1.1704833333333333,1,0.0,0.0,0,3
0.7596,8.333333333333333e-05,1,0.0,0.0,0,3
0.7596,0.20818333333333333,1,0.0,0.0,0,3
0.7596,1.6666666666666667e-05,1,0.0,0.0,0,3
0.7596,4.245333333333333,1,0.0,0.0,0,3
0.7596,6.666666666666667e-05,1,0.0,0.0,0,3
0.7596,0.4892666666666667,1,0.0,0.0,0,3
0.7596,0.00013333333333333334,1,0.0,0.0,0,3
0.7596,10.71695,1,0.0,0.0,0,3
0.7596,6.666666666666667e-05,1,0.0,0.0,0,3
0.7596,1.4381,1,0.0,0.0,0,3
0.7596,0.009966666666666667,1,0.0,0.0,0,3
0.7596,3.4607666666666663,1,0.0,0.0,0,3
0.7596,5e-05,1,0.0,0.0,0,3
0.7596,18.429683333333333,1,0.0,0.0,0,3
0.7596,8.333333333333333e-05,1,0.0,0.0,0,3
0.7596,9.075833333333332,1,0.0,0.0,0,3
0.7596,0.0001,1,0.0,0.0,0,3
0.7596,0.46756666666666663,1,0.0,0.0,0,3
0.7596,1.6666666666666667e-05,1,0.0,0.0,0,3
0.7596,0.24538333333333334,1,0.0,0.0,0,3
0.7596,8.333333333333333e-05,1,0.0,0.0,0,3
0.7596,0.06628333333333333,1,0.0,0.0,0,3
0.7596,0.0,1,0.0,0.0,0,3
0.7596,0.3875,1,0.0,0.0,0,3
0.7596,0.00016666666666666666,1,0.0,0.0,0,3
0.7596,2.7712333333333334,1,0.0,0.0,0,3
0.7596,1.6666666666666667e-05,1,0.0,0.0,0,3
0.7596,100.70618333333333,1,0.0,0.0,0,3
0.7596,6.666666666666667e-05,1,0.0,0.0,0,3
0.7596,0.35795,1,0.0,0.0,0,3
0.7596,8.333333333333333e-05,1,0.0,0.0,0,3
0.7596,1.1633333333333333,1,0.0,0.0,0,3
0.7596,1.6666666666666667e-05,1,0.0,0.0,0,3
0.7596,0.40249999999999997,1,0.0,0.0,0,3
0.7596,6.666666666666667e-05,1,0.0,0.0,0,3
0.7596,13.7817,1,0.0,0.0,0,3
0.7596,0.10585,1,0.0,0.0,0,3
0.7596,0.14845,1,0.0,0.0,0,3
0.7596,1.9358499999999998,1,0.0,0.0,0,3
0.7596,8.333333333333333e-05,1,0.0,0.0,0,3
0.7596,0.21248333333333333,1,0.0,0.0,0,3
0.7596,6.666666666666667e-05,1,0.0,0.0,0,3
0.7596,15.07315,1,0.0,0.0,0,3
0.7596,6.666666666666667e-05,1,0.0,0.0,0,3
0.7596,13.908,1,0.0,0.0,0,3
0.7596,0.0,1,0.0,0.0,0,3
0.7596,15.808433333333333,1,0.0,0.0,0,3
0.7596,0.00011666666666666667,1,0.0,0.0,0,3
0.7596,12.379266666666666,1,0.0,0.0,0,3
0.7596,1.6666666666666667e-05,1,0.0,0.0,0,3
0.7596,0.14361666666666667,1,0.0,0.0,0,3
0.7596,0.0,1,0.0,0.0,0,3
0.7596,13.602983333333333,1,0.0,0.0,0,3
0.7596,1.6666666666666667e-05,1,0.0,0.0,0,3
0.7596,3.28695,1,0.0,0.0,0,3
0.7596,1.6666666666666667e-05,1,0.0,0.0,0,3
0.7596,0.3096333333333333,1,0.0,0.0,0,3
0.7596,0.00011666666666666667,1,0.0,0.0,0,3
0.7596,0.3937666666666667,1,0.0,0.0,0,3
0.7596,5e-05,1,0.0,0.0,0,3
0.7596,31.325283333333335,1,0.0,0.0,0,3
0.7596,1.6666666666666667e-05,1,0.0,0.0,0,3
0.7596,0.0441,1,0.0,0.0,0,3
0.7596,1.6666666666666667e-05,1,0.0,0.0,0,3
0.7596,17.323766666666664,1,0.0,0.0,0,3
0.7596,1.6666666666666667e-05,1,0.0,0.0,0,3
0.7596,33.81055,1,0.0,0.0,0,3
0.7596,0.0003,1,0.0,0.0,0,3
0.7596,0.18396666666666667,1,0.0,0.0,0,3
0.7596,3.3333333333333335e-05,1,0.0,0.0,0,3
0.7596,8.039483333333333,1,0.0,0.0,0,3
0.7596,0.00018333333333333334,1,0.0,0.0,0,3
0.7596,1.5149000000000001,1,0.0,0.0,0,3
0.7596,1.6666666666666667e-05,1,0.0,0.0,0,3
0.7596,1.5330833333333334,1,0.0,0.0,0,3
0.7596,0.0005666666666666667,1,0.0,0.0,0,3
0.7596,0.47851666666666665,1,0.0,0.0,0,3
0.7596,0.0,1,0.0,0.0,0,3
0.7596,12.115983333333332,1,0.0,0.0,0,3
0.7596,3.3333333333333335e-05,1,0.0,0.0,0,3
0.7596,0.10483333333333333,1,0.0,0.0,0,3
0.7596,6.666666666666667e-05,1,0.0,0.0,0,3
0.7596,0.1578,1,0.0,0.0,0,3
0.7596,0.0001,1,0.0,0.0,0,3
0.7596,8.788716666666666,1,0.0,0.0,0,3
0.7596,0.0007666666666666667,1,0.0,0.0,0,3
0.7596,0.12473333333333333,1,0.0,0.0,0,3
0.7596,3.3333333333333335e-05,1,0.0,0.0,0,3
0.7596,3.463216666666667,1,0.0,0.0,0,3
0.7596,0.0001,1,0.0,0.0,0,3
0.7596,0.13228333333333334,1,0.0,0.0,0,3
0.7596,0.00011666666666666667,1,0.0,0.0,0,3
0.7596,3956.3431666666665,1,0.0,0.0,0,3
0.7596,6.666666666666667e-05,1,0.0,0.0,0,3
0.7596,28.561083333333332,1,0.0,0.0,0,3
0.7596,8.333333333333333e-05,1,0.0,0.0,0,3
0.7596,36.52985,1,0.0,0.0,0,3
0.7596,1.6666666666666667e-05,1,0.0,0.0,0,3
0.7596,2.85735,1,0.0,0.0,0,3
0.7596,0.00011666666666666667,1,0.0,0.0,0,3
0.7596,1.2258333333333333,1,0.0,0.0,0,3
0.7596,1.6666666666666667e-05,1,0.0,0.0,0,3
0.7596,1.5141333333333333,1,0.0,0.0,0,3
0.7596,3.3333333333333335e-05,1,0.0,0.0,0,3
0.7596,4.834466666666667,1,0.0,0.0,0,3
0.7596,0.00011666666666666667,1,0.0,0.0,0,3
0.7596,0.2919333333333333,1,0.0,0.0,0,3
0.7596,8.333333333333333e-05,1,0.0,0.0,0,3
0.7596,1.0494999999999999,1,0.0,0.0,0,3
0.7596,5e-05,1,0.0,0.0,0,3
0.7596,6.391383333333334,1,0.0,0.0,0,3
0.7596,1.6666666666666667e-05,1,0.0,0.0,0,3
0.7596,0.3982,1,0.0,0.0,0,3
0.7596,5e-05,1,0.0,0.0,0,3
0.7596,87.86288333333333,1,0.0,0.0,0,3
0.7596,8.333333333333333e-05,1,0.0,0.0,0,3
0.7596,0.4933166666666667,1,0.0,0.0,0,3
0.7596,0.0001,1,0.0,0.0,0,3
0.7596,2.1640666666666664,1,0.0,0.0,0,3
0.7596,8.333333333333333e-05,1,0.0,0.0,0,3
0.7596,1.2402166666666665,1,0.0,0.0,0,3
0.7596,0.00016666666666666666,1,0.0,0.0,0,3
0.7596,0.6007,1,0.0,0.0,0,3
0.7596,0.00018333333333333334,1,0.0,0.0,0,3
0.7596,0.6398833333333334,1,0.0,0.0,0,3
0.7596,3.3333333333333335e-05,1,0.0,0.0,0,3
0.7596,3.6304666666666665,1,0.0,0.0,0,3
0.7596,0.0001,1,0.0,0.0,0,3
0.7596,2.2451166666666666,1,0.0,0.0,0,3
0.7596,0.00011666666666666667,1,0.0,0.0,0,3
0.7596,0.9175,1,0.0,0.0,0,3
0.7596,0.00021666666666666666,1,0.0,0.0,0,3
0.7596,0.6570333333333332,1,0.0,0.0,0,3
0.7596,5e-05,1,0.0,0.0,0,3
0.7596,0.5672499999999999,1,0.0,0.0,0,3
0.7596,0.00015,1,0.0,0.0,0,3
0.7596,4.510183333333333,1,0.0,0.0,0,3
0.7596,1.6666666666666667e-05,1,0.0,0.0,0,3
0.7596,0.4632,1,0.0,0.0,0,3
0.7596,0.0006833333333333333,1,0.0,0.0,0,3
0.7596,0.7766166666666667,1,0.0,0.0,0,3
0.7596,5e-05,1,0.0,0.0,0,3
0.7596,0.7739499999999999,1,0.0,0.0,0,3
0.7596,0.0003333333333333333,1,0.0,0.0,0,3
0.7596,0.6337499999999999,1,0.0,0.0,0,3
0.7596,0.0,1,0.0,0.0,0,3
0.7596,4.5083,1,0.0,0.0,0,3
0.7596,3.3333333333333335e-05,1,0.0,0.0,0,3
0.7596,0.17828333333333332,1,0.0,0.0,0,3
0.7596,0.0001,1,0.0,0.0,0,3
0.7596,0.14706666666666665,1,0.0,0.0,0,3
0.7596,5e-05,1,0.0,0.0,0,3
0.7596,0.16818333333333332,1,0.0,0.0,0,3
0.7596,3.3333333333333335e-05,1,0.0,0.0,0,3
0.7596,0.19925,1,0.0,0.0,0,3
0.7596,0.0002,1,0.0,0.0,0,3
0.7596,0.22888333333333336,1,0.0,0.0,0,3
0.7596,0.0,1,0.0,0.0,0,3
0.7596,2.351916666666667,1,0.0,0.0,0,3
0.7596,0.00015,1,0.0,0.0,0,3
0.7596,0.06595,1,0.0,0.0,0,3
0.7596,0.00011666666666666667,1,0.0,0.0,0,3
0.7596,0.3680833333333334,1,0.0,0.0,0,3
0.7596,0.0002,1,0.0,0.0,0,3
0.7596,1.1822000000000001,1,0.0,0.0,0,3
0.7596,1.6666666666666667e-05,1,0.0,0.0,0,3
0.7596,0.7239666666666668,1,0.0,0.0,0,3
0.7596,5e-05,1,0.0,0.0,0,3
0.7596,5.165283333333333,1,0.0,0.0,0,3
0.7596,0.0005,1,0.0,0.0,0,3
0.7596,1.2515666666666665,1,0.0,0.0,0,3
0.7596,0.00018333333333333334,1,0.0,0.0,0,3
0.7596,0.11298333333333334,1,0.0,0.0,0,3
0.7596,0.00015,1,0.0,0.0,0,3
0.7596,38.77081666666666,1,0.0,0.0,0,3
0.7596,0.00013333333333333334,1,0.0,0.0,0,3
0.7596,1113.68705,1,0.0,0.0,0,3
0.7596,0.0,1,0.0,0.0,0,3
0.7596,6.057766666666667,1,0.0,0.0,0,3
0.7596,0.00018333333333333334,1,0.0,0.0,0,3
0.7596,0.31653333333333333,1,0.0,0.0,0,3
0.7596,5e-05,1,0.0,0.0,0,3
0.7596,0.317,1,0.0,0.0,0,3
0.7596,8.333333333333333e-05,1,0.0,0.0,0,3
0.7596,14.794016666666666,1,0.0,0.0,0,3
0.7596,0.0,1,0.0,0.0,0,3
0.7596,0.3453333333333333,1,0.0,0.0,0,3
0.7596,0.00025,1,0.0,0.0,0,3
0.7596,3.2145,1,0.0,0.0,0,3
0.7596,0.00013333333333333334,1,0.0,0.0,0,3
0.7596,2.8565833333333335,1,0.0,0.0,0,3
0.7596,8.333333333333333e-05,1,0.0,0.0,0,3
0.7596,29.539083333333334,1,0.0,0.0,0,3
0.7596,1.6666666666666667e-05,1,0.0,0.0,0,3
0.7596,58.9727,1,0.0,0.0,1,3
0.7596,1.6666666666666667e-05,1,0.0,0.0,1,3
0.7596,15.976566666666667,1,0.0,0.0,0,3
0.7596,6.666666666666667e-05,1,0.0,0.0,0,3
0.7596,0.2224,1,0.0,0.0,0,3
0.7596,0.0,1,0.0,0.0,0,3
0.7596,140.98636666666667,1,0.0,0.0,0,3
0.7596,8.333333333333333e-05,1,0.0,0.0,0,3
0.7596,0.1337,1,0.0,0.0,0,3
0.7596,0.0001,1,0.0,0.0,0,3
0.7596,1.2628166666666667,1,0.0,0.0,0,3
0.7596,1.6666666666666667e-05,1,0.0,0.0,0,3
0.7596,1594.5963833333333,1,0.0,0.0,0,3
0.7596,5e-05,1,0.0,0.0,0,3
0.7596,35.05136666666667,1,0.0,0.0,0,3
0.7596,955.7598166666667,1,0.0,0.0,0,3
0.7596,3.3333333333333335e-05,1,0.0,0.0,0,3
0.7596,76.23496666666666,1,0.0,0.0,0,3
0.7596,1.6666666666666667e-05,1,0.0,0.0,0,3
0.7596,0.5338499999999999,1,0.0,0.0,0,3
0.7596,0.00013333333333333334,1,0.0,0.0,0,3
0.7596,55.48121666666667,1,0.0,0.0,0,3
0.7596,0.0007166666666666666,1,0.0,0.0,0,3
0.7596,1.6692500000000001,1,0.0,0.0,0,3
0.7596,6.666666666666667e-05,1,0.0,0.0,0,3
0.7596,1447.6074166666667,1,0.0,0.0,0,3
0.7596,1.6666666666666667e-05,1,0.0,0.0,0,3
0.7596,8.175533333333332,1,0.0,0.0,0,3
0.7596,3.3333333333333335e-05,1,0.0,0.0,0,3
0.7596,135.71786666666668,1,0.0,0.0,0,3
0.7596,5e-05,1,0.0,0.0,1,3
0.7596,4.287833333333333,1,0.0,0.0,0,3
0.7596,5e-05,1,0.0,0.0,0,3
0.7596,2.6776666666666666,1,0.0,0.0,0,3
0.7596,0.00046666666666666666,1,0.0,0.0,0,3
0.7596,4.583866666666666,1,0.0,0.0,1,3
0.7596,0.00023333333333333333,1,0.0,0.0,0,3
0.7596,4281.14055,1,0.0,0.0,0,3
0.7596,0.00035,1,0.0,0.0,0,3
0.7596,1481.0736,1,0.0,0.0,0,3
0.7596,6.666666666666667e-05,1,0.0,0.0,0,3
0.7596,13.014883333333334,1,0.0,0.0,0,3
0.7596,1.6666666666666667e-05,1,0.0,0.0,0,3
0.7596,3.36825,1,0.0,0.0,0,3
0.7596,0.00023333333333333333,1,0.0,0.0,0,3
0.7596,122.36386666666667,1,0.0,0.0,0,3
0.7596,0.0112,1,0.0,0.0,0,3
0.7596,0.9240999999999999,1,0.0,0.0,0,3
0.7596,0.9772,1,0.0,0.0,0,3
0.7596,0.0002666666666666667,1,0.0,0.0,0,3
0.7596,1320.4068166666666,1,0.0,0.0,0,3
0.7596,0.05238333333333333,1,0.0,0.0,0,4
0.7596,69.74876666666667,1,0.02857142857142857,0.0,0,3
0.7596,5e-05,1,0.02857142857142857,0.0,0,3
0.7596,2567.7463,1,0.02857142857142857,0.0,0,3
0.7596,8.333333333333333e-05,1,0.02857142857142857,0.0,0,3
0.7596,0.18786666666666668,1,0.02857142857142857,0.0,0,3
0.7596,0.00011666666666666667,1,0.02857142857142857,0.0,0,3
0.7596,0.97715,1,0.02857142857142857,0.0,0,3
0.7596,6.666666666666667e-05,1,0.02857142857142857,0.0,0,3
0.7596,0.12675,1,0.02857142857142857,0.0,0,3
0.7596,0.00046666666666666666,1,0.02857142857142857,0.0,0,3
0.7596,2.8072666666666666,1,0.02857142857142857,0.0,0,3
0.7596,1.6666666666666667e-05,1,0.02857142857142857,0.0,0,3
0.7596,3.5780000000000003,1,0.02857142857142857,0.0,0,3
0.7596,1.6666666666666667e-05,1,0.02857142857142857,0.0,0,3
0.7596,0.5436166666666666,1,0.02857142857142857,0.0,0,3
0.7596,0.0001,1,0.02857142857142857,0.0,0,3
0.7596,61.580216666666665,1,0.02857142857142857,0.0,0,3
0.7596,1.6666666666666667e-05,1,0.02857142857142857,0.0,0,3
0.7596,244.97788333333335,1,0.02857142857142857,0.0,0,3
0.7596,6.666666666666667e-05,1,0.02857142857142857,0.0,0,3
0.7596,4096.511,1,0.02857142857142857,0.0,0,3
0.7596,0.021866666666666666,1,0.02857142857142857,0.0,0,3
0.7596,1.0578333333333334,1,0.02857142857142857,0.0,0,3
0.7596,0.020266666666666665,1,0.02857142857142857,0.0,0,3
0.7596,2.922166666666667,1,0.02857142857142857,0.0,0,3
0.7596,0.25725000000000003,1,0.02857142857142857,0.0,0,3
0.7596,1.8136666666666665,1,0.02857142857142857,0.0,0,3
0.7596,0.06211666666666667,1,0.02857142857142857,0.0,0,3
0.7596,1282.97105,1,0.02857142857142857,0.0,0,3
0.7596,0.03381666666666667,1,0.02857142857142857,0.0,0,4
0.7596,0.6758666666666666,1,0.02857142857142857,0.0,0,3
0.7596,0.01465,1,0.02857142857142857,0.0,0,4
0.7596,243.13805,1,0.05714285714285714,0.0,0,3
0.7596,0.019216666666666667,1,0.05714285714285714,0.0,0,3
0.7596,0.040933333333333335,1,0.05714285714285714,0.0,0,3
0.7596,0.015600000000000001,1,0.05714285714285714,0.0,0,3
0.7596,0.036649999999999995,1,0.05714285714285714,0.0,0,3
0.7596,0.014083333333333333,1,0.05714285714285714,0.0,0,3
0.7596,7.220316666666666,1,0.05714285714285714,0.0,0,3
0.7596,0.11421666666666666,1,0.05714285714285714,0.0,0,3
0.7596,0.09956666666666666,0,0.0,0.0,0,3
0.7596,1389.5612833333332,0,0.0,0.0,0,3
0.7596,0.45066666666666666,0,0.0,0.0,0,3
0.7596,4.349433333333334,0,0.0,0.0,0,3
0.7596,0.19981666666666667,0,0.0,0.0,0,3
0.4048,0.09956666666666666,1,0.0,0.0,0,0
0.7596,0.2794333333333333,1,0.0,0.0,0,0
0.7596,1.9323666666666666,1,0.0,0.0,0,3
0.6863,0.09949999999999999,1,0.0,0.0,0,0
0.6863,0.18341666666666667,1,0.0,0.0,0,3
0.7596,2.4999666666666664,1,0.0,0.0,0,0
0.7596,0.18348333333333333,1,0.0,0.0,0,0
0.6863,57.16741666666667,1,0.0,0.0,0,3
0.6863,0.00013333333333333334,1,0.0,0.0,0,3
0.6863,0.0829,1,0.0,0.0,0,3
0.6863,0.0006333333333333333,1,0.0,0.0,0,3
0.6863,0.00016666666666666666,1,0.0,0.0,0,3
0.6863,0.00018333333333333334,1,0.0,0.0,0,3
0.6863,0.09768333333333333,1,0.0,0.0,0,3
0.6863,0.08276666666666667,1,0.0,0.0,0,3
0.7244,0.3841,1,0.0,0.0,0,3
0.7244,8.333333333333333e-05,1,0.0,0.0,0,3
0.7244,5e-05,1,0.0,0.0,0,3
0.7244,0.0003333333333333333,1,0.0,0.0,0,3
0.7244,0.08241666666666667,1,0.0,0.0,0,3
0.7244,0.18345,1,0.0,0.0,0,3
0.7596,0.09971666666666666,1,0.0,0.0,0,0
0.3718,0.2833833333333333,1,0.0,0.0,0,3
0.3718,0.00013333333333333334,1,0.0,0.0,0,3
0.3718,0.00013333333333333334,1,0.0,0.0,0,3
0.3718,0.00015,1,0.0,0.0,0,3
0.3718,0.00013333333333333334,1,0.0,0.0,0,3
0.3718,0.08305,1,0.0,0.0,0,3
0.3718,0.00018333333333333334,1,0.0,0.0,0,3
0.3718,0.0,1,0.0,0.0,0,3
0.3718,0.09980000000000001,1,0.0,0.0,0,3
0.3718,0.00015,1,0.0,0.0,0,3
0.3718,0.08418333333333333,1,0.0,0.0,0,3
0.3718,0.00023333333333333333,1,0.0,0.0,0,3
0.3718,0.00013333333333333334,1,0.0,0.0,0,3
0.3718,0.09845,1,0.0,0.0,0,3
0.3718,0.00025,1,0.0,0.0,0,3
0.6863,0.1831,1,0.0,0.0,0,3
0.6863,0.00016666666666666666,1,0.0,0.0,0,3
0.6863,0.00013333333333333334,1,0.0,0.0,0,3
0.6863,0.00021666666666666666,1,0.0,0.0,0,3
0.6863,0.08271666666666667,1,0.0,0.0,0,3
0.1217,0.20006666666666667,1,0.0,0.0,0,0
0.2958,0.4499333333333333,1,0.0,0.0,0,0
0.6863,0.18328333333333333,1,0.0,0.0,0,0
0.6863,0.0002,1,0.0,0.0,0,0
0.6863,0.20023333333333332,1,0.0,0.0,0,3
0.6863,0.08335000000000001,1,0.0,0.0,0,3
0.6863,15.734683333333333,1,0.0,0.0,0,3
0.7596,0.09818333333333333,1,0.0,0.0,0,0
0.6711,0.18305000000000002,1,0.0,0.0,0,3
0.7596,0.10026666666666667,1,0.0,0.0,0,0
0.3271,0.26668333333333333,1,0.0,0.0,0,3
0.3271,0.00013333333333333334,1,0.0,0.0,0,3
0.3271,8.333333333333333e-05,1,0.0,0.0,0,3
0.3271,6.666666666666667e-05,1,0.0,0.0,0,3
0.3271,0.0002666666666666667,1,0.0,0.0,0,3
0.3271,0.09991666666666667,1,0.0,0.0,0,3
0.3275,0.08256666666666666,1,0.0,0.0,0,3
0.3275,0.00015,1,0.0,0.0,0,3
0.3275,0.0005833333333333334,1,0.0,0.0,0,3
0.3275,0.09941666666666667,1,0.0,0.0,0,3
0.3275,0.00018333333333333334,1,0.0,0.0,0,3
0.3275,0.00015,1,0.0,0.0,0,3
0.3275,0.00016666666666666666,1,0.0,0.0,0,3
0.3275,0.0002,1,0.0,0.0,0,3
0.3275,0.00016666666666666666,1,0.0,0.0,0,3
0.3275,0.00016666666666666666,1,0.0,0.0,0,3
0.3275,0.09995,1,0.0,0.0,0,3
0.3275,0.26633333333333337,1,0.0,0.0,0,3
0.2624,127.44681666666666,1,0.0,0.0,0,0
0.0543,2.5002666666666666,1,0.0,0.0,0,0
0.6863,1.41665,1,0.0,0.0,0,3
0.7596,0.4340833333333334,1,0.0,0.0,0,0
0.7244,0.28265,1,0.0,0.0,0,0
0.7596,4.067333333333333,1,0.0,0.0,0,0
0.7596,2.315833333333333,1,0.0,0.0,0,0
0.3718,73.76528333333334,1,0.0,0.0,0,0
0.2624,0.10111666666666667,1,0.0,0.0,0,0
0.6863,0.26293333333333335,1,0.0,0.0,0,0
0.6863,0.00016666666666666666,1,0.0,0.0,0,3
0.7596,0.7498666666666666,1,0.0,0.0,0,0
0.5652,0.18326666666666666,1,0.0,0.0,0,0
0.3718,0.28353333333333336,1,0.0,0.0,0,0
0.1093,1.28315,1,0.0,0.0,0,0
0.7596,0.19976666666666668,1,0.0,0.0,0,0
0.3899,3.0500166666666666,1,0.0,0.0,0,0
0.6863,0.8336166666666667,1,0.0,0.0,0,0
0.6711,0.36788333333333334,1,0.0,0.0,0,0
0.7596,0.2818,1,0.0,0.0,0,0
0.3718,0.00023333333333333333,1,0.0,0.0,0,0
0.7596,0.18315,1,0.0,0.0,0,0
0.1217,11.852466666666666,1,0.0,0.0,0,0
0.7244,1.1137000000000001,1,0.0,0.0,0,0
0.6863,0.8341666666666666,1,0.0,0.0,0,3
0.6863,8.333333333333333e-05,1,0.0,0.0,0,0
0.6863,0.00013333333333333334,1,0.0,0.0,0,3
0.6863,0.08258333333333333,1,0.0,0.0,0,3
0.6863,0.00021666666666666666,1,0.0,0.0,0,3
0.6863,0.1,1,0.0,0.0,0,3
0.6863,0.08366666666666665,1,0.0,0.0,0,3
0.6863,0.00028333333333333335,1,0.0,0.0,0,3
0.3718,0.18406666666666668,1,0.0,0.0,0,3
0.3718,0.00018333333333333334,1,0.0,0.0,0,3
0.3718,0.00028333333333333335,1,0.0,0.0,0,0
0.3718,0.00018333333333333334,1,0.0,0.0,0,3
0.3718,0.0988,1,0.0,0.0,0,3
0.5652,0.08346666666666666,1,0.0,0.0,0,0
0.7244,0.09986666666666667,1,0.0,0.0,0,3
0.7244,0.00018333333333333334,1,0.0,0.0,0,3
0.7244,0.09971666666666666,1,0.0,0.0,0,0
0.7244,0.0002666666666666667,1,0.0,0.0,0,3
0.7244,0.0002,1,0.0,0.0,0,3
0.7244,0.0002,1,0.0,0.0,0,3
0.7244,0.00016666666666666666,1,0.0,0.0,0,3
0.7244,0.00018333333333333334,1,0.0,0.0,0,3
0.7244,0.0827,1,0.0,0.0,0,3
0.7244,0.0003333333333333333,1,0.0,0.0,0,3
0.6863,1223.8184,1,0.0,0.0,0,0
0.6863,0.36661666666666665,1,0.0,0.0,0,3
0.3275,0.18333333333333332,1,0.0,0.0,0,0
0.6863,0.3671333333333333,1,0.0,0.0,0,3
0.2958,0.0997,1,0.0,0.0,0,0
0.7596,1.8497999999999999,1,0.0,0.0,0,0
0.7596,0.10091666666666667,1,0.0,0.0,0,0
0.7596,0.08331666666666666,1,0.0,0.0,0,3
0.6863,9.448983333333333,1,0.0,0.0,0,3
0.1217,0.08361666666666667,1,0.0,0.0,0,0
0.7244,0.38330000000000003,1,0.0,0.0,0,3
0.7244,0.00018333333333333334,1,0.0,0.0,0,3
0.7244,0.0,1,0.0,0.0,0,0
0.7244,0.00015,1,0.0,0.0,0,3
0.7244,0.08316666666666667,1,0.0,0.0,0,3
0.7244,0.00023333333333333333,1,0.0,0.0,0,3
0.7244,0.00023333333333333333,1,0.0,0.0,0,3
0.7244,0.00016666666666666666,1,0.0,0.0,0,3
0.7244,0.18285,1,0.0,0.0,0,3
0.7244,0.0004,1,0.0,0.0,0,3
0.7244,0.09963333333333332,1,0.0,0.0,0,3
0.7244,0.08313333333333334,1,0.0,0.0,0,3
0.7596,0.3831833333333333,1,0.0,0.0,0,0
0.1093,34.71588333333333,1,0.0,0.0,0,0
0.6863,0.18343333333333334,1,0.0,0.0,0,0
0.6863,0.08333333333333333,1,0.0,0.0,0,3
0.6863,55.78593333333333,1,0.0,0.0,0,0
0.7596,0.91325,1,0.0,0.0,0,0
0.6863,2.0333166666666664,1,0.0,0.0,0,0
0.6863,0.09981666666666666,1,0.0,0.0,0,3
0.6863,79.33758333333334,1,0.0,0.0,0,0
0.6863,0.17803333333333335,1,0.0,0.0,0,3
0.3271,0.2829,1,0.0,0.0,0,3
0.3271,0.00038333333333333334,1,0.0,0.0,0,3
0.3271,0.00021666666666666666,1,0.0,0.0,0,3
0.3271,0.00025,1,0.0,0.0,0,3
0.3271,0.00028333333333333335,1,0.0,0.0,0,3
0.3271,0.00025,1,0.0,0.0,0,3
0.3271,0.0987,1,0.0,0.0,0,3
0.7244,0.00018333333333333334,1,0.0,0.0,0,3
0.7244,0.0002,1,0.0,0.0,0,3
0.7244,0.08298333333333334,1,0.0,0.0,0,3
0.7244,0.0,1,0.0,0.0,0,3
0.7244,31.882099999999998,1,0.0,0.0,0,3
0.7244,0.0004166666666666667,1,0.0,0.0,0,3
0.7244,0.00011666666666666667,1,0.0,0.0,0,3
0.7244,0.00016666666666666666,1,0.0,0.0,0,3
0.7244,0.00013333333333333334,1,0.0,0.0,0,3
0.7244,0.00365,1,0.0,0.0,0,3
0.7244,0.0002,1,0.0,0.0,0,3
0.7244,0.08263333333333334,1,0.0,0.0,0,3
0.7244,0.0002666666666666667,1,0.0,0.0,0,3
0.7244,0.0002,1,0.0,0.0,0,3
0.7244,0.09565,1,0.0,0.0,0,3
0.7244,0.0003,1,0.0,0.0,0,3
0.6863,0.08371666666666666,1,0.0,0.0,0,3
0.3899,0.18278333333333335,1,0.0,0.0,0,3
0.3899,0.0001,1,0.0,0.0,0,0
0.3899,0.0001,1,0.0,0.0,0,3
0.3899,0.0006166666666666666,1,0.0,0.0,0,3
0.3899,0.09926666666666667,1,0.0,0.0,0,3
0.3899,1.6666666666666667e-05,1,0.0,0.0,0,3
0.4048,0.7333333333333333,1,0.0,0.0,0,3
0.3718,0.20031666666666667,1,0.0,0.0,0,3
0.3718,3.3333333333333335e-05,1,0.0,0.0,0,0
0.3718,0.00018333333333333334,1,0.0,0.0,0,3
0.3718,8.333333333333333e-05,1,0.0,0.0,0,3
0.3718,6.666666666666667e-05,1,0.0,0.0,0,3
0.3718,0.08271666666666667,1,0.0,0.0,0,3
0.3718,0.00018333333333333334,1,0.0,0.0,0,3
0.3718,6.666666666666667e-05,1,0.0,0.0,0,3
0.3718,0.18261666666666668,1,0.0,0.0,0,0
0.3718,0.28341666666666665,1,0.0,0.0,0,0
0.3718,0.2833,1,0.0,0.0,0,3
0.3718,0.00025,1,0.0,0.0,0,3
0.3718,0.00046666666666666666,1,0.0,0.0,0,3
0.3718,0.00025,1,0.0,0.0,0,3
0.3718,0.0007833333333333334,1,0.0,0.0,0,3
0.3718,0.08206666666666668,1,0.0,0.0,0,3
0.3718,0.00011666666666666667,1,0.0,0.0,0,3
0.3718,0.09941666666666667,1,0.0,0.0,0,3
0.3718,0.00015,1,0.0,0.0,0,3
0.3718,0.08305,1,0.0,0.0,0,3
0.2344,0.10033333333333333,1,0.0,0.0,0,3
0.7596,0.36646666666666666,1,0.0,0.0,0,0
0.6863,0.1836,1,0.0,0.0,0,0
0.6863,1.6666666666666667e-05,1,0.0,0.0,0,3
0.6863,0.18291666666666667,1,0.0,0.0,0,3
0.7596,0.18356666666666666,1,0.0,0.0,0,0
0.7596,0.09986666666666667,1,0.0,0.0,0,3
0.7244,0.18383333333333332,1,0.0,0.0,0,0
0.7244,0.09945,1,0.0,0.0,0,0
0.7244,0.0008333333333333334,1,0.0,0.0,0,3
0.7244,0.00013333333333333334,1,0.0,0.0,0,3
0.7244,0.08251666666666665,1,0.0,0.0,0,3
0.7244,0.00015,1,0.0,0.0,0,3
0.7244,0.00016666666666666666,1,0.0,0.0,0,3
0.7244,0.00016666666666666666,1,0.0,0.0,0,3
0.7244,0.18230000000000002,1,0.0,0.0,0,3
0.7244,0.10010000000000001,1,0.0,0.0,0,3
0.7244,0.00018333333333333334,1,0.0,0.0,0,3
0.7244,0.00011666666666666667,1,0.0,0.0,0,3
0.7244,0.00011666666666666667,1,0.0,0.0,0,3
0.7244,0.08291666666666667,1,0.0,0.0,0,3
0.7244,0.0002,1,0.0,0.0,0,3
0.7244,0.00015,1,0.0,0.0,0,3
0.7244,0.09971666666666666,1,0.0,0.0,0,3
0.7244,0.08338333333333334,1,0.0,0.0,0,3
0.7244,0.00018333333333333334,1,0.0,0.0,0,3
0.7244,0.09981666666666666,1,0.0,0.0,0,3
0.7244,0.08361666666666667,1,0.0,0.0,0,3
0.7244,0.10126666666666666,1,0.0,0.0,0,3
0.7244,0.0006333333333333333,1,0.0,0.0,0,3
0.6863,20.18113333333333,1,0.0,0.0,0,3
0.2624,0.28335000000000005,1,0.0,0.0,0,0
0.6863,1.0995833333333331,1,0.0,0.0,0,3
0.7596,28.899166666666666,1,0.0,0.0,0,0
0.7596,10.633233333333333,1,0.0,0.0,0,0
0.7596,0.18348333333333333,1,0.0,0.0,0,0
0.7244,0.09941666666666667,1,0.0,0.0,0,0
0.7244,0.10015,1,0.0,0.0,0,0
0.7244,0.73405,1,0.0,0.0,0,3
0.6863,0.3662,1,0.0,0.0,0,0
0.6863,1.0159666666666667,1,0.0,0.0,0,0
0.6863,0.1006,1,0.0,0.0,0,3
0.6863,12.132583333333335,1,0.0,0.0,0,0
0.6863,0.08748333333333333,1,0.0,0.0,0,3
0.6863,0.0,1,0.0,0.0,0,3
0.6863,0.00018333333333333334,1,0.0,0.0,0,3
0.6863,5e-05,1,0.0,0.0,0,3
0.6863,0.00016666666666666666,1,0.0,0.0,0,3
0.6863,0.00011666666666666667,1,0.0,0.0,0,3
0.6863,0.00011666666666666667,1,0.0,0.0,0,3
0.6863,0.09551666666666667,1,0.0,0.0,0,3
0.6863,0.00025,1,0.0,0.0,0,3
0.6863,0.00023333333333333333,1,0.0,0.0,0,3
0.6863,0.00018333333333333334,1,0.0,0.0,0,3
0.6863,0.6496666666666666,1,0.0,0.0,0,3
0.3271,128.0301,1,0.0,0.0,0,0
0.7244,916.41855,1,0.0,0.0,0,3
0.7244,0.00046666666666666666,1,0.0,0.0,0,3
0.7244,0.0057333333333333325,1,0.0,0.0,0,0
0.7244,0.07611666666666667,1,0.0,0.0,0,3
0.7244,0.00055,1,0.0,0.0,0,3
0.7244,0.0004,1,0.0,0.0,0,3
0.7244,0.0004,1,0.0,0.0,0,3
0.7244,0.00035,1,0.0,0.0,0,3
0.7244,0.00035,1,0.0,0.0,0,3
0.7244,0.0981,1,0.0,0.0,0,3
0.7244,0.00036666666666666667,1,0.0,0.0,0,3
0.7244,0.0002666666666666667,1,0.0,0.0,0,3
0.7244,0.0003333333333333333,1,0.0,0.0,0,3
0.7244,0.00038333333333333334,1,0.0,0.0,0,3
0.6863,43.053983333333335,1,0.0,0.0,0,3
0.5072,0.5278833333333333,1,0.0,0.0,0,0
0.6711,12.8656,1,0.0,0.0,0,3
0.6711,0.00021666666666666666,1,0.0,0.0,0,3
0.6711,0.00045,1,0.0,0.0,0,3
0.6711,0.00025,1,0.0,0.0,0,3
0.6711,0.09908333333333334,1,0.0,0.0,0,3
0.6711,8.333333333333333e-05,1,0.0,0.0,0,3
0.6711,0.00028333333333333335,1,0.0,0.0,0,3
0.6711,0.00023333333333333333,1,0.0,0.0,0,3
0.6863,0.0997,1,0.0,0.0,0,3
0.6863,0.00025,1,0.0,0.0,0,3
0.6863,0.08283333333333333,1,0.0,0.0,0,3
0.6863,0.00016666666666666666,1,0.0,0.0,0,3
0.6863,8.333333333333333e-05,1,0.0,0.0,0,0
0.6863,0.00023333333333333333,1,0.0,0.0,0,3
0.6711,0.09905,1,0.0,0.0,0,0
0.3718,0.18408333333333332,1,0.0,0.0,0,0
0.3718,0.08275,1,0.0,0.0,0,3
0.7244,0.4669666666666667,1,0.0,0.0,0,3
0.6863,0.3677,1,0.0,0.0,0,3
0.7596,72.11736666666667,1,0.0,0.0,0,0
0.7596,89.24541666666667,1,0.0,0.0,0,0
0.7596,81.56476666666667,1,0.0,0.0,0,0
0.7596,12.582866666666666,1,0.0,0.0,0,0
0.5072,0.10055,1,0.0,0.0,0,0
0.6863,1.3831,1,0.0,0.0,0,3
0.5072,0.09991666666666667,1,0.0,0.0,0,0
0.7596,17.405966666666664,1,0.0,0.0,0,0
0.6711,0.36019999999999996,1,0.0,0.0,0,3
0.6711,0.0003333333333333333,1,0.0,0.0,0,3
0.6711,0.004416666666666667,1,0.0,0.0,0,3
0.6711,0.00035,1,0.0,0.0,0,0
0.6711,0.0002666666666666667,1,0.0,0.0,0,3
0.6711,0.00028333333333333335,1,0.0,0.0,0,3
0.6711,0.00023333333333333333,1,0.0,0.0,0,3
0.6711,0.00023333333333333333,1,0.0,0.0,0,3
0.6711,0.09393333333333334,1,0.0,0.0,0,3
0.6711,0.00031666666666666665,1,0.0,0.0,0,3
0.6711,0.00023333333333333333,1,0.0,0.0,0,3
0.6711,0.00025,1,0.0,0.0,0,3
0.6711,0.0002,1,0.0,0.0,0,3
0.6711,0.00018333333333333334,1,0.0,0.0,0,3
0.6711,0.00018333333333333334,1,0.0,0.0,0,3
0.6711,0.082,1,0.0,0.0,0,3
0.6711,0.00028333333333333335,1,0.0,0.0,0,3
0.6711,0.00025,1,0.0,0.0,0,3
0.6711,0.00025,1,0.0,0.0,0,3
0.6711,0.0002666666666666667,1,0.0,0.0,0,3
0.6711,0.00021666666666666666,1,0.0,0.0,0,3
0.6711,0.09841666666666667,1,0.0,0.0,0,3
0.6711,0.09998333333333333,1,0.0,0.0,0,3
0.6711,0.00016666666666666666,1,0.0,0.0,0,3
0.6711,0.00018333333333333334,1,0.0,0.0,0,3
0.6711,0.00018333333333333334,1,0.0,0.0,0,3
0.6711,0.00016666666666666666,1,0.0,0.0,0,3
0.6711,0.00013333333333333334,1,0.0,0.0,0,3
0.6711,0.08288333333333334,1,0.0,0.0,0,3
0.6711,0.0002666666666666667,1,0.0,0.0,0,3
0.6711,0.00035,1,0.0,0.0,0,3
0.6711,0.00046666666666666666,1,0.0,0.0,0,3
0.6711,0.09888333333333334,1,0.0,0.0,0,3
0.6711,0.00021666666666666666,1,0.0,0.0,0,3
0.6711,0.08298333333333334,1,0.0,0.0,0,3
0.6711,0.0002,1,0.0,0.0,0,3
0.6711,0.00011666666666666667,1,0.0,0.0,0,3
0.6711,0.09958333333333333,1,0.0,0.0,0,3
0.6711,0.00018333333333333334,1,0.0,0.0,0,3
0.6711,0.00013333333333333334,1,0.0,0.0,0,3
0.6711,0.08623333333333334,1,0.0,0.0,0,3
0.6711,0.00021666666666666666,1,0.0,0.0,0,3
0.6711,0.00015,1,0.0,0.0,0,3
0.6711,0.00013333333333333334,1,0.0,0.0,0,3
0.6711,0.00013333333333333334,1,0.0,0.0,0,3
0.6711,0.17973333333333336,1,0.0,0.0,0,3
0.6711,0.00021666666666666666,1,0.0,0.0,0,3
0.6711,0.00013333333333333334,1,0.0,0.0,0,3
0.6711,0.00015,1,0.0,0.0,0,3
0.6711,0.00011666666666666667,1,0.0,0.0,0,3
0.6711,0.09938333333333334,1,0.0,0.0,0,3
0.6711,8.333333333333333e-05,1,0.0,0.0,0,3
0.6711,0.00016666666666666666,1,0.0,0.0,0,3
0.6863,115.49996666666667,1,0.0,0.0,0,0
0.6863,0.0825,1,0.0,0.0,0,3
0.6711,0.36461666666666664,1,0.0,0.0,0,0
0.6711,0.3671666666666667,1,0.0,0.0,0,0
0.6711,0.09985,1,0.0,0.0,0,3
0.7596,0.18338333333333334,1,0.0,0.0,0,0
0.1217,0.28364999999999996,1,0.0,0.0,0,0
0.1217,0.5500333333333334,1,0.0,0.0,0,3
0.2344,13.701883333333335,1,0.0,0.0,0,0
0.3271,3902.3671833333333,1,0.0,0.0,0,0
0.1217,0.38180000000000003,1,0.0,0.0,0,3
0.1217,0.00038333333333333334,1,0.0,0.0,0,3
0.1217,0.0024,1,0.0,0.0,0,0
0.1217,0.07911666666666667,1,0.0,0.0,0,3
0.1217,0.0004,1,0.0,0.0,0,3
0.1217,0.00031666666666666665,1,0.0,0.0,0,3
0.1217,0.00028333333333333335,1,0.0,0.0,0,3
0.1217,0.00035,1,0.0,0.0,0,3
0.1217,0.10241666666666666,1,0.0,0.0,0,3
0.1217,0.0005,1,0.0,0.0,0,3
0.1217,0.00046666666666666666,1,0.0,0.0,0,3
0.1217,0.00048333333333333334,1,0.0,0.0,0,3
0.1217,0.00028333333333333335,1,0.0,0.0,0,3
0.1217,0.08036666666666667,1,0.0,0.0,0,3
0.1217,0.0006833333333333333,1,0.0,0.0,0,3
0.1217,0.18036666666666665,1,0.0,0.0,0,3
0.1217,0.0005,1,0.0,0.0,0,3
0.1217,0.00038333333333333334,1,0.0,0.0,0,3
0.1217,0.00036666666666666667,1,0.0,0.0,0,3
0.1217,0.09901666666666667,1,0.0,0.0,0,3
0.1217,0.0002,1,0.0,0.0,0,3
0.6863,34.354216666666666,1,0.0,0.0,0,0
0.6863,0.00035,1,0.0,0.0,0,3
0.6863,0.0002,1,0.0,0.0,0,3
0.6863,0.0002,1,0.0,0.0,0,3
0.6863,0.07745,1,0.0,0.0,0,3
0.6863,0.0004,1,0.0,0.0,0,3
0.7596,0.09923333333333333,1,0.0,0.0,0,0
0.5072,206.66326666666666,1,0.0,0.0,0,0
0.7596,0.08605,1,0.0,0.0,0,0
0.5072,0.0964,1,0.0,0.0,0,0
0.3718,1.6716666666666666,1,0.0,0.0,0,0
0.3275,1152.8707,1,0.0,0.0,0,0
0.7596,0.44306666666666666,1,0.0,0.0,0,0
0.7596,0.09975,1,0.0,0.0,0,0
0.7596,0.28358333333333335,1,0.0,0.0,0,0
0.7596,0.4501666666666667,1,0.0,0.0,0,0
0.7596,21.485500000000002,1,0.0,0.0,0,1
0.7596,0.00018333333333333334,1,0.0,0.0,0,3
0.7596,0.00015,1,0.0,0.0,0,3
0.7596,0.09783333333333334,1,0.0,0.0,0,3
0.7596,0.00031666666666666665,1,0.0,0.0,0,3
0.7596,0.00016666666666666666,1,0.0,0.0,0,3
0.7596,0.00011666666666666667,1,0.0,0.0,0,3
0.7596,0.08171666666666666,1,0.0,0.0,0,3
0.7596,0.00016666666666666666,1,0.0,0.0,0,3
0.7596,0.00018333333333333334,1,0.0,0.0,0,3
0.7596,0.09949999999999999,1,0.0,0.0,0,3
0.7596,0.08328333333333333,1,0.0,0.0,0,3
0.7596,0.00021666666666666666,1,0.0,0.0,0,3
0.7596,0.00013333333333333334,1,0.0,0.0,0,3
0.7596,0.00011666666666666667,1,0.0,0.0,0,3
0.7596,0.09963333333333332,1,0.0,0.0,0,3
0.7596,0.0002,1,0.0,0.0,0,3
0.7596,0.08308333333333334,1,0.0,0.0,0,3
0.7596,0.2833833333333333,1,0.0,0.0,0,3
0.7596,0.1003,1,0.0,0.0,0,0
0.7244,0.08276666666666667,1,0.0,0.0,0,0
0.7244,0.18381666666666666,1,0.0,0.0,0,3
0.7244,1.6666666666666667e-05,1,0.0,0.0,0,3
0.7244,0.00021666666666666666,1,0.0,0.0,0,3
0.7244,3.3333333333333335e-05,1,0.0,0.0,0,3
0.7244,8.333333333333333e-05,1,0.0,0.0,0,3
0.7244,0.00013333333333333334,1,0.0,0.0,0,3
0.7244,0.00013333333333333334,1,0.0,0.0,0,3
0.7244,0.00011666666666666667,1,0.0,0.0,0,3
0.7244,0.00011666666666666667,1,0.0,0.0,0,3
0.7244,0.00013333333333333334,1,0.0,0.0,0,3
0.7244,0.00013333333333333334,1,0.0,0.0,0,3
0.7244,0.09949999999999999,1,0.0,0.0,0,3
0.3271,12.86635,1,0.0,0.0,0,0
0.6863,0.28318333333333334,1,0.0,0.0,0,3
0.6863,0.0004166666666666667,1,0.0,0.0,0,0
0.4048,48.96978333333333,1,0.0,0.0,0,0
0.5652,0.09956666666666666,1,0.0,0.0,0,0
0.6863,0.07926666666666667,1,0.0,0.0,0,0
0.6863,0.09958333333333333,1,0.0,0.0,0,3
0.6863,0.00035,1,0.0,0.0,0,3
0.6863,0.08333333333333333,1,0.0,0.0,0,3
0.6863,0.0001,1,0.0,0.0,0,3
0.6863,0.00028333333333333335,1,0.0,0.0,0,3
0.6863,0.00025,1,0.0,0.0,0,3
0.6863,0.0002666666666666667,1,0.0,0.0,0,3
0.7596,0.2818333333333333,1,0.0,0.0,0,0
0.7596,0.4674,1,0.0,0.0,0,3
0.7596,5e-05,1,0.0,0.0,0,3
0.7596,0.0001,1,0.0,0.0,0,3
0.7596,0.00016666666666666666,1,0.0,0.0,0,3
0.7596,0.00013333333333333334,1,0.0,0.0,0,3
0.7596,0.00015,1,0.0,0.0,0,3
0.7596,0.18213333333333334,1,0.0,0.0,0,3
0.6863,366.6153333333333,1,0.0,0.0,0,0
0.6863,0.0004166666666666667,1,0.0,0.0,0,3
0.6863,0.00025,1,0.0,0.0,0,3
0.6863,8.333333333333333e-05,1,0.0,0.0,0,3
0.6863,0.0003,1,0.0,0.0,0,3
0.6863,0.09376666666666668,1,0.0,0.0,0,3
0.6863,0.0057,1,0.0,0.0,0,3
0.6863,976.7102833333333,1,0.0,0.0,0,3
0.1217,28.18021666666667,1,0.0,0.0,0,0
0.7596,389.3922166666667,1,0.0,0.0,0,0
0.7596,0.18368333333333334,1,0.0,0.0,0,0
0.3275,0.46244999999999997,1,0.0,0.0,0,3
0.3275,1.6666666666666667e-05,1,0.0,0.0,0,3
0.3275,0.00011666666666666667,1,0.0,0.0,0,3
0.3275,0.00028333333333333335,1,0.0,0.0,0,3
0.3275,0.0002,1,0.0,0.0,0,3
0.3275,0.00016666666666666666,1,0.0,0.0,0,3
0.3275,0.00015,1,0.0,0.0,0,3
0.3275,0.00018333333333333334,1,0.0,0.0,0,3
0.3275,0.00018333333333333334,1,0.0,0.0,0,3
0.3275,0.09786666666666667,1,0.0,0.0,0,3
0.3275,0.00021666666666666666,1,0.0,0.0,0,3
0.3275,0.00013333333333333334,1,0.0,0.0,0,3
0.3275,0.0856,1,0.0,0.0,0,3
0.3275,0.09758333333333334,1,0.0,0.0,0,3
0.3275,0.0002,1,0.0,0.0,0,3
0.3275,0.00018333333333333334,1,0.0,0.0,0,3
0.3275,0.00018333333333333334,1,0.0,0.0,0,3
0.3275,0.08301666666666667,1,0.0,0.0,0,3
0.3275,0.0002,1,0.0,0.0,0,3
0.3275,0.09961666666666667,1,0.0,0.0,0,3
0.3275,0.00016666666666666666,1,0.0,0.0,0,3
0.3275,0.00015,1,0.0,0.0,0,3
0.3275,0.00011666666666666667,1,0.0,0.0,0,3
0.2344,0.1832,1,0.0,0.0,0,3
0.2344,3.3333333333333335e-05,1,0.0,0.0,0,3
0.2344,0.0001,1,0.0,0.0,0,3
0.2344,5e-05,1,0.0,0.0,0,3
0.2344,0.00011666666666666667,1,0.0,0.0,0,3
0.2344,0.00015,1,0.0,0.0,0,3
0.2344,0.00013333333333333334,1,0.0,0.0,0,3
0.2344,0.09948333333333334,1,0.0,0.0,0,3
0.2344,0.00016666666666666666,1,0.0,0.0,0,3
0.2344,0.08298333333333334,1,0.0,0.0,0,3
0.2344,0.00023333333333333333,1,0.0,0.0,0,3
0.2344,0.18371666666666667,1,0.0,0.0,0,3
0.2344,0.00016666666666666666,1,0.0,0.0,0,3
0.2344,0.0993,1,0.0,0.0,0,3
0.2344,0.00016666666666666666,1,0.0,0.0,0,3
0.0543,1071.12595,1,0.0,0.0,0,0
0.6863,0.07981666666666666,1,0.0,0.0,0,0
0.6863,0.0993,1,0.0,0.0,0,3
0.6863,0.00025,1,0.0,0.0,0,3
0.6863,0.08313333333333334,1,0.0,0.0,0,3
0.6863,0.00028333333333333335,1,0.0,0.0,0,3
0.6863,0.00023333333333333333,1,0.0,0.0,0,3
0.6863,6.019866666666667,1,0.0,0.0,0,0
0.6863,0.09758333333333334,1,0.0,0.0,0,3
0.3271,2.398416666666667,1,0.0,0.0,0,0
0.2958,2.1008,1,0.0,0.0,0,0
0.2958,0.18301666666666666,1,0.0,0.0,0,0
0.0543,6.2522,1,0.0,0.0,0,0
0.0543,0.18046666666666666,1,0.0,0.0,0,0
0.6711,0.2,1,0.0,0.0,0,0
0.6711,0.08321666666666667,1,0.0,0.0,0,3
0.6711,0.10038333333333332,1,0.0,0.0,0,3
0.6711,0.00038333333333333334,1,0.0,0.0,0,3
0.6711,0.0002666666666666667,1,0.0,0.0,0,3
0.6711,0.00021666666666666666,1,0.0,0.0,0,3
0.6711,0.00023333333333333333,1,0.0,0.0,0,3
0.6711,0.00036666666666666667,1,0.0,0.0,0,3
0.6711,0.00021666666666666666,1,0.0,0.0,0,3
0.6711,0.0002666666666666667,1,0.0,0.0,0,3
0.6711,0.0003333333333333333,1,0.0,0.0,0,3
0.6711,0.00031666666666666665,1,0.0,0.0,0,3
0.6711,0.08071666666666667,1,0.0,0.0,0,3
0.6711,0.00028333333333333335,1,0.0,0.0,0,3
0.6711,0.00025,1,0.0,0.0,0,3
0.6711,0.00028333333333333335,1,0.0,0.0,0,3
0.6711,0.0988,1,0.0,0.0,0,3
0.5072,0.08398333333333333,1,0.0,0.0,0,3
0.5072,0.09976666666666666,1,0.0,0.0,0,3
0.5072,0.00045,1,0.0,0.0,0,3
0.5072,0.00035,1,0.0,0.0,0,3
0.5072,0.0003,1,0.0,0.0,0,3
0.5072,0.00036666666666666667,1,0.0,0.0,0,3
0.5072,0.0003,1,0.0,0.0,0,3
0.5072,0.00036666666666666667,1,0.0,0.0,0,3
0.5072,0.00025,1,0.0,0.0,0,3
0.5072,0.00035,1,0.0,0.0,0,3
0.5072,0.00036666666666666667,1,0.0,0.0,0,3
0.5072,0.08148333333333334,1,0.0,0.0,0,3
0.5072,3.3333333333333335e-05,1,0.0,0.0,0,3
0.5072,0.00031666666666666665,1,0.0,0.0,0,3
0.5072,0.00021666666666666666,1,0.0,0.0,0,3
0.5072,0.21503333333333333,1,0.0,0.0,0,0
0.7596,0.433,1,0.0,0.0,1,0
0.7244,11.666583333333334,1,0.0,0.0,0,0
0.7244,0.09988333333333334,1,0.0,0.0,0,0
0.2958,0.18336666666666668,1,0.0,0.0,0,0
0.6863,10.5522,1,0.0,0.0,0,3
0.7244,8.764816666666666,1,0.0,0.0,0,0
0.7244,1.6666666666666667e-05,1,0.0,0.0,0,3
0.7244,0.00023333333333333333,1,0.0,0.0,0,3
0.7244,0.0988,1,0.0,0.0,0,3
0.7244,0.00016666666666666666,1,0.0,0.0,0,3
0.7244,0.00013333333333333334,1,0.0,0.0,0,3
0.7244,0.00015,1,0.0,0.0,0,3
0.7244,0.00015,1,0.0,0.0,0,3
0.7244,0.00011666666666666667,1,0.0,0.0,0,3
0.7244,0.0001,1,0.0,0.0,0,3
0.7244,0.0001,1,0.0,0.0,0,3
0.7244,0.08255,1,0.0,0.0,0,3
0.7244,0.00025,1,0.0,0.0,0,3
0.7244,0.00018333333333333334,1,0.0,0.0,0,3
0.7244,0.0002,1,0.0,0.0,0,3
0.7244,0.00023333333333333333,1,0.0,0.0,0,3
0.7244,0.0002666666666666667,1,0.0,0.0,0,3
0.7244,0.0991,1,0.0,0.0,0,3
0.7244,0.00018333333333333334,1,0.0,0.0,0,3
0.7244,0.00023333333333333333,1,0.0,0.0,0,3
0.2344,0.08298333333333334,1,0.0,0.0,0,0
0.2344,0.09975,1,0.0,0.0,0,3
0.2344,0.0003333333333333333,1,0.0,0.0,0,3
0.2344,0.08293333333333333,1,0.0,0.0,0,3
0.2344,0.00016666666666666666,1,0.0,0.0,0,3
0.2344,0.00013333333333333334,1,0.0,0.0,0,3
0.2344,0.09995,1,0.0,0.0,0,3
0.2344,0.0005166666666666667,1,0.0,0.0,0,3
0.2344,0.00025,1,0.0,0.0,0,3
0.2344,0.00018333333333333334,1,0.0,0.0,0,3
0.2344,0.18246666666666667,1,0.0,0.0,0,3
0.3899,0.18383333333333332,1,0.0,0.0,0,0
0.3899,0.0002,1,0.0,0.0,0,3
0.3899,0.0001,1,0.0,0.0,0,3
0.3899,6.666666666666667e-05,1,0.0,0.0,0,3
0.3899,0.00013333333333333334,1,0.0,0.0,0,3
0.3899,0.0001,1,0.0,0.0,0,3
0.3899,0.00018333333333333334,1,0.0,0.0,0,3
0.3899,0.00018333333333333334,1,0.0,0.0,0,3
0.3899,0.3652166666666667,1,0.0,0.0,0,3
0.3899,0.00016666666666666666,1,0.0,0.0,0,3
0.3899,0.00015,1,0.0,0.0,0,3
0.3899,0.10005,1,0.0,0.0,0,3
0.3899,0.00038333333333333334,1,0.0,0.0,0,3
0.3271,0.28219999999999995,1,0.0,0.0,0,3
0.3271,0.00016666666666666666,1,0.0,0.0,0,3
0.3271,0.00013333333333333334,1,0.0,0.0,0,3
0.3271,0.00015,1,0.0,0.0,0,0
0.3271,0.00016666666666666666,1,0.0,0.0,0,3
0.3271,3.3333333333333335e-05,1,0.0,0.0,0,3
0.3271,0.00018333333333333334,1,0.0,0.0,0,3
0.3271,1.6666666666666667e-05,1,0.0,0.0,0,3
0.3271,0.00013333333333333334,1,0.0,0.0,0,3
0.3271,0.0829,1,0.0,0.0,0,3
0.3271,0.0004333333333333333,1,0.0,0.0,0,3
0.3271,0.09938333333333334,1,0.0,0.0,0,3
0.3271,0.0004166666666666667,1,0.0,0.0,0,3
0.7596,31.2852,1,0.0,0.0,0,0
0.7596,0.28524999999999995,1,0.0,0.0,0,0
0.7596,23.9776,1,0.0,0.0,0,0
0.7596,1.2007666666666668,1,0.0,0.0,1,0
0.2771,0.18338333333333334,1,0.0,0.0,0,0
0.7596,0.8328000000000001,1,0.0,0.0,0,0
0.7596,5647.927433333333,1,0.0,0.0,0,0
0.0543,0.09596666666666667,1,0.0,0.0,0,0
0.6863,31.899133333333335,1,0.0,0.0,0,0
0.6863,0.08371666666666666,1,0.0,0.0,0,3
0.2344,13.339333333333334,1,0.0,0.0,0,0
0.5072,1.9441833333333334,1,0.0,0.0,0,3
0.5072,0.00035,1,0.0,0.0,0,3
0.5072,0.0018166666666666667,1,0.0,0.0,0,0
0.5072,0.00028333333333333335,1,0.0,0.0,0,3
0.5072,0.00031666666666666665,1,0.0,0.0,0,3
0.5072,0.00028333333333333335,1,0.0,0.0,0,3
0.5072,0.00028333333333333335,1,0.0,0.0,0,3
0.5072,0.0002,1,0.0,0.0,0,3
0.5072,0.00025,1,0.0,0.0,0,3
0.5072,0.07943333333333333,1,0.0,0.0,0,3
0.5072,0.00036666666666666667,1,0.0,0.0,0,3
0.5072,0.2830333333333333,1,0.0,0.0,0,3
0.5072,0.00021666666666666666,1,0.0,0.0,0,3
0.5072,0.09963333333333332,1,0.0,0.0,0,3
0.5072,0.08525,1,0.0,0.0,0,3
0.5072,0.00035,1,0.0,0.0,0,3
0.5072,0.0003,1,0.0,0.0,0,3
0.5072,0.09775,1,0.0,0.0,0,3
0.5072,0.0002666666666666667,1,0.0,0.0,0,3
0.5072,0.00023333333333333333,1,0.0,0.0,0,3
0.5072,0.00021666666666666666,1,0.0,0.0,0,3
0.5072,0.00023333333333333333,1,0.0,0.0,0,3
0.5072,0.00018333333333333334,1,0.0,0.0,0,3
0.5072,0.0002666666666666667,1,0.0,0.0,0,3
0.5072,0.08220000000000001,1,0.0,0.0,0,3
0.5072,0.00016666666666666666,1,0.0,0.0,0,3
0.5072,0.00015,1,0.0,0.0,0,3
0.5072,0.09916666666666667,1,0.0,0.0,0,0
0.5072,0.18373333333333333,1,0.0,0.0,0,0
0.5072,0.0831,1,0.0,0.0,0,3
0.3056,0.28373333333333334,1,0.0,0.0,0,3
0.3056,0.00165,1,0.0,0.0,0,3
0.3056,0.00015,1,0.0,0.0,0,3
0.3056,0.0977,1,0.0,0.0,0,3
0.3056,0.00018333333333333334,1,0.0,0.0,0,3
0.3056,0.00021666666666666666,1,0.0,0.0,0,3
0.3056,0.08438333333333332,1,0.0,0.0,0,3
0.6863,74.16358333333332,1,0.0,0.0,0,3
0.7596,0.10305,1,0.0,0.0,0,0
0.7244,173.11798333333334,1,0.0,0.0,0,0
0.7596,0.18238333333333331,1,0.0,0.0,0,0
0.0543,0.09331666666666667,1,0.0,0.0,0,0
0.1093,0.36695,1,0.0,0.0,0,0
0.0543,53.755316666666666,1,0.0,0.0,0,0
0.3271,62.475566666666666,1,0.0,0.0,0,3
0.3271,1.6666666666666667e-05,1,0.0,0.0,0,3
0.3271,0.00038333333333333334,1,0.0,0.0,0,3
0.3271,8.333333333333333e-05,1,0.0,0.0,0,3
0.3271,0.0003333333333333333,1,0.0,0.0,0,3
0.3271,0.00035,1,0.0,0.0,0,3
0.3271,0.00023333333333333333,1,0.0,0.0,0,3
0.3271,0.09816666666666667,1,0.0,0.0,0,3
0.3271,0.0005333333333333334,1,0.0,0.0,0,3
0.3271,0.0004,1,0.0,0.0,0,3
0.3271,0.00036666666666666667,1,0.0,0.0,0,3
0.3271,0.00048333333333333334,1,0.0,0.0,0,3
0.3271,0.0004333333333333333,1,0.0,0.0,0,3
0.3271,0.08108333333333334,1,0.0,0.0,0,3
0.3271,0.00045,1,0.0,0.0,0,3
0.3271,0.00025,1,0.0,0.0,0,3
0.3271,0.00035,1,0.0,0.0,0,3
0.3271,0.0002666666666666667,1,0.0,0.0,0,3
0.3271,0.00028333333333333335,1,0.0,0.0,0,3
0.3271,0.09906666666666666,1,0.0,0.0,0,3
0.3271,0.0002666666666666667,1,0.0,0.0,0,3
0.3271,0.00018333333333333334,1,0.0,0.0,0,3
0.3718,0.08325,1,0.0,0.0,0,0
0.3718,0.0004,1,0.0,0.0,0,3
0.3718,0.00028333333333333335,1,0.0,0.0,0,3
0.3718,0.09883333333333333,1,0.0,0.0,0,3
0.3718,0.00046666666666666666,1,0.0,0.0,0,3
0.3718,0.0004,1,0.0,0.0,0,3
0.3718,0.0004333333333333333,1,0.0,0.0,0,3
0.3718,0.00045,1,0.0,0.0,0,3
0.3718,0.00038333333333333334,1,0.0,0.0,0,3
0.3718,0.00031666666666666665,1,0.0,0.0,0,3
0.3718,0.0004166666666666667,1,0.0,0.0,0,3
0.3718,0.0003,1,0.0,0.0,0,3
0.3718,0.08028333333333333,1,0.0,0.0,0,3
0.3718,0.0004333333333333333,1,0.0,0.0,0,3
0.3718,0.00048333333333333334,1,0.0,0.0,0,3
0.3718,0.0008,1,0.0,0.0,0,3
0.3718,0.0004,1,0.0,0.0,0,3
0.3718,0.00025,1,0.0,0.0,0,3
0.3718,0.00023333333333333333,1,0.0,0.0,0,3
0.3718,0.0002666666666666667,1,0.0,0.0,0,3
0.3718,0.09696666666666666,1,0.0,0.0,0,3
0.3718,0.00046666666666666666,1,0.0,0.0,0,3
0.3718,0.0004166666666666667,1,0.0,0.0,0,3
0.3718,0.00028333333333333335,1,0.0,0.0,0,3
0.3718,0.0842,1,0.0,0.0,0,3
0.3718,0.00025,1,0.0,0.0,0,3
0.5652,0.09763333333333332,1,0.0,0.0,0,0
0.6863,1056.0694833333334,1,0.0,0.0,0,0
0.6863,0.08349999999999999,1,0.0,0.0,0,3
0.7596,0.18328333333333333,1,0.0,0.0,0,0
0.2771,1.1168833333333335,1,0.0,0.0,0,0
0.6863,8.816616666666667,1,0.0,0.0,0,3
0.1217,0.09973333333333333,1,0.0,0.0,0,3
0.6863,0.18421666666666667,1,0.0,0.0,0,3
0.1093,207.56206666666668,1,0.0,0.0,0,3
0.6863,0.05821666666666667,1,0.0,0.0,0,3
0.7596,0.34140000000000004,1,0.0,0.0,0,0
0.7596,60.84968333333334,1,0.0,0.0,0,0
0.7596,0.28275,1,0.0,0.0,0,0
0.7244,0.18306666666666666,1,0.0,0.0,0,3
0.7244,0.10006666666666666,1,0.0,0.0,0,3
0.7244,0.0,1,0.0,0.0,0,3
0.7244,0.00018333333333333334,1,0.0,0.0,0,3
0.7244,1.6666666666666667e-05,1,0.0,0.0,0,3
0.7244,0.0001,1,0.0,0.0,0,3
0.7244,0.0,1,0.0,0.0,0,3
0.7244,0.08338333333333334,1,0.0,0.0,0,3
0.7244,0.00015,1,0.0,0.0,0,3
0.7244,0.00013333333333333334,1,0.0,0.0,0,3
0.7244,0.00011666666666666667,1,0.0,0.0,0,3
0.7244,0.00013333333333333334,1,0.0,0.0,0,3
0.7244,0.00013333333333333334,1,0.0,0.0,0,3
0.7244,0.00013333333333333334,1,0.0,0.0,0,3
0.7244,0.09896666666666666,1,0.0,0.0,0,3
0.7244,0.08311666666666667,1,0.0,0.0,0,3
0.7244,0.18348333333333333,1,0.0,0.0,0,3
0.7244,0.10010000000000001,1,0.0,0.0,0,3
0.7244,0.00016666666666666666,1,0.0,0.0,0,3
0.7244,0.00013333333333333334,1,0.0,0.0,0,3
0.7244,0.18293333333333334,1,0.0,0.0,0,3
0.7244,0.10001666666666667,1,0.0,0.0,0,3
0.7244,0.18339999999999998,1,0.0,0.0,0,3
0.7244,0.08338333333333334,1,0.0,0.0,0,3
0.3718,87.79848333333332,1,0.0,0.0,0,0
0.2958,0.2662833333333333,1,0.0,0.0,0,0
0.5072,2548.3633333333332,1,0.0,0.0,0,0
0.6711,0.18313333333333331,1,0.0,0.0,0,0
0.2771,0.2670333333333333,1,0.0,0.0,0,3
0.2771,0.00025,1,0.0,0.0,0,3
0.2771,0.09983333333333334,1,0.0,0.0,0,3
0.2771,0.0003333333333333333,1,0.0,0.0,0,3
0.2771,0.00035,1,0.0,0.0,0,3
0.2771,0.09903333333333333,1,0.0,0.0,0,3
0.2771,0.00046666666666666666,1,0.0,0.0,0,3
0.2771,0.08273333333333334,1,0.0,0.0,0,3
0.2771,0.0003333333333333333,1,0.0,0.0,0,3
0.2771,0.00031666666666666665,1,0.0,0.0,0,3
0.2771,0.00028333333333333335,1,0.0,0.0,0,3
0.2771,0.09866666666666667,1,0.0,0.0,0,3
0.3902,0.26675,1,0.0,0.0,0,0
0.6711,237.6623,1,0.0,0.0,0,0
0.2771,0.18393333333333334,1,0.0,0.0,0,3
0.2771,3.3333333333333335e-05,1,0.0,0.0,0,3
0.2771,0.00035,1,0.0,0.0,0,3
0.2771,1.6666666666666667e-05,1,0.0,0.0,0,3
0.2771,0.00015,1,0.0,0.0,0,3
0.2771,0.09881666666666668,1,0.0,0.0,0,3
0.3271,0.18351666666666666,1,0.0,0.0,0,3
0.3271,0.00013333333333333334,1,0.0,0.0,0,3
0.3271,0.00016666666666666666,1,0.0,0.0,0,3
0.3271,0.00015,1,0.0,0.0,0,3
0.3271,0.00028333333333333335,1,0.0,0.0,0,3
0.3271,0.0002,1,0.0,0.0,0,3
0.3271,0.0003,1,0.0,0.0,0,0
0.3271,0.00028333333333333335,1,0.0,0.0,0,3
0.3271,0.00025,1,0.0,0.0,0,3
0.3271,0.08141666666666666,1,0.0,0.0,0,3
0.3271,0.20020000000000002,1,0.0,0.0,0,3
0.2624,0.1832,1,0.0,0.0,0,0
0.6711,1164.3443499999998,1,0.0,0.0,0,3
0.6711,0.0001,1,0.0,0.0,0,3
0.6711,0.00015,1,0.0,0.0,0,3
0.6711,0.00015,1,0.0,0.0,0,3
0.6711,0.00013333333333333334,1,0.0,0.0,0,3
0.6711,0.00011666666666666667,1,0.0,0.0,0,3
0.6711,0.10015,1,0.0,0.0,0,3
0.6711,0.08246666666666667,1,0.0,0.0,0,3
0.7244,0.18333333333333332,1,0.0,0.0,0,0
0.7244,0.10015,1,0.0,0.0,0,3
0.7244,1.6666666666666667e-05,1,0.0,0.0,0,3
0.7244,0.00018333333333333334,1,0.0,0.0,0,3
0.7244,5e-05,1,0.0,0.0,0,3
0.7244,8.333333333333333e-05,1,0.0,0.0,0,3
0.7244,0.09946666666666666,1,0.0,0.0,0,3
0.7244,0.0002,1,0.0,0.0,0,3
0.7244,0.00013333333333333334,1,0.0,0.0,0,3
0.7244,0.00013333333333333334,1,0.0,0.0,0,3
0.7244,2.50045,1,0.0,0.0,0,3
0.6863,0.3328,1,0.0,0.0,0,0
0.6863,0.08335000000000001,1,0.0,0.0,0,3
0.7244,1.9497,1,0.0,0.0,0,3
0.7244,5e-05,1,0.0,0.0,0,0
0.7244,0.00015,1,0.0,0.0,0,3
0.7244,5e-05,1,0.0,0.0,0,3
0.7244,8.333333333333333e-05,1,0.0,0.0,0,3
0.7244,0.00011666666666666667,1,0.0,0.0,0,3
0.7244,0.00013333333333333334,1,0.0,0.0,0,3
0.7244,0.0002,1,0.0,0.0,0,3
0.7244,0.08248333333333333,1,0.0,0.0,0,3
0.7244,0.0004,1,0.0,0.0,0,3
0.7244,0.00015,1,0.0,0.0,0,3
0.7244,0.0002,1,0.0,0.0,0,3
0.7244,0.00015,1,0.0,0.0,0,3
0.7244,0.19903333333333334,1,0.0,0.0,0,3
0.7244,0.00018333333333333334,1,0.0,0.0,0,3
0.7244,0.00016666666666666666,1,0.0,0.0,0,3
0.7244,0.0832,1,0.0,0.0,0,3
0.7244,0.00015,1,0.0,0.0,0,3
0.7244,0.0,1,0.0,0.0,0,3
0.7244,17.783966666666668,1,0.0,0.0,0,3
0.3718,223.79491666666667,1,0.0,0.0,0,0
0.7596,0.083,1,0.0,0.0,0,0
0.7596,1.5830333333333333,1,0.0,0.0,0,0
0.3275,16.850550000000002,1,0.0,0.0,0,0
0.7596,0.08386666666666667,1,0.0,0.0,0,0
0.7596,0.09913333333333334,1,0.0,0.0,0,3
0.3056,0.36679999999999996,1,0.0,0.0,0,0
0.3056,1.6666666666666667e-05,1,0.0,0.0,0,3
0.3056,0.0003,1,0.0,0.0,0,3
0.3056,0.00065,1,0.0,0.0,0,3
0.3056,0.00028333333333333335,1,0.0,0.0,0,3
0.3056,0.0002666666666666667,1,0.0,0.0,0,3
0.3056,0.00025,1,0.0,0.0,0,3
0.3056,0.00023333333333333333,1,0.0,0.0,0,3
0.3056,0.00023333333333333333,1,0.0,0.0,0,3
0.3056,0.0977,1,0.0,0.0,0,3
0.3056,0.00035,1,0.0,0.0,0,3
0.3056,0.00023333333333333333,1,0.0,0.0,0,3
0.3056,0.00021666666666666666,1,0.0,0.0,0,3
0.3056,0.08221666666666666,1,0.0,0.0,0,3
0.3056,6.666616666666667,1,0.0,0.0,0,3
0.7596,0.2828833333333333,1,0.0,0.0,0,0
0.7596,0.6502333333333333,1,0.0,0.0,0,0
0.7596,0.08318333333333333,1,0.0,0.0,0,0
0.3275,2.0343666666666667,1,0.0,0.0,0,0
0.6863,0.28245,1,0.0,0.0,0,0
0.6863,0.1,1,0.0,0.0,0,3
0.1217,0.08353333333333332,1,0.0,0.0,0,0
0.1217,0.8333499999999999,1,0.0,0.0,0,0
0.7244,0.1833,1,0.0,0.0,0,3
0.2624,0.09973333333333333,1,0.0,0.0,0,0
0.6863,0.8335666666666667,1,0.0,0.0,0,3
0.6863,0.00031666666666666665,1,0.0,0.0,0,3
0.6863,0.0002,1,0.0,0.0,0,3
0.6863,0.00046666666666666666,1,0.0,0.0,0,3
0.6863,0.18231666666666665,1,0.0,0.0,0,3
0.1217,2.58455,1,0.0,0.0,0,0
0.2624,0.0987,1,0.0,0.0,0,3
0.2624,0.00023333333333333333,1,0.0,0.0,0,3
0.2624,0.0003333333333333333,1,0.0,0.0,0,0
0.2624,0.00015,1,0.0,0.0,0,3
0.2624,0.0002,1,0.0,0.0,0,3
0.2624,0.00016666666666666666,1,0.0,0.0,0,3
0.2624,0.09918333333333333,1,0.0,0.0,0,3
0.2624,0.0009333333333333333,1,0.0,0.0,0,3
0.2624,0.0002666666666666667,1,0.0,0.0,0,3
0.2624,0.00021666666666666666,1,0.0,0.0,0,3
0.2624,0.0002,1,0.0,0.0,0,3
0.2624,0.08143333333333333,1,0.0,0.0,0,3
0.2624,1.6667166666666666,1,0.0,0.0,0,3
0.2624,15.83355,1,0.0,0.0,0,3
0.6711,6873.572,1,0.0,0.0,0,3
0.6711,0.00015,1,0.0,0.0,0,3
0.6711,0.0003,1,0.0,0.0,0,3
0.6711,0.0827,1,0.0,0.0,0,3
0.6711,0.00035,1,0.0,0.0,0,3
0.6711,0.00028333333333333335,1,0.0,0.0,0,0
0.6711,0.00031666666666666665,1,0.0,0.0,0,3
0.5072,0.18243333333333334,1,0.0,0.0,0,0
0.2771,0.28353333333333336,1,0.0,0.0,0,0
0.5652,0.18346666666666664,1,0.0,0.0,0,0
0.4792,5.549716666666667,1,0.0,0.0,0,2
0.4792,0.1836,1,0.0,0.0,0,3
0.4792,0.00011666666666666667,1,0.0,0.0,0,3
0.4792,0.00013333333333333334,1,0.0,0.0,0,3
0.4792,0.00015,1,0.0,0.0,0,3
0.4792,0.00021666666666666666,1,0.0,0.0,0,3
0.4792,0.00013333333333333334,1,0.0,0.0,0,3
0.4792,0.00015,1,0.0,0.0,0,3
0.4792,0.00015,1,0.0,0.0,0,3
0.4792,0.09876666666666667,1,0.0,0.0,0,3
0.4792,0.0002666666666666667,1,0.0,0.0,0,3
0.4792,0.09958333333333333,1,0.0,0.0,0,3
0.2771,0.18333333333333332,1,0.0,0.0,0,0
0.6711,0.26671666666666666,1,0.0,0.0,0,3
0.6711,0.00035,1,0.0,0.0,0,3
0.6711,0.0,1,0.0,0.0,0,0
0.6711,0.0002,1,0.0,0.0,0,3
0.6711,0.2829166666666667,1,0.0,0.0,0,3
0.6711,0.28313333333333335,1,0.0,0.0,0,0
0.0543,0.26683333333333337,1,0.0,0.0,0,0
0.6711,0.1835,1,0.0,0.0,0,3
0.6711,3.3333333333333335e-05,1,0.0,0.0,0,3
0.6711,0.00016666666666666666,1,0.0,0.0,0,0
0.6711,0.00015,1,0.0,0.0,0,3
0.6711,8.333333333333333e-05,1,0.0,0.0,0,3
0.6711,0.09980000000000001,1,0.0,0.0,0,3
0.2771,1462.5311833333333,1,0.0,0.0,0,0
0.3275,0.18351666666666666,1,0.0,0.0,0,0
0.5072,21.873866666666668,1,0.0,0.0,0,0
0.1093,14.991999999999999,1,0.0,0.0,0,0
0.7596,0.10003333333333334,1,0.0,0.0,0,0
0.6863,41.749066666666664,1,0.0,0.0,0,3
0.6863,0.10058333333333333,1,0.0,0.0,0,3
0.4048,0.3327666666666667,1,0.0,0.0,0,3
0.4048,0.0002666666666666667,1,0.0,0.0,0,3
0.4048,5e-05,1,0.0,0.0,0,3
0.4048,0.0003333333333333333,1,0.0,0.0,0,3
0.4048,0.00038333333333333334,1,0.0,0.0,0,0
0.4048,0.00021666666666666666,1,0.0,0.0,0,3
0.4048,0.00021666666666666666,1,0.0,0.0,0,3
0.4048,0.00023333333333333333,1,0.0,0.0,0,3
0.4048,0.09823333333333334,1,0.0,0.0,0,3
0.4048,0.00023333333333333333,1,0.0,0.0,0,3
0.4048,0.09980000000000001,1,0.0,0.0,0,3
0.4048,0.00015,1,0.0,0.0,0,3
0.4048,0.00011666666666666667,1,0.0,0.0,0,3
0.4048,0.08331666666666666,1,0.0,0.0,0,3
0.4048,0.00036666666666666667,1,0.0,0.0,0,3
0.4048,0.0003,1,0.0,0.0,0,3
0.4048,0.0002666666666666667,1,0.0,0.0,0,3
0.4048,0.09913333333333334,1,0.0,0.0,0,3
0.2344,0.1831,1,0.0,0.0,0,0
0.7596,0.18355,1,0.0,0.0,0,0
0.7596,0.08338333333333334,1,0.0,0.0,0,0
0.4048,0.19961666666666666,1,0.0,0.0,0,0
0.2624,0.36766666666666664,1,0.0,0.0,0,0
0.6863,0.08266666666666667,1,0.0,0.0,0,3
0.6863,0.0007666666666666667,1,0.0,0.0,0,3
0.6863,0.00035,1,0.0,0.0,0,3
0.1217,0.22920000000000001,1,0.0,0.0,0,0
0.7244,16.8025,1,0.0,0.0,0,3
0.7244,0.0003,1,0.0,0.0,0,3
0.7244,0.0018,1,0.0,0.0,0,3
0.7244,0.00021666666666666666,1,0.0,0.0,0,3
0.7244,0.09775,1,0.0,0.0,0,3
0.7244,0.0002666666666666667,1,0.0,0.0,0,3
0.7244,0.0002666666666666667,1,0.0,0.0,0,3
0.7244,0.00023333333333333333,1,0.0,0.0,0,0
0.7244,0.09915,1,0.0,0.0,0,3
0.7244,0.0003,1,0.0,0.0,0,3
0.7244,0.08513333333333332,1,0.0,0.0,0,3
0.1217,18.847683333333336,1,0.0,0.0,0,0
0.7596,0.08325,1,0.0,0.0,0,0
0.3899,0.7497666666666666,1,0.0,0.0,0,3
0.3899,0.00021666666666666666,1,0.0,0.0,0,0
0.3899,8.333333333333333e-05,1,0.0,0.0,0,3
0.3899,0.00011666666666666667,1,0.0,0.0,0,3
0.3899,0.0001,1,0.0,0.0,0,3
0.3899,1.6666666666666667e-05,1,0.0,0.0,0,3
0.3899,0.00013333333333333334,1,0.0,0.0,0,3
0.3899,0.00011666666666666667,1,0.0,0.0,0,3
0.3899,0.00015,1,0.0,0.0,0,3
0.3899,0.08286666666666667,1,0.0,0.0,0,3
0.5072,97.76455,1,0.0,0.0,0,0
0.7596,0.10018333333333333,1,0.0,0.0,0,0
0.7244,3.23305,1,0.0,0.0,0,3
0.7244,0.00025,1,0.0,0.0,0,3
0.7244,0.00028333333333333335,1,0.0,0.0,0,3
0.7244,0.0003,1,0.0,0.0,0,3
0.7244,0.00021666666666666666,1,0.0,0.0,0,0
0.7244,0.00048333333333333334,1,0.0,0.0,0,3
0.7244,0.00021666666666666666,1,0.0,0.0,0,3
0.7244,0.09808333333333333,1,0.0,0.0,0,3
0.7244,0.00025,1,0.0,0.0,0,3
0.7244,0.00016666666666666666,1,0.0,0.0,0,3
0.7244,0.00015,1,0.0,0.0,0,3
0.7244,0.00015,1,0.0,0.0,0,3
0.7244,0.0828,1,0.0,0.0,0,3
0.7244,0.00023333333333333333,1,0.0,0.0,0,3
0.7244,0.00016666666666666666,1,0.0,0.0,0,3
0.7244,0.09973333333333333,1,0.0,0.0,0,3
0.7244,0.0002666666666666667,1,0.0,0.0,0,3
0.7244,0.0994,1,0.0,0.0,0,3
0.7244,0.0004166666666666667,1,0.0,0.0,0,3
0.7244,0.00018333333333333334,1,0.0,0.0,0,3
0.7244,0.00015,1,0.0,0.0,0,3
0.7244,0.00013333333333333334,1,0.0,0.0,0,3
0.7244,0.00015,1,0.0,0.0,0,3
0.7244,0.08278333333333333,1,0.0,0.0,0,3
0.7244,0.00016666666666666666,1,0.0,0.0,0,3
0.7244,0.00023333333333333333,1,0.0,0.0,0,3
0.7244,0.09941666666666667,1,0.0,0.0,0,3
0.7244,0.00031666666666666665,1,0.0,0.0,0,3
0.7244,0.08275,1,0.0,0.0,0,3
0.7244,0.0002666666666666667,1,0.0,0.0,0,3
0.7244,0.00023333333333333333,1,0.0,0.0,0,3
0.7244,0.09951666666666667,1,0.0,0.0,0,3
0.7244,0.00015,1,0.0,0.0,0,3
0.7244,0.00016666666666666666,1,0.0,0.0,0,3
0.7244,0.00021666666666666666,1,0.0,0.0,0,3
0.7244,0.08295000000000001,1,0.0,0.0,0,3
0.7244,0.18338333333333334,1,0.0,0.0,0,3
0.2958,47.3018,1,0.0,0.0,0,0
0.6863,0.18531666666666666,1,0.0,0.0,0,3
0.7244,0.17856666666666668,1,0.0,0.0,0,3
0.6863,38.38288333333333,1,0.0,0.0,0,3
0.5072,6.749866666666667,1,0.0,0.0,0,0
0.6863,55.265499999999996,1,0.0,0.0,0,3
0.5072,0.6496,1,0.0,0.0,0,3
0.6863,5313.828333333334,1,0.0,0.0,0,3
0.2958,42.01781666666667,1,0.0,0.0,0,0
0.7596,0.28048333333333336,1,0.0,0.0,0,0
0.7244,26.486783333333335,1,0.0,0.0,0,0
0.7244,0.00045,1,0.0,0.0,0,3
0.3271,0.07888333333333333,1,0.0,0.0,0,0
0.5652,1.4834333333333334,1,0.0,0.0,0,3
0.5652,0.00016666666666666666,1,0.0,0.0,0,3
0.5652,0.00015,1,0.0,0.0,0,3
0.5652,0.0002666666666666667,1,0.0,0.0,0,3
0.5652,0.00023333333333333333,1,0.0,0.0,0,3
0.5652,0.0993,1,0.0,0.0,0,3
0.5652,8.333333333333333e-05,1,0.0,0.0,0,3
0.5652,0.0003,1,0.0,0.0,0,3
0.5652,0.08291666666666667,1,0.0,0.0,0,3
0.5652,0.0003333333333333333,1,0.0,0.0,0,3
0.5652,0.09983333333333334,1,0.0,0.0,0,3
0.5652,0.0004,1,0.0,0.0,0,3
0.5652,0.08291666666666667,1,0.0,0.0,0,3
0.3902,0.36638333333333334,1,0.0,0.0,0,3
0.3902,0.00028333333333333335,1,0.0,0.0,0,3
0.3902,0.00028333333333333335,1,0.0,0.0,0,3
0.3902,0.00036666666666666667,1,0.0,0.0,0,3
0.3902,0.00025,1,0.0,0.0,0,3
0.3902,0.00021666666666666666,1,0.0,0.0,0,3
0.3902,0.0002,1,0.0,0.0,0,3
0.3902,0.0003333333333333333,1,0.0,0.0,0,3
0.3902,0.0003,1,0.0,0.0,0,3
0.3902,0.0002666666666666667,1,0.0,0.0,0,3
0.3902,0.09753333333333333,1,0.0,0.0,0,3
0.3902,0.00028333333333333335,1,0.0,0.0,0,3
0.3902,0.00028333333333333335,1,0.0,0.0,0,3
0.3902,0.0002666666666666667,1,0.0,0.0,0,3
0.3902,0.09916666666666667,1,0.0,0.0,0,3
0.3902,0.0002,1,0.0,0.0,0,3
0.2537,0.2673,1,0.0,0.0,1,3
0.2537,0.00015,1,0.0,0.0,1,3
0.2537,0.00016666666666666666,1,0.0,0.0,1,3
0.2537,1.6666666666666667e-05,1,0.0,0.0,1,3
0.2537,0.0002666666666666667,1,0.0,0.0,1,3
0.2537,0.0002,1,0.0,0.0,1,3
0.2537,0.09831666666666666,1,0.0,0.0,1,3
0.2537,0.0003,1,0.0,0.0,1,3
0.2537,0.0001,1,0.0,0.0,1,3
0.2537,0.00015,1,0.0,0.0,1,3
0.1217,0.26655,1,0.0,0.0,0,3
0.7596,0.19968333333333332,1,0.0,0.0,0,0
0.7596,0.0833,1,0.0,0.0,0,0
0.6863,2.8673,1,0.0,0.0,0,3
0.6863,0.0002666666666666667,1,0.0,0.0,0,3
0.6863,0.00025,1,0.0,0.0,0,3
0.6863,0.00025,1,0.0,0.0,0,3
0.6863,0.0002,1,0.0,0.0,0,3
0.6863,0.09841666666666667,1,0.0,0.0,0,0
0.6863,1.3013333333333332,1,0.0,0.0,0,3
0.2958,5.365516666666666,1,0.0,0.0,0,3
0.2958,0.0002,1,0.0,0.0,0,3
0.2958,0.00036666666666666667,1,0.0,0.0,0,3
0.2958,0.00025,1,0.0,0.0,0,3
0.2958,0.08275,1,0.0,0.0,0,0
0.2958,0.18296666666666667,1,0.0,0.0,0,3
0.2958,0.00021666666666666666,1,0.0,0.0,0,3
0.2958,0.0003,1,0.0,0.0,0,3
0.2958,0.00021666666666666666,1,0.0,0.0,0,3
0.2958,0.0002,1,0.0,0.0,0,3
0.2958,0.00015,1,0.0,0.0,0,3
0.2958,0.28198333333333336,1,0.0,0.0,0,3
0.2958,0.0005,1,0.0,0.0,0,3
0.3275,0.3001166666666667,1,0.0,0.0,0,3
0.3275,0.0002,1,0.0,0.0,0,3
0.3275,0.06588333333333334,1,0.0,0.0,0,0
0.3275,0.09986666666666667,1,0.0,0.0,0,3
0.3275,1.3021666666666667,1,0.0,0.0,0,3
0.3275,0.00031666666666666665,1,0.0,0.0,0,3
0.3275,0.00016666666666666666,1,0.0,0.0,0,3
0.3275,0.00021666666666666666,1,0.0,0.0,0,3
0.3275,0.00016666666666666666,1,0.0,0.0,0,3
0.3275,0.7349166666666667,1,0.0,0.0,0,3
0.5072,0.0007166666666666666,1,0.0,0.0,0,3
0.5072,0.00023333333333333333,1,0.0,0.0,0,3
0.5072,0.09463333333333333,1,0.0,0.0,0,0
0.5072,1.0175166666666666,1,0.0,0.0,0,3
0.5072,0.00031666666666666665,1,0.0,0.0,0,3
0.5072,0.00038333333333333334,1,0.0,0.0,0,3
0.5072,0.00031666666666666665,1,0.0,0.0,0,3
0.5072,0.00031666666666666665,1,0.0,0.0,0,3
0.5072,0.00028333333333333335,1,0.0,0.0,0,3
0.5072,0.00028333333333333335,1,0.0,0.0,0,3
0.5072,0.00023333333333333333,1,0.0,0.0,0,3
0.5072,0.0003333333333333333,1,0.0,0.0,0,3
0.5072,0.0803,1,0.0,0.0,0,3
0.5072,0.00038333333333333334,1,0.0,0.0,0,3
0.5072,0.00028333333333333335,1,0.0,0.0,0,3
0.5072,0.00035,1,0.0,0.0,0,3
0.5072,0.00035,1,0.0,0.0,0,3
0.5072,0.0002666666666666667,1,0.0,0.0,0,3
0.5072,0.38148333333333334,1,0.0,0.0,0,3
0.5072,13.883933333333333,1,0.0,0.0,0,3
0.0543,0.26598333333333335,1,0.0,0.0,0,0
0.4048,0.4671333333333333,1,0.0,0.0,0,3
0.2771,0.18253333333333333,1,0.0,0.0,0,0
0.7596,39.28793333333333,1,0.0,0.0,0,0
0.1093,0.21126666666666666,1,0.0,0.0,0,0
0.7596,0.09956666666666666,0,0.0,0.0,0,3
0.7596,2.5025166666666667,0,0.0,0.0,1,3
0.7596,5.3020499999999995,0,0.0,0.0,1,1
0.7596,0.09248333333333333,0,0.0,0.0,1,3
0.7596,0.00011666666666666667,0,0.0,0.0,1,3
0.7596,0.0001,0,0.0,0.0,1,3
0.7596,6.965883333333333,0,0.0,0.0,0,3
0.2354,0.09956666666666666,0,0.0,0.0,0,0
0.7596,309.5708,0,0.0,0.0,0,2
0.7596,0.00018333333333333334,0,0.0,0.0,0,2
0.7596,0.09175,0,0.0,0.0,0,2
0.5023,6.67975,0,0.0,0.0,0,0
0.2354,2.8745,0,0.0,0.0,0,0
0.4138,7.9778,0,0.0,0.0,0,0
0.4138,9798.4648,0,0.0,0.0,0,3
0.4138,0.00013333333333333334,0,0.0,0.0,0,3
0.4138,0.09145,0,0.0,0.0,0,3
0.4138,0.0005833333333333334,0,0.0,0.0,0,0
0.4138,0.18481666666666668,0,0.0,0.0,0,3
0.4138,1.1144333333333334,0,0.0,0.0,0,3
0.1379,7.865283333333333,0,0.0,0.0,0,3
0.4361,9.747416666666668,0,0.0,0.0,0,0
0.7596,21826.71375,0,0.0,1.81,0,2
0.7596,0.09956666666666666,1,0.0,0.0,0,0
0.7382,8.800516666666665,1,0.0,0.0,0,0
0.7382,67.11611666666667,1,0.0,0.0,0,3
0.7382,0.10051666666666666,1,0.0,0.0,0,4
0.7382,6.6332,1,0.5,0.0,0,3
0.7382,0.09978333333333333,1,0.5,0.0,0,4
0.7382,0.9172499999999999,1,0.5,0.0,0,3
0.7382,0.09936666666666666,1,0.5,0.0,0,4
0.7382,0.7333666666666667,1,0.5,0.0,0,3
0.7382,0.00011666666666666667,1,0.5,0.0,0,4
0.7382,0.46659999999999996,1,0.5,0.0,0,3
0.7382,0.10026666666666667,1,0.5,0.0,0,4
0.7382,6.016383333333334,1,0.5,0.0,0,3
0.7382,0.08368333333333333,1,0.5,0.0,0,4
0.7382,8.899849999999999,1,0.5,0.0,0,3
0.7382,0.4501,1,0.5,0.0,0,4
0.7596,0.74995,1,0.5,0.0,0,0
0.7382,0.9170333333333333,1,0.3333333333333333,0.0,0,3
0.7382,0.00021666666666666666,1,0.3333333333333333,0.0,0,4
0.7059,0.09956666666666666,0,0.0,-0.74,0,3
0.7596,7.05035,0,0.0,-1.95,0,0
0.3742,5.65,0,0.0,0.0,0,2
0.7596,118.1514,0,0.0,1.58,0,0
0.7596,0.09956666666666666,0,0.0,-0.87,0,3
0.7596,0.09956666666666666,1,0.0,0.0,0,3
0.7596,0.9172666666666667,1,0.0,0.0,0,0
0.7596,6.21685,1,0.0,0.0,0,0
0.7596,0.91695,1,0.0,0.0,0,0
0.7596,15.666333333333334,1,0.0,0.0,0,0
0.7596,222.62796666666665,1,0.0,0.0,0,0
0.7596,4.616433333333333,1,0.0,0.0,0,0
0.7596,16.92125,1,0.0,0.0,0,0
0.7596,0.4124833333333333,1,0.0,0.0,0,0
0.7596,1.0166166666666667,1,0.0,0.0,0,0
0.7596,0.36669999999999997,1,0.0,0.0,0,0
0.7596,2.1334666666666666,1,0.0,0.0,0,0
0.7596,0.2834333333333333,1,0.0,0.0,0,0
0.7596,10.617833333333333,1,0.0,0.0,0,0
0.7596,15.883466666666667,1,0.0,0.0,0,0
0.7596,14.534366666666667,1,0.0,0.0,0,0
0.7596,0.09931666666666666,1,0.0,0.0,0,0
0.7596,46.01883333333333,1,0.0,0.0,0,0
0.7596,1103.6550833333333,1,0.0,0.0,0,0
0.7596,47.1676,1,0.0,0.0,0,0
0.1525,0.16756666666666667,1,0.0,0.0,0,0
0.1525,0.19906666666666667,1,0.0,0.0,0,3
0.7596,355.88595,1,0.0,0.0,0,0
0.7596,0.08313333333333334,1,0.0,0.0,0,0
0.7596,18336.024816666668,1,0.0,0.0,0,0
0.7596,70.35243333333332,1,0.0,0.0,0,0
0.7596,10429.38775,1,0.0,0.0,0,0
0.1379,2.0328166666666667,1,0.0,0.0,0,3
0.7596,2.133566666666667,1,0.0,0.0,0,0
0.7596,0.09956666666666666,0,0.0,4.33,0,0
0.1379,28.20185,0,0.0,6.33,0,3
0.7596,0.09956666666666666,1,0.0,0.0,0,3
0.7596,0.0002,1,0.0,0.0,0,3
0.7596,0.18306666666666666,1,0.0,0.0,0,0
0.7596,0.09998333333333333,1,0.0,0.0,0,0
0.7596,0.00075,1,0.0,0.0,0,3
0.7596,0.0020666666666666667,1,0.0,0.0,0,3
0.7596,0.08053333333333333,1,0.0,0.0,0,3
0.7596,0.0010166666666666666,1,0.0,0.0,0,3
0.7596,0.09915,1,0.0,0.0,0,0
0.7596,0.00025,1,0.0,0.0,0,3
0.7596,0.0002,1,0.0,0.0,0,3
0.7596,0.08316666666666667,1,0.0,0.0,0,3
0.7596,0.0002666666666666667,1,0.0,0.0,0,3
0.7596,0.00016666666666666666,1,0.0,0.0,0,3
0.7596,0.00018333333333333334,1,0.0,0.0,0,3
0.7596,1.8660833333333333,1,0.0,0.0,0,0
0.7596,1.0167166666666667,1,0.0,0.0,0,3
0.7596,0.08303333333333333,1,0.0,0.0,0,3
0.7596,0.00018333333333333334,1,0.0,0.0,0,3
0.7596,0.00028333333333333335,1,0.0,0.0,0,0
0.7596,0.00021666666666666666,1,0.0,0.0,0,3
0.7596,0.09923333333333333,1,0.0,0.0,0,3
0.7596,0.0002,1,0.0,0.0,0,3
0.7596,0.9168333333333333,1,0.0,0.0,0,3
0.7596,0.00016666666666666666,1,0.0,0.0,0,3
0.7596,0.09958333333333333,1,0.0,0.0,0,3
0.7596,0.0002666666666666667,1,0.0,0.0,0,3
0.7596,0.0832,1,0.0,0.0,0,0
0.7596,0.28345000000000004,1,0.0,0.0,0,0
0.7596,0.0002,1,0.0,0.0,0,3
0.7596,0.00016666666666666666,1,0.0,0.0,0,3
0.7596,0.00013333333333333334,1,0.0,0.0,0,3
0.7596,0.18259999999999998,1,0.0,0.0,0,0
0.7596,0.18348333333333333,1,0.0,0.0,0,0
0.7596,0.09995,1,0.0,0.0,0,0
0.7596,0.36691666666666667,1,0.0,0.0,0,0
0.7596,28.334816666666665,1,0.0,0.0,0,0
0.952,0.09956666666666666,1,0.0,0.0,0,3
0.952,3.3333333333333335e-05,1,0.0,0.0,0,3
0.952,6.322816666666667,1,0.0,0.0,0,3
0.952,1.6666666666666667e-05,1,0.0,0.0,0,3
0.952,1307.2578500000002,1,0.0,0.0,0,3
0.952,0.0005833333333333334,1,0.0,0.0,0,3
0.7596,40.271499999999996,1,0.0,0.0,0,3
0.7596,0.0028,1,0.0,0.0,0,3
0.952,6.7233,1,0.0,0.0,0,3
0.952,0.00021666666666666666,1,0.0,0.0,0,3
0.952,358.7692666666666,1,0.0,0.0,0,3
0.952,0.0001,1,0.0,0.0,0,3
0.7596,48.96541666666667,1,0.0,0.0,0,3
0.7596,6.666666666666667e-05,1,0.0,0.0,0,3
0.7596,645.9816166666666,1,0.0,0.0,0,3
0.7596,0.00025,1,0.0,0.0,0,3
0.7596,1.4439,1,0.0,0.0,0,3
0.7596,0.00021666666666666666,1,0.0,0.0,0,3
0.7596,144.06058333333334,1,0.0,0.0,0,3
0.7596,0.00085,1,0.0,0.0,0,3
0.7596,46.897749999999995,1,0.0,0.0,0,3
0.7596,0.0,1,0.0,0.0,0,3
0.7596,0.10681666666666666,1,0.0,0.0,0,3
0.7596,1.6666666666666667e-05,1,0.0,0.0,0,3
0.7596,1380.1115,1,0.0,0.0,0,3
0.7596,6.666666666666667e-05,1,0.0,0.0,0,3
0.952,9.183533333333333,1,0.0,0.0,0,3
0.952,5e-05,1,0.0,0.0,0,3
0.7596,12.43015,1,0.0,0.0,0,3
0.7596,3.3333333333333335e-05,1,0.0,0.0,0,3
0.7596,6534.3753,1,0.0,0.0,0,3
0.7596,0.0005666666666666667,1,0.0,0.0,0,3
0.7596,0.0941,1,0.0,0.0,0,3
0.7596,1.6666666666666667e-05,1,0.0,0.0,0,3
0.7596,0.8682333333333333,1,0.0,0.0,0,3
0.7596,8.333333333333333e-05,1,0.0,0.0,0,3
0.7596,9295.10225,1,0.0,0.0,0,3
0.7596,5e-05,1,0.0,0.0,0,3
0.7596,0.06306666666666666,1,0.0,0.0,0,3
0.7596,0.0,1,0.0,0.0,0,3
0.952,1398.6994666666665,1,0.0,0.0,0,3
0.952,0.3365666666666666,1,0.0,0.0,0,3
0.952,0.09885000000000001,1,0.0,0.0,0,3
0.952,8.762833333333333,1,0.0,0.0,0,3
0.952,0.13675,1,0.0,0.0,0,3
0.952,8.40805,1,0.0,0.0,0,3
0.7596,3.0742666666666665,1,0.0,0.0,0,3
0.7596,0.08805,1,0.0,0.0,0,3
0.7596,0.02555,1,0.0,0.0,0,3
0.952,1461.7913833333332,1,0.0,0.0,0,3
0.952,0.5254166666666666,1,0.0,0.0,0,3
0.952,0.07401666666666666,1,0.0,0.0,0,3
0.952,0.9919333333333333,1,0.0,0.0,0,3
0.952,0.08365,1,0.0,0.0,0,3
0.952,0.049133333333333334,1,0.0,0.0,0,3
0.952,0.049833333333333334,1,0.0,0.0,0,3
0.952,0.15048333333333333,1,0.0,0.0,0,3
0.952,0.009083333333333334,1,0.0,0.0,0,3
0.7596,0.4779333333333333,1,0.0,0.0,0,3
0.7596,0.15888333333333332,1,0.0,0.0,0,3
0.952,0.0001,1,0.0,0.0,0,3
0.7596,178.86466666666666,1,0.0,0.0,0,3
0.7596,3.3333333333333335e-05,1,0.0,0.0,0,3
0.7596,55.57266666666667,1,0.0,0.0,0,3
0.7596,6.666666666666667e-05,1,0.0,0.0,0,3
0.7596,2.7342,1,0.0,0.0,0,3
0.7596,0.02785,1,0.0,0.0,0,3
0.7596,0.03115,1,0.0,0.0,0,3
0.7596,1048.5417166666666,1,0.0,0.0,0,3
0.7596,0.07225,1,0.0,0.0,0,3
0.7596,0.02206666666666667,1,0.0,0.0,0,3
0.7596,0.06778333333333333,1,0.0,0.0,0,3
0.952,515.7848666666666,1,0.0,0.0,0,3
0.952,0.0,1,0.0,0.0,0,3
0.952,20.695283333333336,1,0.0,0.0,0,3
0.952,6.666666666666667e-05,1,0.0,0.0,0,3
0.7596,0.2999,1,0.0,0.0,0,3
0.7596,1.6666666666666667e-05,1,0.0,0.0,0,3
0.7596,883.8385999999999,1,0.0,0.0,0,3
0.7596,0.049466666666666666,1,0.0,0.0,0,3
0.7596,6.666666666666667e-05,1,0.0,0.0,0,3
0.7596,120.57966666666667,1,0.0,0.0,0,3
0.7596,0.07146666666666666,1,0.0,0.0,0,3
0.7596,0.016833333333333332,1,0.0,0.0,0,3
0.7596,0.0269,1,0.0,0.0,0,3
0.7596,0.10846666666666667,1,0.0,0.0,0,3
0.7596,0.021316666666666664,1,0.0,0.0,0,3
0.7596,0.07676666666666666,1,0.0,0.0,0,3
0.7596,0.17586666666666667,1,0.0,0.0,0,3
0.7596,0.02025,1,0.0,0.0,0,3
0.7596,0.010783333333333334,1,0.0,0.0,0,3
0.7596,0.18008333333333332,1,0.0,0.0,0,3
0.7596,0.2985666666666667,1,0.0,0.0,0,3
0.7596,0.009616666666666666,1,0.0,0.0,0,3
0.7596,0.17315,1,0.0,0.0,0,3
0.7596,0.008666666666666666,1,0.0,0.0,0,3
0.7596,0.025166666666666667,1,0.0,0.0,0,3
0.7596,0.029516666666666667,1,0.0,0.0,0,3
0.7596,8.333333333333333e-05,1,0.0,0.0,0,3
0.7596,0.03883333333333334,1,0.0,0.0,0,3
0.7596,0.19870000000000002,1,0.0,0.0,0,3
0.7596,6.666666666666667e-05,1,0.0,0.0,0,3
0.7596,0.06625,1,0.0,0.0,0,3
0.7596,0.4453,1,0.0,0.0,0,3
0.7596,0.006566666666666667,1,0.0,0.0,0,3
0.7596,0.015000000000000001,1,0.0,0.0,0,3
0.7596,0.006483333333333333,1,0.0,0.0,0,3
0.7596,0.051083333333333335,1,0.0,0.0,0,3
0.7596,0.03801666666666667,1,0.0,0.0,0,3
0.7596,0.006666666666666667,1,0.0,0.0,0,3
0.7596,0.011666666666666665,1,0.0,0.0,0,3
0.7596,0.014016666666666667,1,0.0,0.0,0,3
0.7596,0.02146666666666667,1,0.0,0.0,0,3
0.7596,0.00013333333333333334,1,0.0,0.0,0,3
0.7596,0.02343333333333333,1,0.0,0.0,0,3
0.7596,0.20526666666666668,1,0.0,0.0,0,3
0.7596,0.016216666666666667,1,0.0,0.0,0,3
0.7596,0.006216666666666666,1,0.0,0.0,0,3
0.7596,0.03205,1,0.0,0.0,0,3
0.7596,0.0078000000000000005,1,0.0,0.0,0,3
0.7596,0.01838333333333333,1,0.0,0.0,0,3
0.7596,3.3333333333333335e-05,1,0.0,0.0,0,3
0.7596,0.03173333333333333,1,0.0,0.0,0,3
0.7596,0.041699999999999994,1,0.0,0.0,0,3
0.7596,0.00016666666666666666,1,0.0,0.0,0,3
0.7596,0.11208333333333333,1,0.0,0.0,0,3
0.7596,0.0271,1,0.0,0.0,0,3
0.7596,0.0002,1,0.0,0.0,0,3
0.952,0.27101666666666663,1,0.0,0.0,0,3
0.952,0.0302,1,0.0,0.0,0,3
0.952,0.0001,1,0.0,0.0,0,3
0.7596,0.020666666666666667,1,0.0,0.0,0,3
0.7596,0.04991666666666667,1,0.0,0.0,0,3
0.7596,0.008333333333333333,1,0.0,0.0,0,3
0.7596,0.05088333333333333,1,0.0,0.0,0,3
0.7596,0.0,1,0.0,0.0,0,3
0.952,0.02095,1,0.0,0.0,0,3
0.952,0.02733333333333333,1,0.0,0.0,0,3
0.952,0.00016666666666666666,1,0.0,0.0,0,3
0.7596,0.035416666666666666,1,0.0,0.0,0,3
0.7596,1.18815,1,0.0,0.0,0,3
0.7596,0.00725,1,0.0,0.0,0,3
0.7596,0.03245,1,0.0,0.0,0,3
0.7596,0.00955,1,0.0,0.0,0,3
0.7596,0.02266666666666667,1,0.0,0.0,0,3
0.7596,0.017566666666666668,1,0.0,0.0,0,3
0.7596,0.0001,1,0.0,0.0,0,3
0.952,0.019066666666666666,1,0.0,0.0,0,3
0.952,0.03586666666666667,1,0.0,0.0,0,3
0.952,0.00013333333333333334,1,0.0,0.0,0,3
0.952,0.22583333333333336,1,0.0,0.0,0,3
0.952,6.666666666666667e-05,1,0.0,0.0,0,3
0.7596,0.12108333333333333,1,0.0,0.0,0,3
0.7596,0.04116666666666667,1,0.0,0.0,0,3
0.7596,5e-05,1,0.0,0.0,0,3
0.952,0.048183333333333335,1,0.0,0.0,0,3
0.952,0.28991666666666666,1,0.0,0.0,0,3
0.952,0.011366666666666667,1,0.0,0.0,0,3
0.952,0.0209,1,0.0,0.0,0,3
0.952,0.1062,1,0.0,0.0,0,3
0.952,0.030033333333333335,1,0.0,0.0,0,3
0.952,0.015616666666666668,1,0.0,0.0,0,3
0.952,0.00715,1,0.0,0.0,0,3
0.952,0.022016666666666667,1,0.0,0.0,0,3
0.952,0.15968333333333332,1,0.0,0.0,0,3
0.952,0.010616666666666667,1,0.0,0.0,0,3
0.952,0.0154,1,0.0,0.0,0,3
0.952,0.007483333333333333,1,0.0,0.0,0,3
0.952,0.04161666666666666,1,0.0,0.0,0,3
0.952,5e-05,1,0.0,0.0,0,3
0.7596,0.11363333333333332,1,0.0,0.0,0,3
0.7596,0.07125000000000001,1,0.0,0.0,0,3
0.7596,0.03843333333333333,1,0.0,0.0,0,3
0.7596,0.0698,1,0.0,0.0,0,3
0.7596,0.04331666666666667,1,0.0,0.0,0,3
0.7596,0.14416666666666667,1,0.0,0.0,0,3
0.7596,0.014283333333333334,1,0.0,0.0,0,3
0.7596,0.4105,1,0.0,0.0,0,3
0.7596,0.007583333333333333,1,0.0,0.0,0,3
0.7596,0.010183333333333332,1,0.0,0.0,0,3
0.7596,0.013000000000000001,1,0.0,0.0,0,3
0.7596,0.0208,1,0.0,0.0,0,3
0.7596,0.18503333333333333,1,0.0,0.0,0,3
0.7596,0.0089,1,0.0,0.0,0,3
0.7596,0.018616666666666667,1,0.0,0.0,0,3
0.7596,0.008666666666666666,1,0.0,0.0,0,3
0.7596,0.3775,1,0.0,0.0,0,3
0.7596,0.022733333333333335,1,0.0,0.0,0,3
0.7596,0.07331666666666667,1,0.0,0.0,0,3
0.952,219.2234,1,0.0,0.0,0,3
0.952,0.01885,1,0.0,0.0,0,3
0.952,0.015216666666666667,1,0.0,0.0,0,3
0.7596,0.16743333333333332,1,0.0,0.0,0,3
0.7596,0.014833333333333334,1,0.0,0.0,0,3
0.7596,0.0227,1,0.0,0.0,0,3
0.7596,0.04315,1,0.0,0.0,0,3
0.7596,0.18814999999999998,1,0.0,0.0,0,3
0.7596,0.18621666666666667,1,0.0,0.0,0,3
0.7596,0.00015,1,0.0,0.0,0,3
0.7596,0.13985,1,0.0,0.0,0,3
0.7596,0.12801666666666667,1,0.0,0.0,0,3
0.7596,0.017116666666666665,1,0.0,0.0,0,3
0.7596,0.3819666666666667,1,0.0,0.0,0,3
0.7596,0.07956666666666666,1,0.0,0.0,0,3
0.7596,1.2307,1,0.0,0.0,0,3
0.7596,0.3725,1,0.0,0.0,0,3
0.7596,0.12925,1,0.0,0.0,0,3
0.7596,0.16668333333333332,1,0.0,0.0,0,3
0.7596,0.04135,1,0.0,0.0,0,3
0.7596,0.014666666666666666,1,0.0,0.0,0,3
0.7596,0.0365,1,0.0,0.0,0,3
0.7596,5e-05,1,0.0,0.0,0,3
0.7596,0.36036666666666667,1,0.0,0.0,0,3
0.7596,0.0,1,0.0,0.0,0,3
0.7596,0.6978500000000001,1,0.0,0.0,0,3
0.7596,3.3333333333333335e-05,1,0.0,0.0,0,3
0.7596,0.12794999999999998,1,0.0,0.0,0,3
0.7596,0.05063333333333333,1,0.0,0.0,0,3
0.7596,0.015416666666666667,1,0.0,0.0,0,3
0.7596,0.13123333333333334,1,0.0,0.0,0,3
0.7596,0.019899999999999998,1,0.0,0.0,0,3
0.7596,0.11446666666666667,1,0.0,0.0,0,3
0.7596,0.16683333333333333,1,0.0,0.0,0,3
0.7596,5e-05,1,0.0,0.0,0,3
0.7596,1933.0312333333334,1,0.0,0.0,0,3
0.7596,0.00021666666666666666,1,0.0,0.0,0,3
0.7596,0.013716666666666665,1,0.0,0.0,0,3
0.7596,0.32593333333333335,1,0.0,0.0,0,3
0.7596,0.0136,1,0.0,0.0,0,3
0.952,621.0925000000001,1,0.0,0.0,0,3
0.7596,0.10435,1,0.0,0.0,0,3
0.7596,1.6666666666666667e-05,1,0.0,0.0,0,3
0.952,0.21553333333333333,1,0.0,0.0,0,3
0.952,3.3333333333333335e-05,1,0.0,0.0,0,3
0.7596,0.14565,1,0.0,0.0,0,3
0.7596,3.3333333333333335e-05,1,0.0,0.0,0,3
0.7596,0.14753333333333335,1,0.0,0.0,0,3
0.7596,5e-05,1,0.0,0.0,0,3
0.952,0.24058333333333334,1,0.0,0.0,0,3
0.952,5e-05,1,0.0,0.0,0,3
0.7596,6.119716666666666,1,0.0,0.0,0,3
0.7596,6.666666666666667e-05,1,0.0,0.0,0,3
0.7596,6.916383333333333,1,0.0,0.0,0,3
0.952,5e-05,1,0.0,0.0,0,3
0.7596,0.6067166666666667,1,0.0,0.0,0,3
0.952,5e-05,1,0.0,0.0,0,3
0.7596,15.942200000000001,1,0.0,0.0,0,3
0.7596,0.30551666666666666,1,0.0,0.0,0,3
0.7596,0.11185,1,0.0,0.0,0,3
0.7596,0.0001,1,0.0,0.0,0,3
0.952,44.98331666666666,1,0.0,0.0,0,3
0.952,0.3542166666666667,1,0.0,0.0,0,3
0.952,3.3333333333333335e-05,1,0.0,0.0,0,3
0.7596,0.025183333333333332,1,0.0,0.0,0,3
0.7596,0.12915,1,0.0,0.0,0,3
0.7596,6.666666666666667e-05,1,0.0,0.0,0,3
0.952,1.6717666666666666,1,0.0,0.0,0,3
0.952,0.07388333333333333,1,0.0,0.0,0,3
0.952,1.6666666666666667e-05,1,0.0,0.0,0,3
0.952,0.26061666666666666,1,0.0,0.0,0,3
0.952,0.05906666666666667,1,0.0,0.0,0,3
0.952,0.0,1,0.0,0.0,0,3
0.952,0.023533333333333333,1,0.0,0.0,0,3
0.952,0.16406666666666667,1,0.0,0.0,0,3
0.952,8.333333333333333e-05,1,0.0,0.0,0,3
0.952,2.3377666666666665,1,0.0,0.0,0,3
0.952,3.0266,1,0.0,0.0,0,3
0.952,0.011066666666666667,1,0.0,0.0,0,3
0.952,0.015716666666666667,1,0.0,0.0,0,3
0.7596,2.806433333333333,1,0.0,0.0,0,3
0.952,0.8924833333333333,1,0.0,0.0,0,3
0.7596,0.00013333333333333334,1,0.0,0.0,0,3
0.952,0.19574999999999998,1,0.0,0.0,0,3
0.952,0.00018333333333333334,1,0.0,0.0,0,3
0.952,0.19293333333333335,1,0.0,0.0,0,3
0.952,5e-05,1,0.0,0.0,0,3
0.952,0.24738333333333334,1,0.0,0.0,0,3
0.952,5e-05,1,0.0,0.0,0,3
0.952,1.4790666666666668,1,0.0,0.0,0,3
0.952,3.3333333333333335e-05,1,0.0,0.0,0,3
0.952,19.66848333333333,1,0.0,0.0,0,3
0.952,5e-05,1,0.0,0.0,0,3
0.952,2.84225,1,0.0,0.0,0,3
0.952,1.9986166666666667,1,0.0,0.0,0,3
0.952,1.3814666666666668,1,0.0,0.0,0,3
0.952,0.16063333333333332,1,0.0,0.0,0,3
0.952,0.0,1,0.0,0.0,0,3
0.952,3.254833333333333,1,0.0,0.0,0,3
0.952,8.333333333333333e-05,1,0.0,0.0,0,3
0.952,14.08345,1,0.0,0.0,0,3
0.952,2.53745,1,0.0,0.0,0,3
0.952,0.0,1,0.0,0.0,0,3
0.952,33.15796666666667,1,0.0,0.0,0,3
0.952,2.4765666666666664,1,0.0,0.0,0,3
0.952,0.0,1,0.0,0.0,0,3
0.952,0.02815,1,0.0,0.0,0,3
0.952,0.021766666666666667,1,0.0,0.0,0,3
0.952,1.6666666666666667e-05,1,0.0,0.0,0,3
0.952,0.15678333333333333,1,0.0,0.0,0,3
0.952,0.029633333333333334,1,0.0,0.0,0,3
0.952,5e-05,1,0.0,0.0,0,3
0.7596,0.016900000000000002,1,0.0,0.0,0,3
0.7596,0.026716666666666666,1,0.0,0.0,0,3
0.7596,1.6666666666666667e-05,1,0.0,0.0,0,3
0.7596,0.0355,1,0.0,0.0,0,3
0.952,94.20368333333333,1,0.0,0.0,0,3
0.7596,3.3333333333333335e-05,1,0.0,0.0,0,3
0.7596,0.07785,1,0.0,0.0,0,3
0.7596,1.6666666666666667e-05,1,0.0,0.0,0,3
0.7596,0.14471666666666666,1,0.0,0.0,0,3
0.7596,0.038033333333333336,1,0.0,0.0,0,3
0.7596,0.08038333333333333,1,0.0,0.0,0,3
0.7596,0.2222,1,0.0,0.0,0,3
0.7596,0.44644999999999996,1,0.0,0.0,0,3
0.7596,8.333333333333333e-05,1,0.0,0.0,0,3
0.952,47.87225,1,0.0,0.0,0,3
0.952,0.17703333333333332,1,0.0,0.0,0,3
0.952,0.0004333333333333333,1,0.0,0.0,0,3
0.7596,0.02825,1,0.0,0.0,0,3
0.7596,0.8269833333333333,1,0.0,0.0,0,3
0.7596,6.666666666666667e-05,1,0.0,0.0,0,3
0.952,0.04161666666666666,1,0.0,0.0,0,3
0.952,0.03678333333333333,1,0.0,0.0,0,3
0.952,3.3333333333333335e-05,1,0.0,0.0,0,3
0.7596,0.03455,1,0.0,0.0,0,3
0.7596,0.7965833333333333,1,0.0,0.0,0,3
0.7596,1.6666666666666667e-05,1,0.0,0.0,0,3
0.7596,3.050116666666667,1,0.0,0.0,0,3
0.7596,0.6705333333333333,1,0.0,0.0,0,3
0.7596,6.666666666666667e-05,1,0.0,0.0,0,3
0.9712,0.0526,1,0.0,0.0,0,3
0.9712,3.2079,1,0.0,0.0,0,3
0.9712,0.0578,1,0.0,0.0,0,3
0.9712,0.7527,1,0.0,0.0,0,3
0.9712,6.718366666666666,1,0.0,0.0,0,3
0.7596,176.11691666666667,1,0.0,0.0,0,3
0.7596,0.00016666666666666666,1,0.0,0.0,0,3
0.952,25.77505,1,0.0,0.0,0,3
0.952,0.056749999999999995,1,0.0,0.0,0,3
0.952,0.0601,1,0.0,0.0,0,3
0.952,0.7867999999999999,1,0.0,0.0,0,3
0.7596,4.244016666666666,1,0.0,0.0,0,3
0.7596,1.6666666666666667e-05,1,0.0,0.0,0,3
0.7596,0.1851,1,0.0,0.0,0,3
0.7596,39.9226,1,0.0,0.0,0,3
0.7596,6.666666666666667e-05,1,0.0,0.0,0,3
0.7596,0.11464999999999999,1,0.0,0.0,0,3
0.7596,0.023066666666666666,1,0.0,0.0,0,3
0.7596,0.03933333333333333,1,0.0,0.0,0,3
0.7596,27.306983333333335,1,0.0,0.0,0,3
0.7596,3.3333333333333335e-05,1,0.0,0.0,0,3
0.7596,0.3337333333333333,1,0.0,0.0,0,3
0.7596,0.2669333333333333,1,0.0,0.0,0,3
0.7596,0.06351666666666667,1,0.0,0.0,0,3
0.7596,0.14831666666666665,1,0.0,0.0,0,3
0.8322,813.96355,1,0.0,0.0,0,3
0.8322,0.0003,1,0.0,0.0,0,3
0.952,62.36741666666667,1,0.0,0.0,0,3
0.952,0.0001,1,0.0,0.0,0,3
0.952,1.98085,1,0.0,0.0,0,3
0.952,0.0,1,0.0,0.0,0,3
0.952,0.4815,1,0.0,0.0,0,3
0.952,1.6666666666666667e-05,1,0.0,0.0,0,3
0.7596,0.10085000000000001,1,0.0,0.0,0,3
0.7596,1.6666666666666667e-05,1,0.0,0.0,0,3
0.7596,5.793866666666667,1,0.0,0.0,0,3
0.7596,1.6666666666666667e-05,1,0.0,0.0,0,3
0.952,0.27815,1,0.0,0.0,0,3
0.952,6.666666666666667e-05,1,0.0,0.0,0,3
0.7596,0.28318333333333334,1,0.0,0.0,0,3
0.7596,0.0,1,0.0,0.0,0,3
0.7596,0.050333333333333334,1,0.0,0.0,0,3
0.7596,5e-05,1,0.0,0.0,0,3
0.8322,0.05466666666666666,1,0.0,0.0,0,3
0.8322,5e-05,1,0.0,0.0,0,3
0.7596,0.17200000000000001,1,0.0,0.0,0,3
0.7596,1.6666666666666667e-05,1,0.0,0.0,0,3
0.7596,0.16245,1,0.0,0.0,0,3
0.7596,0.00011666666666666667,1,0.0,0.0,0,3
0.7596,0.15743333333333334,1,0.0,0.0,0,3
0.7596,0.00021666666666666666,1,0.0,0.0,0,3
0.952,0.24589999999999998,1,0.0,0.0,0,3
0.952,3.3333333333333335e-05,1,0.0,0.0,0,3
0.7596,2.0086166666666667,1,0.0,0.0,0,3
0.7596,1.6666666666666667e-05,1,0.0,0.0,0,3
0.7596,0.04273333333333333,1,0.0,0.0,0,3
0.7596,3.3333333333333335e-05,1,0.0,0.0,0,3
0.952,4.9757,1,0.0,0.0,0,3
0.952,3.3333333333333335e-05,1,0.0,0.0,0,3
0.7596,8.3315,1,0.0,0.0,0,3
0.7596,1.6666666666666667e-05,1,0.0,0.0,0,3
0.952,32.14738333333334,1,0.0,0.0,0,3
0.952,3.3333333333333335e-05,1,0.0,0.0,0,3
0.952,0.4986333333333333,1,0.0,0.0,0,3
0.952,0.0,1,0.0,0.0,0,3
0.7596,0.5654833333333333,1,0.0,0.0,0,3
0.7596,8.333333333333333e-05,1,0.0,0.0,0,3
0.7596,1.9708,1,0.0,0.0,0,3
0.7596,0.0,1,0.0,0.0,0,3
0.7596,19.42725,1,0.0,0.0,0,3
0.7596,6.666666666666667e-05,1,0.0,0.0,0,3
0.7596,1.9997333333333331,1,0.0,0.0,0,3
0.7596,0.0001,1,0.0,0.0,0,3
0.7596,6.90495,1,0.0,0.0,0,3
0.7596,0.0009,1,0.0,0.0,0,3
0.7596,0.04301666666666667,1,0.0,0.0,0,3
0.7596,1.6666666666666667e-05,1,0.0,0.0,0,3
0.7596,11.943066666666665,1,0.0,0.0,0,3
0.952,0.84285,1,0.0,0.0,0,3
0.952,8.333333333333333e-05,1,0.0,0.0,0,3
0.7596,138.87378333333334,1,0.0,0.0,0,3
0.7596,6.666666666666667e-05,1,0.0,0.0,0,3
0.7596,69.78741666666666,1,0.0,0.0,0,3
0.7596,0.00013333333333333334,1,0.0,0.0,0,3
0.7596,3.8836333333333335,1,0.0,0.0,0,3
0.7596,5e-05,1,0.0,0.0,0,3
0.7596,10.889883333333334,1,0.0,0.0,0,3
0.7596,0.016933333333333335,1,0.0,0.0,0,3
0.7596,0.0124,1,0.0,0.0,0,3
0.7596,0.2661833333333333,1,0.0,0.0,0,3
0.952,2.6406833333333335,1,0.0,0.0,0,3
0.952,3.3333333333333335e-05,1,0.0,0.0,0,3
0.7596,1007.3721333333334,1,0.0,0.0,0,3
0.7596,8.333333333333333e-05,1,0.0,0.0,0,3
0.952,0.30365000000000003,1,0.0,0.0,0,3
0.952,0.00013333333333333334,1,0.0,0.0,0,3
0.7596,46.54633333333334,1,0.0,0.0,0,3
0.7596,0.09461666666666665,1,0.0,0.0,0,3
0.7596,0.0564,1,0.0,0.0,0,3
0.7596,0.00013333333333333334,1,0.0,0.0,0,3
0.7596,49.3514,1,0.0,0.0,0,3
0.7596,0.0003,1,0.0,0.0,0,3
0.7596,0.4766333333333333,1,0.0,0.0,0,3
0.7596,0.0018,1,0.0,0.0,0,3
0.7596,0.32123333333333337,1,0.0,0.0,0,3
0.7596,3.3333333333333335e-05,1,0.0,0.0,0,3
0.7596,0.96585,1,0.0,0.0,0,3
0.7596,0.00018333333333333334,1,0.0,0.0,0,3
0.7596,0.15071666666666667,1,0.0,0.0,0,3
0.7596,3.3333333333333335e-05,1,0.0,0.0,0,3
0.7596,0.0685,1,0.0,0.0,0,3
0.7596,1.6666666666666667e-05,1,0.0,0.0,0,3
0.7596,0.06823333333333334,1,0.0,0.0,0,3
0.7596,0.00013333333333333334,1,0.0,0.0,0,3
0.7596,0.3233666666666667,1,0.0,0.0,0,3
0.7596,6.666666666666667e-05,1,0.0,0.0,0,3
0.7596,0.22635,1,0.0,0.0,0,3
0.7596,1.6666666666666667e-05,1,0.0,0.0,0,3
0.7596,0.5646833333333333,1,0.0,0.0,0,3
0.7596,1.6666666666666667e-05,1,0.0,0.0,0,3
0.7596,20.120183333333333,1,0.0,0.0,0,3
0.7596,1.6666666666666667e-05,1,0.0,0.0,0,3
0.7596,37.15403333333334,1,0.0,0.0,0,3
0.952,0.0005,1,0.0,0.0,0,3
0.952,10.399849999999999,1,0.0,0.0,0,3
0.952,5e-05,1,0.0,0.0,0,3
0.7596,2.94115,1,0.0,0.0,0,3
0.7596,1.6666666666666667e-05,1,0.0,0.0,0,3
0.7596,0.9819333333333333,1,0.0,0.0,0,3
0.7596,0.00023333333333333333,1,0.0,0.0,0,3
0.7596,0.053316666666666665,1,0.0,0.0,0,3
0.7596,0.0009,1,0.0,0.0,0,3
0.7596,4.143583333333334,1,0.0,0.0,0,3
0.7596,6.666666666666667e-05,1,0.0,0.0,0,3
0.7596,7.271433333333333,1,0.0,0.0,0,3
0.7596,3.3333333333333335e-05,1,0.0,0.0,0,3
0.952,15.2306,1,0.0,0.0,0,3
0.952,1.6666666666666667e-05,1,0.0,0.0,0,3
0.7596,21.00728333333333,1,0.0,0.0,0,3
0.7596,0.0005666666666666667,1,0.0,0.0,0,3
0.952,25.36371666666667,1,0.0,0.0,0,3
0.952,0.02245,1,0.0,0.0,0,3
0.952,0.05123333333333333,1,0.0,0.0,0,3
0.952,0.004883333333333333,1,0.0,0.0,0,3
0.952,0.027266666666666665,1,0.0,0.0,0,3
0.952,1.6666666666666667e-05,1,0.0,0.0,0,3
0.952,1.0037666666666667,1,0.0,0.0,0,3
0.952,8.333333333333333e-05,1,0.0,0.0,0,3
0.952,0.19256666666666666,1,0.0,0.0,0,3
0.952,0.00011666666666666667,1,0.0,0.0,0,3
0.7596,0.11515,1,0.0,0.0,0,3
0.7596,0.03875,1,0.0,0.0,0,3
0.7596,5e-05,1,0.0,0.0,0,3
0.7596,2.8125666666666667,1,0.0,0.0,0,3
0.7596,1.6666666666666667e-05,1,0.0,0.0,0,3
0.7596,5.119583333333334,1,0.0,0.0,0,3
0.7596,0.0011,1,0.0,0.0,0,3
0.952,68.72376666666668,1,0.0,0.0,0,3
0.952,5e-05,1,0.0,0.0,0,3
0.952,35.89001666666666,1,0.0,0.0,0,3
0.952,0.00013333333333333334,1,0.0,0.0,0,3
0.952,10.428149999999999,1,0.0,0.0,0,3
0.952,3.3333333333333335e-05,1,0.0,0.0,0,3
0.7596,13.888083333333332,1,0.0,0.0,0,3
0.7596,0.0,1,0.0,0.0,0,3
0.952,23.1078,1,0.0,0.0,0,3
0.952,0.0,1,0.0,0.0,0,3
0.952,0.5926833333333333,1,0.0,0.0,0,3
0.952,1.6666666666666667e-05,1,0.0,0.0,0,3
0.7596,16.801133333333333,1,0.0,0.0,0,3
0.7596,1.6666666666666667e-05,1,0.0,0.0,0,3
0.952,0.13151666666666667,1,0.0,0.0,0,3
0.952,1.6666666666666667e-05,1,0.0,0.0,0,3
0.952,0.04683333333333333,1,0.0,0.0,0,3
0.952,0.0001,1,0.0,0.0,0,3
0.7596,13.942583333333333,1,0.0,0.0,0,3
0.7596,5e-05,1,0.0,0.0,0,3
0.952,4.584633333333333,1,0.0,0.0,0,3
0.952,0.0001,1,0.0,0.0,0,3
0.7596,16.10141666666667,1,0.0,0.0,0,3
0.7596,0.01285,1,0.0,0.0,0,3
0.7596,0.01055,1,0.0,0.0,0,3
0.7596,0.1681,1,0.0,0.0,0,3
0.7596,0.0002666666666666667,1,0.0,0.0,0,3
0.7596,2.5030833333333335,1,0.0,0.0,0,3
0.7596,0.011983333333333334,1,0.0,0.0,0,3
0.7596,0.009583333333333333,1,0.0,0.0,0,3
0.7596,3.678816666666667,1,0.0,0.0,0,3
0.7596,0.0005166666666666667,1,0.0,0.0,0,3
0.7596,3.75065,1,0.0,0.0,0,3
0.7596,3.3333333333333335e-05,1,0.0,0.0,0,3
0.952,12.08195,1,0.0,0.0,0,3
0.952,5e-05,1,0.0,0.0,0,3
0.7596,12.260449999999999,1,0.0,0.0,0,3
0.7596,5e-05,1,0.0,0.0,0,3
0.7596,24.755633333333332,1,0.0,0.0,0,3
0.7596,0.00015,1,0.0,0.0,0,3
0.7596,21.42625,1,0.0,0.0,0,3
0.7596,6.666666666666667e-05,1,0.0,0.0,0,3
0.7596,0.15303333333333333,1,0.0,0.0,0,3
0.7596,0.0001,1,0.0,0.0,0,3
0.7596,3.5753833333333334,1,0.0,0.0,0,3
0.7596,0.03605,1,0.0,0.0,0,3
0.7596,0.027166666666666665,1,0.0,0.0,0,3
0.952,25.605383333333336,1,0.0,0.0,0,3
0.952,5e-05,1,0.0,0.0,0,3
0.952,0.051616666666666665,1,0.0,0.0,0,3
0.952,1.6666666666666667e-05,1,0.0,0.0,0,3
0.952,1.9298833333333334,1,0.0,0.0,0,3
0.952,1.6666666666666667e-05,1,0.0,0.0,0,3
0.7596,0.03821666666666667,1,0.0,0.0,0,3
0.7596,1.6666666666666667e-05,1,0.0,0.0,0,3
0.952,0.9138166666666667,1,0.0,0.0,0,3
0.952,0.0,1,0.0,0.0,0,3
0.7596,0.7715,1,0.0,0.0,0,3
0.7596,1.6666666666666667e-05,1,0.0,0.0,0,3
0.952,1.0659,1,0.0,0.0,0,3
0.952,1.6666666666666667e-05,1,0.0,0.0,0,3
0.952,0.46415,1,0.0,0.0,0,3
0.952,6.666666666666667e-05,1,0.0,0.0,0,3
0.952,0.15678333333333333,1,0.0,0.0,0,3
0.952,5e-05,1,0.0,0.0,0,3
0.952,4.123433333333334,1,0.0,0.0,0,3
0.952,0.0001,1,0.0,0.0,0,3
0.952,1.3798333333333335,1,0.0,0.0,0,3
0.952,0.0,1,0.0,0.0,0,3
0.7596,1.7472666666666667,1,0.0,0.0,0,3
0.7596,3.3333333333333335e-05,1,0.0,0.0,0,3
0.7596,1.0719166666666666,1,0.0,0.0,0,3
0.7596,0.2968,1,0.0,0.0,0,3
0.7596,0.00015,1,0.0,0.0,0,3
0.7596,1.3297333333333334,1,0.0,0.0,0,3
0.7596,0.0,1,0.0,0.0,0,3
0.7596,0.26389999999999997,1,0.0,0.0,0,3
0.7596,1.6666666666666667e-05,1,0.0,0.0,0,3
0.7596,3.3287666666666667,1,0.0,0.0,0,3
0.7596,8.333333333333333e-05,1,0.0,0.0,0,3
0.7596,0.06255000000000001,1,0.0,0.0,0,3
0.7596,0.0007333333333333333,1,0.0,0.0,0,3
0.952,3.8785499999999997,1,0.0,0.0,0,3
0.952,1.6666666666666667e-05,1,0.0,0.0,0,3
0.7596,36.716683333333336,1,0.0,0.0,0,3
0.7596,0.0001,1,0.0,0.0,0,3
0.952,244.75975,1,0.0,0.0,0,3
0.952,5e-05,1,0.0,0.0,0,3
0.7596,0.21693333333333334,1,0.0,0.0,0,3
0.7596,0.0,1,0.0,0.0,0,3
0.7596,113.97773333333333,1,0.0,0.0,0,3
0.7596,0.00031666666666666665,1,0.0,0.0,0,3
0.7596,187.05566666666667,1,0.0,0.0,0,3
0.7596,5e-05,1,0.0,0.0,0,3
0.952,243.83783333333335,1,0.0,0.0,0,3
0.952,0.09206666666666667,1,0.0,0.0,0,3
0.952,0.009416666666666665,1,0.0,0.0,0,3
0.952,0.021583333333333333,1,0.0,0.0,0,3
0.952,62.44173333333333,1,0.0,0.0,0,3
0.952,0.0001,1,0.0,0.0,0,3
0.952,7.82245,1,0.0,0.0,0,3
0.952,1.6666666666666667e-05,1,0.0,0.0,0,3
0.952,18.758866666666666,1,0.0,0.0,0,3
0.952,0.0003333333333333333,1,0.0,0.0,0,3
0.7596,0.311,1,0.0,0.0,0,3
0.7596,0.00011666666666666667,1,0.0,0.0,0,3
0.7596,8.5479,1,0.0,0.0,0,3
0.7596,5e-05,1,0.0,0.0,0,3
0.7596,19.13615,1,0.0,0.0,0,3
0.7596,0.0002,1,0.0,0.0,0,3
0.7596,1.2573,1,0.0,0.0,0,3
0.7596,0.0002,1,0.0,0.0,0,3
0.952,0.1149,1,0.0,0.0,0,3
0.952,0.7436333333333334,1,0.0,0.0,0,3
0.952,0.00013333333333333334,1,0.0,0.0,0,3
0.952,1.3783666666666667,1,0.0,0.0,0,3
0.952,3.3333333333333335e-05,1,0.0,0.0,0,3
0.952,5.158816666666667,1,0.0,0.0,0,3
0.952,0.00013333333333333334,1,0.0,0.0,0,3
0.952,19.07855,1,0.0,0.0,0,3
0.952,0.0,1,0.0,0.0,0,3
0.7596,0.1703,1,0.0,0.0,0,3
0.7596,5e-05,1,0.0,0.0,0,3
0.7596,0.18478333333333333,1,0.0,0.0,0,3
0.7596,5e-05,1,0.0,0.0,0,3
0.7596,0.07949999999999999,1,0.0,0.0,0,3
0.7596,1.6666666666666667e-05,1,0.0,0.0,0,3
0.7596,30.056583333333332,1,0.0,0.0,0,3
0.7596,0.0006,1,0.0,0.0,0,3
0.7596,17.517066666666665,1,0.0,0.0,0,3
0.7596,0.008316666666666667,1,0.0,0.0,0,3
0.7596,0.0059,1,0.0,0.0,0,3
0.7596,0.27425,1,0.0,0.0,0,3
0.7596,0.33261666666666667,1,0.0,0.0,0,3
0.7596,0.21050000000000002,1,0.0,0.0,0,3
0.7596,0.6747833333333334,1,0.0,0.0,0,3
0.952,14.52345,1,0.0,0.0,0,3
0.952,0.0010166666666666666,1,0.0,0.0,0,3
0.952,7.99885,1,0.0,0.0,0,3
0.952,6.666666666666667e-05,1,0.0,0.0,0,3
0.952,9.607249999999999,1,0.0,0.0,0,3
0.952,6.666666666666667e-05,1,0.0,0.0,0,3
0.7596,19.76725,1,0.0,0.0,0,3
0.7596,1.6666666666666667e-05,1,0.0,0.0,0,3
0.7596,1.2268666666666665,1,0.0,0.0,0,3
0.7596,0.00011666666666666667,1,0.0,0.0,0,3
0.7596,0.38858333333333334,1,0.0,0.0,0,3
0.7596,0.0,1,0.0,0.0,0,3
0.7596,9.423683333333335,1,0.0,0.0,0,3
0.7596,0.2594666666666667,1,0.0,0.0,0,3
0.7596,0.11953333333333332,1,0.0,0.0,0,3
0.7596,0.8143499999999999,1,0.0,0.0,0,3
0.952,102.27354999999999,1,0.0,0.0,0,3
0.952,1.6666666666666667e-05,1,0.0,0.0,0,3
0.7596,7.08265,1,0.0,0.0,0,3
0.7596,0.0005333333333333334,1,0.0,0.0,0,3
0.7596,47.04931666666666,1,0.0,0.0,0,3
0.7596,3.3333333333333335e-05,1,0.0,0.0,0,3
0.7596,42.14145,1,0.0,0.0,0,3
0.7596,4.035183333333333,1,0.0,0.0,0,3
0.7596,49.55885,1,0.0,0.0,0,3
0.7596,1.6666666666666667e-05,1,0.0,0.0,0,3
0.7596,0.11456666666666666,1,0.0,0.0,0,3
0.7596,3.3333333333333335e-05,1,0.0,0.0,0,3
0.7596,1.8079166666666666,1,0.0,0.0,0,3
0.7596,0.0,1,0.0,0.0,0,3
0.7596,3.69235,1,0.0,0.0,0,3
0.7596,8.333333333333333e-05,1,0.0,0.0,0,3
0.7596,0.9268666666666667,1,0.0,0.0,0,3
0.7596,1.6666666666666667e-05,1,0.0,0.0,0,3
0.7596,0.3279666666666667,1,0.0,0.0,0,3
0.7596,3.3333333333333335e-05,1,0.0,0.0,0,3
0.7596,1033.2449333333334,1,0.0,0.0,0,3
0.7596,0.003533333333333333,1,0.0,0.0,0,3
0.7596,99.7959,1,0.0,0.0,0,3
0.7596,5e-05,1,0.0,0.0,0,3
0.7596,29.347133333333332,1,0.0,0.0,0,3
0.7596,0.0010333333333333334,1,0.0,0.0,0,3
0.7596,4.634016666666667,1,0.0,0.0,0,3
0.7596,0.00015,1,0.0,0.0,0,3
0.952,5.870616666666667,1,0.0,0.0,0,3
0.952,0.0002666666666666667,1,0.0,0.0,0,3
0.7596,0.27271666666666666,1,0.0,0.0,0,3
0.7596,1.6666666666666667e-05,1,0.0,0.0,0,3
0.952,0.06901666666666667,1,0.0,0.0,0,3
0.952,5e-05,1,0.0,0.0,0,3
0.952,1.4318,1,0.0,0.0,0,3
0.952,8.333333333333333e-05,1,0.0,0.0,0,3
0.7596,0.06285,1,0.0,0.0,0,3
0.7596,0.00015,1,0.0,0.0,0,3
0.952,0.056,1,0.0,0.0,0,3
0.952,8.333333333333333e-05,1,0.0,0.0,0,3
0.952,8.24335,1,0.0,0.0,0,3
0.952,3.3333333333333335e-05,1,0.0,0.0,0,3
0.7596,43.444100000000006,1,0.0,0.0,0,3
0.7596,0.0,1,0.0,0.0,0,3
0.7596,0.21163333333333334,1,0.0,0.0,0,3
0.7596,1.6666666666666667e-05,1,0.0,0.0,0,3
0.7596,32.34393333333333,1,0.0,0.0,0,3
0.7596,8.333333333333333e-05,1,0.0,0.0,0,3
0.8322,0.3542666666666667,1,0.0,0.0,0,3
0.8322,1.6666666666666667e-05,1,0.0,0.0,0,3
0.8322,17.41913333333333,1,0.0,0.0,0,3
0.8322,0.00018333333333333334,1,0.0,0.0,0,3
0.952,19.3317,1,0.0,0.0,0,3
0.952,0.030500000000000003,1,0.0,0.0,0,3
0.952,0.010883333333333333,1,0.0,0.0,0,3
0.952,0.058949999999999995,1,0.0,0.0,0,3
0.952,0.36456666666666665,1,0.0,0.0,0,3
0.952,6.666666666666667e-05,1,0.0,0.0,0,3
0.952,2.0507,1,0.0,0.0,0,3
0.952,0.0124,1,0.0,0.0,0,3
0.952,0.010583333333333333,1,0.0,0.0,0,3
0.952,0.014266666666666667,1,0.0,0.0,0,3
0.952,0.015216666666666667,1,0.0,0.0,0,3
0.952,0.133,1,0.0,0.0,0,3
0.952,6.666666666666667e-05,1,0.0,0.0,0,3
0.8322,0.11698333333333334,1,0.0,0.0,0,3
0.8322,0.09113333333333333,1,0.0,0.0,0,3
0.8322,0.0001,1,0.0,0.0,0,3
0.7596,3.292733333333333,1,0.0,0.0,0,3
0.7596,1.6666666666666667e-05,1,0.0,0.0,0,3
0.7596,43.40465,1,0.0,0.0,0,3
0.7596,0.00013333333333333334,1,0.0,0.0,0,3
0.952,0.11198333333333334,1,0.0,0.0,0,3
0.952,3.3333333333333335e-05,1,0.0,0.0,0,3
0.7596,6.9658,1,0.0,0.0,0,3
0.7596,0.00021666666666666666,1,0.0,0.0,0,3
0.7596,28.58941666666667,1,0.0,0.0,0,3
0.7596,0.00011666666666666667,1,0.0,0.0,0,3
0.7596,106.40148333333333,1,0.0,0.0,0,3
0.7596,0.0,1,0.0,0.0,0,3
0.7596,0.8030833333333334,1,0.0,0.0,0,3
0.7596,0.0,1,0.0,0.0,0,3
0.9712,1.3172,1,0.0,0.0,0,3
0.9712,0.058499999999999996,1,0.0,0.0,0,3
0.9712,0.00011666666666666667,1,0.0,0.0,0,3
0.9712,0.3751666666666667,1,0.0,0.0,0,3
0.9712,0.00038333333333333334,1,0.0,0.0,0,3
0.9712,4.531866666666667,1,0.0,0.0,0,3
0.9712,3.3333333333333335e-05,1,0.0,0.0,0,3
0.952,22.334366666666664,1,0.0,0.0,0,3
0.952,1.6666666666666667e-05,1,0.0,0.0,0,3
0.7596,3.3663000000000003,1,0.0,0.0,0,3
0.7596,6.666666666666667e-05,1,0.0,0.0,0,3
0.952,0.14663333333333334,1,0.0,0.0,0,3
0.952,0.00055,1,0.0,0.0,0,3
0.7596,0.038,1,0.0,0.0,0,3
0.7596,6.666666666666667e-05,1,0.0,0.0,0,3
0.7596,8.1301,1,0.0,0.0,0,3
0.7596,0.00013333333333333334,1,0.0,0.0,0,3
0.7596,984.0714499999999,1,0.0,0.0,0,3
0.7596,0.00025,1,0.0,0.0,0,3
0.7596,2.7044166666666665,1,0.0,0.0,0,3
0.7596,3.3333333333333335e-05,1,0.0,0.0,0,3
0.7596,3.4231166666666666,1,0.0,0.0,0,3
0.7596,0.0015166666666666666,1,0.0,0.0,0,3
0.952,0.1023,1,0.0,0.0,0,3
0.952,6.666666666666667e-05,1,0.0,0.0,0,3
0.8322,1.7627,1,0.0,0.0,0,3
0.8322,0.0003,1,0.0,0.0,0,3
0.7596,6.2171666666666665,1,0.0,0.0,0,3
0.7596,0.00015,1,0.0,0.0,0,3
0.952,17.145300000000002,1,0.0,0.0,0,3
0.952,0.38095,1,0.0,0.0,0,3
0.952,1.1183,1,0.0,0.0,0,3
0.952,5.261183333333333,1,0.0,0.0,0,3
0.7596,2.9794,1,0.0,0.0,0,3
0.7596,0.0808,1,0.0,0.0,0,3
0.7596,1.3423833333333335,1,0.0,0.0,0,3
0.7596,0.0003333333333333333,1,0.0,0.0,0,3
0.7596,6.058933333333333,1,0.0,0.0,0,3
0.952,4.3466499999999995,1,0.0,0.0,0,3
0.952,0.19735,1,0.0,0.0,0,3
0.952,2.790016666666667,1,0.0,0.0,0,3
0.952,0.7139333333333333,1,0.0,0.0,0,3
0.952,1.05225,1,0.0,0.0,0,3
0.952,0.05973333333333333,1,0.0,0.0,0,3
0.952,1.6666666666666667e-05,1,0.0,0.0,0,3
0.952,1.13705,1,0.0,0.0,0,3
0.952,2.6995833333333334,1,0.0,0.0,0,3
0.952,0.22668333333333335,1,0.0,0.0,0,3
0.952,0.17845000000000003,1,0.0,0.0,0,3
0.7596,9.749033333333333,1,0.0,0.0,0,3
0.7596,0.13194999999999998,1,0.0,0.0,0,3
0.7596,2.206566666666667,1,0.0,0.0,0,3
0.952,0.8570833333333333,1,0.0,0.0,0,3
0.952,0.020683333333333335,1,0.0,0.0,0,3
0.952,0.00011666666666666667,1,0.0,0.0,0,3
0.952,0.38228333333333336,1,0.0,0.0,0,3
0.952,0.26746666666666663,1,0.0,0.0,0,3
0.952,0.03115,1,0.0,0.0,0,3
0.952,0.00018333333333333334,1,0.0,0.0,0,3
0.952,0.19175,1,0.0,0.0,0,3
0.952,0.5102833333333333,1,0.0,0.0,0,3
0.952,0.05503333333333334,1,0.0,0.0,0,3
0.952,1.6666666666666667e-05,1,0.0,0.0,0,3
0.7596,2.109766666666667,1,0.0,0.0,0,3
0.952,5.773183333333334,1,0.0,0.0,0,3
0.952,0.0,1,0.0,0.0,0,3
0.7596,6.588516666666666,1,0.0,0.0,0,3
0.7596,0.03153333333333333,1,0.0,0.0,0,3
0.7596,8.333333333333333e-05,1,0.0,0.0,0,3
0.7596,10.863833333333334,1,0.0,0.0,0,3
0.7596,1.6666666666666667e-05,1,0.0,0.0,0,3
0.7596,0.17328333333333334,1,0.0,0.0,0,3
0.7596,8.590766666666667,1,0.0,0.0,0,3
0.7596,0.00013333333333333334,1,0.0,0.0,0,3
0.8322,0.12596666666666667,1,0.0,0.0,0,3
0.8322,5e-05,1,0.0,0.0,0,3
0.7596,19.870099999999997,1,0.0,0.0,0,3
0.7596,1.6666666666666667e-05,1,0.0,0.0,0,3
0.7596,0.16528333333333334,1,0.0,0.0,0,3
0.7596,0.0002,1,0.0,0.0,0,3
0.7596,0.27053333333333335,1,0.0,0.0,0,3
0.7596,0.0001,1,0.0,0.0,0,3
0.7596,6.219733333333334,1,0.0,0.0,0,3
0.952,6.200733333333333,1,0.0,0.0,0,3
0.952,0.0008,1,0.0,0.0,0,3
0.7596,0.7677666666666667,1,0.0,0.0,0,3
0.952,2.3389333333333338,1,0.0,0.0,0,3
0.952,0.0008,1,0.0,0.0,0,3
0.7596,14.996433333333332,1,0.0,0.0,0,3
0.7596,8.333333333333333e-05,1,0.0,0.0,0,3
0.952,0.24078333333333332,1,0.0,0.0,0,3
0.952,5e-05,1,0.0,0.0,0,3
0.7596,0.2750166666666667,1,0.0,0.0,0,3
0.7596,8.333333333333333e-05,1,0.0,0.0,0,3
0.7596,0.11246666666666667,1,0.0,0.0,0,3
0.7596,0.00011666666666666667,1,0.0,0.0,0,3
0.7596,0.17373333333333332,1,0.0,0.0,0,3
0.7596,0.19725,1,0.0,0.0,0,3
0.7596,0.031983333333333336,1,0.0,0.0,0,3
0.7596,0.00013333333333333334,1,0.0,0.0,0,3
0.952,116.6368,1,0.0,0.0,0,3
0.952,3.3333333333333335e-05,1,0.0,0.0,0,3
0.7596,0.4376166666666667,1,0.0,0.0,0,3
0.7596,0.32531666666666664,1,0.0,0.0,0,3
0.7596,3.3333333333333335e-05,1,0.0,0.0,0,3
0.7596,0.12596666666666667,1,0.0,0.0,0,3
0.7596,1.6666666666666667e-05,1,0.0,0.0,0,3
0.7596,0.3020333333333333,1,0.0,0.0,0,3
0.7596,0.17538333333333334,1,0.0,0.0,0,3
0.7596,0.10250000000000001,1,0.0,0.0,0,3
0.7596,0.01885,1,0.0,0.0,0,3
0.7596,0.0,1,0.0,0.0,0,3
0.7596,0.7847833333333334,1,0.0,0.0,0,3
0.7596,1.6666666666666667e-05,1,0.0,0.0,0,3
0.7596,1.2344499999999998,1,0.0,0.0,0,3
0.7596,5e-05,1,0.0,0.0,0,3
0.8322,0.50805,1,0.0,0.0,0,3
0.8322,0.0314,1,0.0,0.0,0,3
0.8322,8.333333333333333e-05,1,0.0,0.0,0,3
0.7596,48.271283333333336,1,0.0,0.0,0,3
0.7596,0.5660333333333334,1,0.0,0.0,0,3
0.7596,0.00023333333333333333,1,0.0,0.0,0,3
0.7596,145.69811666666666,1,0.0,0.0,0,3
0.7596,0.0294,1,0.0,0.0,0,3
0.7596,3.3333333333333335e-05,1,0.0,0.0,0,3
0.7596,18.977083333333333,1,0.0,0.0,0,3
0.7596,8.333333333333333e-05,1,0.0,0.0,0,3
0.7596,0.23241666666666666,1,0.0,0.0,0,3
0.7596,37.78508333333333,1,0.0,0.0,0,3
0.7596,0.00011666666666666667,1,0.0,0.0,0,3
0.7596,0.19545,1,0.0,0.0,0,3
0.7596,8.333333333333333e-05,1,0.0,0.0,0,3
0.952,1.0254333333333334,1,0.0,0.0,0,3
0.952,0.00013333333333333334,1,0.0,0.0,0,3
0.7596,385.8688666666667,1,0.0,0.0,0,3
0.7596,8.333333333333333e-05,1,0.0,0.0,0,3
0.7596,0.09115000000000001,1,0.0,0.0,0,3
0.7596,1.6666666666666667e-05,1,0.0,0.0,0,3
0.7596,0.3311,1,0.0,0.0,0,3
0.7596,0.00105,1,0.0,0.0,0,3
0.7596,221.26155,1,0.0,0.0,0,3
0.7596,0.03883333333333334,1,0.0,0.0,0,3
0.7596,0.03368333333333333,1,0.0,0.0,0,3
0.7596,0.03403333333333333,1,0.0,0.0,0,3
0.7596,3.3333333333333335e-05,1,0.0,0.0,0,3
0.952,1228.3519000000001,1,0.0,0.0,0,3
0.952,0.018016666666666667,1,0.0,0.0,0,3
0.952,0.0235,1,0.0,0.0,0,3
0.952,447.0156166666667,1,0.0,0.0,0,3
0.952,5e-05,1,0.0,0.0,0,3
0.7596,0.12245,1,0.0,0.0,0,3
0.7596,8.333333333333333e-05,1,0.0,0.0,0,3
0.952,10.172366666666667,1,0.0,0.0,0,3
0.952,0.009433333333333332,1,0.0,0.0,0,3
0.952,0.029949999999999997,1,0.0,0.0,0,3
0.952,1.6666666666666667e-05,1,0.0,0.0,0,3
0.952,1.0988333333333336,1,0.0,0.0,0,3
0.952,1.6666666666666667e-05,1,0.0,0.0,0,3
0.7596,0.12016666666666667,1,0.0,0.0,0,3
0.7596,0.00035,1,0.0,0.0,0,3
0.7596,0.11698333333333334,1,0.0,0.0,0,3
0.7596,0.0,1,0.0,0.0,0,3
0.952,19.866433333333337,1,0.0,0.0,0,3
0.952,3.3333333333333335e-05,1,0.0,0.0,0,3
0.7596,43.059916666666666,1,0.0,0.0,0,3
0.7596,0.00018333333333333334,1,0.0,0.0,0,3
0.7596,22.5707,1,0.0,0.0,0,3
0.7596,3.3333333333333335e-05,1,0.0,0.0,0,3
0.952,40.50685,1,0.0,0.0,0,3
0.7596,0.16083333333333333,1,0.0,0.0,0,3
0.7596,0.11216666666666668,1,0.0,0.0,0,3
0.7596,0.0271,1,0.0,0.0,0,3
0.7596,1.9568166666666669,1,0.0,0.0,0,3
0.952,5.453366666666667,1,0.0,0.0,0,3
0.952,0.00185,1,0.0,0.0,0,3
0.7596,0.4652,1,0.0,0.0,0,3
0.7596,1.6666666666666667e-05,1,0.0,0.0,0,3
0.7596,0.7076666666666667,1,0.0,0.0,0,3
0.7596,0.0,1,0.0,0.0,0,3
0.7596,0.66315,1,0.0,0.0,0,3
0.7596,0.0006,1,0.0,0.0,0,3
0.7596,1.3135333333333332,1,0.0,0.0,0,3
0.7596,0.02015,1,0.0,0.0,0,3
0.7596,0.3861833333333333,1,0.0,0.0,0,3
0.7596,4.536716666666666,1,0.0,0.0,0,3
0.7596,0.03426666666666667,1,0.0,0.0,0,3
0.7596,0.03555,1,0.0,0.0,0,3
0.7596,0.7855833333333333,1,0.0,0.0,0,3
0.7596,0.00045,1,0.0,0.0,0,3
0.7596,0.5475,1,0.0,0.0,0,3
0.7596,0.0,1,0.0,0.0,0,3
0.952,6.0161,1,0.0,0.0,0,3
0.952,1.6666666666666667e-05,1,0.0,0.0,0,3
0.7596,0.17296666666666666,1,0.0,0.0,0,3
0.7596,0.00011666666666666667,1,0.0,0.0,0,3
0.952,0.5070166666666667,1,0.0,0.0,0,3
0.952,0.0002,1,0.0,0.0,0,3
0.7596,3.3429333333333333,1,0.0,0.0,0,3
0.7596,5e-05,1,0.0,0.0,0,3
0.7596,8.753683333333333,1,0.0,0.0,0,3
0.7596,0.2359,1,0.0,0.0,0,3
0.7596,0.35058333333333336,1,0.0,0.0,0,3
0.7596,0.6809333333333334,1,0.0,0.0,0,3
0.7596,1.0664166666666666,1,0.0,0.0,0,3
0.7596,0.020116666666666668,1,0.0,0.0,0,3
0.7596,5e-05,1,0.0,0.0,0,3
0.7596,0.19395,1,0.0,0.0,0,3
0.7596,0.034749999999999996,1,0.0,0.0,0,3
0.7596,6.666666666666667e-05,1,0.0,0.0,0,3
0.952,79.53960000000001,1,0.0,0.0,0,3
0.952,0.0,1,0.0,0.0,0,3
0.7596,73.10456666666667,1,0.0,0.0,0,3
0.7596,0.02293333333333333,1,0.0,0.0,0,3
0.7596,0.00031666666666666665,1,0.0,0.0,0,3
0.7596,0.44339999999999996,1,0.0,0.0,0,3
0.7596,0.08348333333333334,1,0.0,0.0,0,3
0.7596,0.00015,1,0.0,0.0,0,3
0.7596,12.401233333333332,1,0.0,0.0,0,3
0.7596,0.0,1,0.0,0.0,0,3
0.952,46.94515,1,0.0,0.0,0,3
0.952,6.666666666666667e-05,1,0.0,0.0,0,3
0.7596,0.23971666666666666,1,0.0,0.0,0,3
0.7596,0.0,1,0.0,0.0,0,3
0.952,61.39418333333333,1,0.0,0.0,0,3
0.952,0.004566666666666667,1,0.0,0.0,0,3
0.7596,814.90545,1,0.0,0.0,0,3
0.7596,0.0001,1,0.0,0.0,0,3
0.7596,0.5043666666666666,1,0.0,0.0,0,3
0.7596,0.033883333333333335,1,0.0,0.0,0,3
0.7596,8.333333333333333e-05,1,0.0,0.0,0,3
0.952,149.54438333333334,1,0.0,0.0,0,3
0.952,5e-05,1,0.0,0.0,0,3
0.952,132.79175,1,0.0,0.0,0,3
0.952,0.19066666666666665,1,0.0,0.0,0,3
0.952,0.4973,1,0.0,0.0,0,3
0.952,0.5549333333333333,1,0.0,0.0,0,3
0.952,0.8467166666666667,1,0.0,0.0,0,3
0.952,0.00013333333333333334,1,0.0,0.0,0,3
0.952,24.16326666666667,1,0.0,0.0,0,3
0.952,0.00025,1,0.0,0.0,0,3
0.952,1.4657666666666667,1,0.0,0.0,0,3
0.952,0.14238333333333333,1,0.0,0.0,0,3
0.952,8.150683333333333,1,0.0,0.0,0,3
0.952,1.6666666666666667e-05,1,0.0,0.0,0,3
0.952,13.970333333333334,1,0.0,0.0,0,3
0.952,0.0435,1,0.0,0.0,0,3
0.7596,106.47476666666667,1,0.0,0.0,0,3
0.7596,0.0005333333333333334,1,0.0,0.0,0,3
0.952,0.4594833333333333,1,0.0,0.0,0,3
0.952,0.08123333333333332,1,0.0,0.0,0,3
0.952,233.51128333333332,1,0.0,0.0,0,3
0.952,0.05436666666666667,1,0.0,0.0,0,3
0.952,0.025849999999999998,1,0.0,0.0,0,3
0.952,0.03166666666666666,1,0.0,0.0,0,3
0.952,922.6467,1,0.0,0.0,0,3
0.952,1.6666666666666667e-05,1,0.0,0.0,0,3
0.952,19.136633333333336,1,0.0,0.0,0,3
0.952,0.028283333333333334,1,0.0,0.0,0,3
0.952,0.03213333333333333,1,0.0,0.0,0,3
0.952,0.2699,1,0.0,0.0,0,3
0.952,134.68021666666667,1,0.0,0.0,0,3
0.952,0.0005,1,0.0,0.0,0,3
0.952,340.8576,1,0.0,0.0,0,3
0.952,1.6666666666666667e-05,1,0.0,0.0,0,3
0.7596,1037.8825833333333,1,0.0,0.0,0,3
0.7596,0.003266666666666667,1,0.0,0.0,0,3
0.7596,0.17980000000000002,1,0.0,0.0,0,3
0.7596,0.0033333333333333335,1,0.0,0.0,0,3
0.7596,12.12885,1,0.0,0.0,0,3
0.7596,0.0,1,0.0,0.0,0,3
0.952,6.7583,1,0.0,0.0,0,3
0.952,8.333333333333333e-05,1,0.0,0.0,0,3
0.952,0.057916666666666665,1,0.0,0.0,0,3
0.952,0.19088333333333332,1,0.0,0.0,0,3
0.7596,9.7818,1,0.0,0.0,0,3
0.7596,1.6666666666666667e-05,1,0.0,0.0,0,3
0.952,667.5216166666667,1,0.0,0.0,0,3
0.952,3.3333333333333335e-05,1,0.0,0.0,0,3
0.952,816.6497333333333,1,0.0,0.0,0,3
0.952,1.6666666666666667e-05,1,0.0,0.0,0,3
0.952,0.22665,1,0.0,0.0,0,3
0.952,0.0,1,0.0,0.0,0,3
0.952,25.15441666666667,1,0.0,0.0,0,3
0.7596,1.6666666666666667e-05,1,0.0,0.0,0,3
0.952,3.2136333333333336,1,0.0,0.0,0,3
0.7596,5e-05,1,0.0,0.0,0,3
0.952,8.44995,1,0.0,0.0,0,3
0.7596,3.3333333333333335e-05,1,0.0,0.0,0,3
0.952,211.50006666666667,1,0.0,0.0,0,3
0.952,0.0001,1,0.0,0.0,0,3
0.952,36.00658333333333,1,0.0,0.0,0,3
0.952,0.0004,1,0.0,0.0,0,3
0.7596,83.92946666666667,1,0.0,0.0,0,3
0.7596,0.1866,1,0.0,0.0,0,3
0.7596,3.3333333333333335e-05,1,0.0,0.0,0,3
0.7596,542.2680666666666,1,0.0,0.0,0,3
0.7596,6.666666666666667e-05,1,0.0,0.0,0,3
0.7596,1.02525,1,0.0,0.0,0,3
0.7596,8.333333333333333e-05,1,0.0,0.0,0,3
0.7596,2965.1156666666666,1,0.0,0.0,0,3
0.7596,0.13554999999999998,1,0.0,0.0,0,3
0.7596,0.04903333333333334,1,0.0,0.0,0,3
0.7596,6.666666666666667e-05,1,0.0,0.0,0,3
0.7596,1.285,1,0.0,0.0,0,3
0.7596,1.6666666666666667e-05,1,0.0,0.0,0,3
0.952,2008.45055,1,0.0,0.0,0,3
0.952,0.0,1,0.0,0.0,0,3
0.7596,120.4212,1,0.0,0.0,0,3
0.952,0.0,1,0.0,0.0,0,3
0.7596,71.06951666666667,1,0.0,0.0,0,3
0.7596,6.666666666666667e-05,1,0.0,0.0,0,3
0.7596,1292.3524,1,0.0,0.0,0,3
0.7596,5e-05,1,0.0,0.0,0,3
0.952,105.77626666666667,1,0.0,0.0,0,3
0.952,0.00011666666666666667,1,0.0,0.0,0,3
0.7596,0.28276666666666667,1,0.0,0.0,0,3
0.7596,0.0,1,0.0,0.0,0,3
0.7596,0.4676166666666666,1,0.0,0.0,0,3
0.7596,8.333333333333333e-05,1,0.0,0.0,0,3
0.7596,0.09709999999999999,1,0.0,0.0,0,3
0.7596,6.666666666666667e-05,1,0.0,0.0,0,3
0.7596,0.13056666666666666,1,0.0,0.0,0,3
0.7596,1.6666666666666667e-05,1,0.0,0.0,0,3
0.7596,0.1357,1,0.0,0.0,0,3
0.7596,0.0,1,0.0,0.0,0,3
0.7596,0.07776666666666668,1,0.0,0.0,0,3
0.7596,0.0,1,0.0,0.0,0,3
0.7596,0.0954,1,0.0,0.0,0,3
0.7596,6.666666666666667e-05,1,0.0,0.0,0,3
0.7596,0.07746666666666666,1,0.0,0.0,0,3
0.7596,1.6666666666666667e-05,1,0.0,0.0,0,3
0.7596,1.0234,1,0.0,0.0,0,3
0.7596,0.0,1,0.0,0.0,0,3
0.7596,1041.6443000000002,1,0.0,0.0,0,3
0.7596,1.6666666666666667e-05,1,0.0,0.0,0,3
0.7596,0.14150000000000001,1,0.0,0.0,0,3
0.7596,0.0013833333333333334,1,0.0,0.0,0,3
0.7596,0.15463333333333334,1,0.0,0.0,0,3
0.7596,0.00011666666666666667,1,0.0,0.0,0,3
0.7596,0.24756666666666666,1,0.0,0.0,0,3
0.7596,1.6666666666666667e-05,1,0.0,0.0,0,3
0.7596,0.16735,1,0.0,0.0,0,3
0.7596,5e-05,1,0.0,0.0,0,3
0.7596,0.2166833333333333,1,0.0,0.0,0,3
0.7596,0.0,1,0.0,0.0,0,3
0.7596,0.5984166666666667,1,0.0,0.0,0,3
0.7596,0.00046666666666666666,1,0.0,0.0,0,3
0.7596,0.20261666666666667,1,0.0,0.0,0,3
0.7596,5e-05,1,0.0,0.0,0,3
0.7596,0.7192833333333333,1,0.0,0.0,0,3
0.7596,3.3333333333333335e-05,1,0.0,0.0,0,3
0.952,62.96155,1,0.0,0.0,0,3
0.952,5e-05,1,0.0,0.0,0,3
0.7596,0.09448333333333332,1,0.0,0.0,0,3
0.7596,3.3333333333333335e-05,1,0.0,0.0,0,3
0.952,95.34179999999999,1,0.0,0.0,0,3
0.952,8.333333333333333e-05,1,0.0,0.0,0,3
0.8322,0.8076333333333333,1,0.0,0.0,0,3
0.8322,0.019450000000000002,1,0.0,0.0,0,3
0.8322,0.0229,1,0.0,0.0,0,3
0.8322,0.00015,1,0.0,0.0,0,3
0.952,162.21711666666667,1,0.0,0.0,0,3
0.952,1.6666666666666667e-05,1,0.0,0.0,0,3
0.952,81.65096666666666,1,0.0,0.0,0,3
0.952,0.00011666666666666667,1,0.0,0.0,0,3
0.7596,0.7844333333333334,1,0.0,0.0,0,3
0.7596,5e-05,1,0.0,0.0,0,3
0.7596,1.8223166666666666,1,0.0,0.0,0,3
0.7596,5e-05,1,0.0,0.0,0,3
0.7596,0.5292666666666667,1,0.0,0.0,0,3
0.7596,0.00013333333333333334,1,0.0,0.0,0,3
0.7596,0.09508333333333334,1,0.0,0.0,0,3
0.7596,8.333333333333333e-05,1,0.0,0.0,0,3
0.7596,0.06826666666666667,1,0.0,0.0,0,3
0.7596,0.0,1,0.0,0.0,0,3
0.7596,0.6550166666666667,1,0.0,0.0,0,3
0.7596,1.6666666666666667e-05,1,0.0,0.0,0,3
0.8322,0.8655,1,0.0,0.0,0,3
0.8322,0.00011666666666666667,1,0.0,0.0,0,3
0.7596,0.92335,1,0.0,0.0,0,3
0.7596,0.0001,1,0.0,0.0,0,3
0.7596,0.04665,1,0.0,0.0,0,3
0.7596,5e-05,1,0.0,0.0,0,3
0.7596,5.254316666666667,1,0.0,0.0,0,3
0.7596,3.3333333333333335e-05,1,0.0,0.0,0,3
0.952,0.8325,1,0.0,0.0,0,3
0.952,0.0001,1,0.0,0.0,0,3
0.7596,0.1108,1,0.0,0.0,0,3
0.7596,3.3333333333333335e-05,1,0.0,0.0,0,3
0.7596,0.06811666666666666,1,0.0,0.0,0,3
0.7596,1.6666666666666667e-05,1,0.0,0.0,0,3
0.7596,42.67238333333333,1,0.0,0.0,0,3
0.7596,1.6666666666666667e-05,1,0.0,0.0,0,3
0.7596,1024.8367666666666,1,0.0,0.0,0,3
0.7596,0.00015,1,0.0,0.0,0,3
0.7596,0.05668333333333333,1,0.0,0.0,0,3
0.7596,0.00038333333333333334,1,0.0,0.0,0,3
0.7596,0.03173333333333333,1,0.0,0.0,0,3
0.7596,0.00021666666666666666,1,0.0,0.0,0,3
0.7596,0.3684833333333334,1,0.0,0.0,0,3
0.7596,3.3333333333333335e-05,1,0.0,0.0,0,3
0.7596,0.16786666666666666,1,0.0,0.0,0,3
0.7596,5e-05,1,0.0,0.0,0,3
0.952,301.5779166666667,1,0.0,0.0,0,3
0.952,0.089,1,0.0,0.0,0,3
0.952,5.802583333333333,1,0.0,0.0,0,3
0.952,1.6666666666666667e-05,1,0.0,0.0,0,3
0.7596,0.35305,1,0.0,0.0,0,3
0.7596,1.6666666666666667e-05,1,0.0,0.0,0,3
0.7596,112.4601,1,0.0,0.0,0,3
0.7596,1.6666666666666667e-05,1,0.0,0.0,0,3
0.952,4337.052316666666,1,0.0,0.0,0,3
0.952,6.666666666666667e-05,1,0.0,0.0,0,3
0.8322,0.04458333333333333,1,0.0,0.0,0,3
0.8322,5e-05,1,0.0,0.0,0,3
0.7596,416.86505,1,0.0,0.0,0,3
0.7596,0.03635,1,0.0,0.0,0,3
0.7596,0.0,1,0.0,0.0,0,3
0.7596,550.1171333333333,1,0.0,0.0,0,3
0.7596,1.6666666666666667e-05,1,0.0,0.0,0,3
0.7596,0.5229,1,0.0,0.0,0,3
0.7596,0.00018333333333333334,1,0.0,0.0,0,3
0.7596,0.35595,1,0.0,0.0,0,3
0.7596,0.00015,1,0.0,0.0,0,3
0.7596,1.0558833333333333,1,0.0,0.0,0,3
0.7596,0.00015,1,0.0,0.0,0,3
0.7596,18.888550000000002,1,0.0,0.0,0,3
0.7596,3.3333333333333335e-05,1,0.0,0.0,0,3
0.7596,1178.8145,1,0.0,0.0,0,3
0.7596,0.025349999999999998,1,0.0,0.0,0,3
0.7596,1.6666666666666667e-05,1,0.0,0.0,0,3
0.7596,2.1455333333333333,1,0.0,0.0,0,3
0.7596,0.0164,1,0.0,0.0,0,3
0.7596,0.009983333333333334,1,0.0,0.0,0,3
0.7596,0.01175,1,0.0,0.0,0,3
0.7596,0.6793333333333333,1,0.0,0.0,0,3
0.7596,0.0382,1,0.0,0.0,0,3
0.7596,6.666666666666667e-05,1,0.0,0.0,0,3
0.7596,337.71691666666663,1,0.0,0.0,0,3
0.7596,5e-05,1,0.0,0.0,0,3
0.7596,4.378033333333334,1,0.0,0.0,0,3
0.7596,5e-05,1,0.0,0.0,0,3
0.7596,35.20633333333333,1,0.0,0.0,0,3
0.7596,6.666666666666667e-05,1,0.0,0.0,0,3
0.7596,0.45598333333333335,1,0.0,0.0,0,3
0.7596,0.0001,1,0.0,0.0,0,3
0.7596,1549.4296,1,0.0,0.0,0,3
0.7596,0.0,1,0.0,0.0,0,3
0.7596,5478.777916666667,1,0.0,0.0,0,3
0.7596,0.0015666666666666667,1,0.0,0.0,0,3
0.7596,0.9632000000000001,1,0.0,0.0,0,3
0.7596,3.3333333333333335e-05,1,0.0,0.0,0,3
0.7596,41.087983333333334,1,0.0,0.0,1,3
0.7596,5e-05,1,0.0,0.0,1,3
0.7596,0.07916666666666666,1,0.0,0.0,1,3
0.7596,3.3333333333333335e-05,1,0.0,0.0,1,3
0.7596,3884.3458833333334,1,0.0,0.0,0,3
0.7596,0.14446666666666666,1,0.0,0.0,0,3
0.7596,0.00045,1,0.0,0.0,0,3
0.952,466.89053333333334,1,0.0,0.0,0,3
0.952,0.00023333333333333333,1,0.0,0.0,0,3
0.952,209.35141666666667,1,0.0,0.0,0,3
0.952,1.6666666666666667e-05,1,0.0,0.0,0,3
0.7596,0.14956666666666668,1,0.0,0.0,0,3
0.7596,1.6666666666666667e-05,1,0.0,0.0,0,3
0.8322,0.07111666666666668,1,0.0,0.0,0,3
0.8322,6.666666666666667e-05,1,0.0,0.0,0,3
0.952,46.45076666666667,1,0.0,0.0,0,3
0.952,3.3333333333333335e-05,1,0.0,0.0,0,3
0.952,6.571283333333333,1,0.0,0.0,0,3
0.952,6.666666666666667e-05,1,0.0,0.0,0,3
0.952,1150.1427166666665,1,0.0,0.0,0,3
0.952,0.15586666666666668,1,0.0,0.0,0,3
0.952,0.23981666666666665,1,0.0,0.0,0,3
0.952,0.010933333333333333,1,0.0,0.0,0,3
0.7596,21.74363333333333,1,0.0,0.0,0,3
0.7596,1.6666666666666667e-05,1,0.0,0.0,0,3
0.7596,0.16188333333333332,1,0.0,0.0,0,3
0.7596,3.3333333333333335e-05,1,0.0,0.0,0,3
0.7596,170.24511666666666,1,0.0,0.0,0,3
0.7596,1.6666666666666667e-05,1,0.0,0.0,0,3
0.952,418.4420666666667,1,0.0,0.0,0,3
0.952,8.333333333333333e-05,1,0.0,0.0,0,3
0.7596,1.01615,1,0.0,0.0,0,3
0.7596,0.11771666666666666,1,0.0,0.0,0,3
0.7596,0.0,1,0.0,0.0,0,3
0.7596,3430.3845833333335,1,0.0,0.0,0,3
0.7596,0.0004333333333333333,1,0.0,0.0,0,3
0.7596,223.66535000000002,1,0.0,0.0,0,3
0.7596,0.0006166666666666666,1,0.0,0.0,0,3
0.7596,221.70735000000002,1,0.0,0.0,0,3
0.7596,8.333333333333333e-05,1,0.0,0.0,0,3
0.7596,192.42833333333334,1,0.0,0.0,0,3
0.7596,3.3333333333333335e-05,1,0.0,0.0,0,3
0.7596,323.48968333333335,1,0.0,0.0,0,3
0.7596,0.00016666666666666666,1,0.0,0.0,0,3
0.7596,1.6048499999999999,1,0.0,0.0,0,3
0.7596,0.013983333333333332,1,0.0,0.0,0,3
0.7596,0.00023333333333333333,1,0.0,0.0,0,3
0.952,832.9838333333333,1,0.0,0.0,0,3
0.952,8.333333333333333e-05,1,0.0,0.0,0,3
0.952,321.2040166666667,1,0.0,0.0,0,3
0.952,1.6666666666666667e-05,1,0.0,0.0,0,3
0.7596,37.54751666666667,1,0.0,0.0,0,3
0.7596,1.6666666666666667e-05,1,0.0,0.0,0,3
0.7596,0.02861666666666667,1,0.0,0.0,0,3
0.7596,1.6666666666666667e-05,1,0.0,0.0,0,3
0.952,2368.0217666666667,1,0.0,0.0,0,3
0.952,0.019816666666666666,1,0.0,0.0,0,3
0.952,0.015866666666666664,1,0.0,0.0,0,3
0.7596,73.77803333333333,1,0.0,0.0,0,3
0.7596,0.0082,1,0.0,0.0,0,3
0.7596,0.9132166666666667,1,0.0,0.0,0,3
0.7596,0.7945,1,0.0,0.0,0,3
0.7596,0.11831666666666667,1,0.0,0.0,0,3
0.7596,0.4982166666666667,1,0.0,0.0,0,3
0.7596,4.9544999999999995,1,0.0,0.0,0,3
0.952,5931.283033333334,1,0.0,0.0,0,3
0.952,8.333333333333333e-05,1,0.0,0.0,0,3
0.7596,0.11196666666666667,1,0.0,0.0,0,3
0.7596,0.00023333333333333333,1,0.0,0.0,0,3
0.7596,49.83098333333333,1,0.0,0.0,0,3
0.7596,0.0005,1,0.0,0.0,0,3
0.7596,92.94788333333332,1,0.0,0.0,0,3
0.7596,0.009949999999999999,1,0.0,0.0,0,3
0.7596,0.008733333333333334,1,0.0,0.0,0,3
0.7596,0.0249,1,0.0,0.0,0,3
0.7596,0.00525,1,0.0,0.0,0,3
0.7596,0.01035,1,0.0,0.0,0,3
0.7596,0.0241,1,0.0,0.0,0,3
0.7596,0.0331,1,0.0,0.0,0,3
0.7596,0.16501666666666667,1,0.0,0.0,0,3
0.7596,0.0139,1,0.0,0.0,0,3
0.7596,0.041933333333333336,1,0.0,0.0,0,3
0.7596,0.020550000000000002,1,0.0,0.0,0,3
0.7596,0.00015,1,0.0,0.0,0,3
0.7596,1408.9569999999999,1,0.0,0.0,0,3
0.7596,0.00013333333333333334,1,0.0,0.0,0,3
0.7596,1279.2640666666666,1,0.0,0.0,0,3
0.7596,0.00015,1,0.0,0.0,0,3
0.952,324.3096,1,0.0,0.0,0,3
0.952,1.6666666666666667e-05,1,0.0,0.0,0,3
0.7596,0.24283333333333335,1,0.0,0.0,0,3
0.7596,1.6666666666666667e-05,1,0.0,0.0,0,3
0.7596,1124.3560666666667,1,0.0,0.88,0,3
0.7596,1.6666666666666667e-05,1,0.0,0.88,0,3
0.7596,312.46458333333334,1,0.0,-1.33,0,3
0.7596,3.3333333333333335e-05,1,0.0,-1.33,0,3
0.7596,5615.3679,1,0.0,6.96,1,3
0.7596,0.028583333333333336,1,0.0,6.96,1,3
0.7596,0.28605,1,0.0,6.96,1,3
0.7596,0.0003,1,0.0,6.96,1,3
0.952,20849.576716666666,1,0.0,-1.7,0,3
0.952,5e-05,1,0.0,-1.7,0,3
0.7596,0.27171666666666666,1,0.0,0.38,0,3
0.7596,0.0003,1,0.0,0.38,0,3
0.952,3267.2684833333333,1,0.0,2.21,0,3
0.952,0.00011666666666666667,1,0.0,2.21,0,3
0.952,0.42108333333333337,1,0.0,2.21,0,3
0.952,5e-05,1,0.0,2.21,0,3
0.952,1.2771166666666667,1,0.0,2.21,0,3
0.952,3.3333333333333335e-05,1,0.0,2.21,0,3
0.952,0.8316,1,0.0,2.21,0,3
0.952,6.666666666666667e-05,1,0.0,2.21,0,3
0.8322,0.22261666666666666,1,0.0,1.7,0,3
0.8322,1.6666666666666667e-05,1,0.0,1.7,0,3
0.9712,0.22656666666666667,1,0.0,0.0,0,3
0.9712,0.046066666666666665,1,0.0,0.0,0,3
0.9712,0.042383333333333335,1,0.0,0.0,0,3
0.9712,0.33003333333333335,1,0.0,0.0,0,3
0.9712,0.025216666666666665,1,0.0,0.0,0,3
0.9712,0.03775,1,0.0,0.0,0,3
0.9712,0.02723333333333333,1,0.0,0.0,0,3
0.9712,1.6666666666666667e-05,1,0.0,0.0,0,3
0.7596,0.09956666666666666,1,0.0,0.0,0,0
0.7596,3.51675,1,0.0,0.0,0,0
0.7596,1.2001,1,0.0,0.0,0,0
0.7596,0.3669333333333333,1,0.0,0.0,0,0
0.4898,31.4005,1,0.0,0.57,0,3
0.4898,0.0004,1,0.0,0.57,0,3
0.4898,0.0001,1,0.0,0.57,0,3
0.4898,0.00011666666666666667,1,0.0,0.57,0,3
0.4898,0.0001,1,0.0,0.57,0,3
0.4898,0.00011666666666666667,1,0.0,0.57,0,3
0.4624,0.0826,1,0.0,0.78,0,3
0.4624,0.00011666666666666667,1,0.0,0.78,0,3
0.4624,0.00013333333333333334,1,0.0,0.78,0,3
0.4624,0.00011666666666666667,1,0.0,0.78,0,3
0.4624,0.09903333333333333,1,0.0,0.78,0,3
0.7596,1.0174333333333334,1,0.0,0.16,0,0
0.1379,47.5847,1,0.0,0.42,0,3
0.7596,0.09956666666666666,1,0.0,0.0,0,3
0.7596,0.04425,1,0.0,0.0,0,4
0.7596,1.4546,1,1.0,0.0,0,3
0.7596,0.055983333333333336,1,0.5,0.0,0,3
0.7596,0.0536,1,0.5,0.0,0,3
0.7596,0.26781666666666665,1,0.5,0.0,0,3
0.7596,0.91235,1,0.5,0.0,0,3
0.7596,0.04191666666666667,1,0.5,0.0,0,4
0.7596,2.6447,1,0.5,0.0,0,3
0.7596,0.00013333333333333334,1,0.5,0.0,0,3
0.7596,0.25065,1,0.5,0.0,0,3
0.7596,0.015183333333333333,1,0.3333333333333333,0.0,0,3
0.7596,0.03503333333333333,1,0.3333333333333333,0.0,0,3
0.7596,0.1193,1,0.3333333333333333,0.0,0,3
0.7596,0.010216666666666667,1,0.3333333333333333,0.0,0,3
0.7596,0.04515,1,0.3333333333333333,0.0,0,3
0.7596,0.00013333333333333334,1,0.3333333333333333,0.0,0,3
0.7596,0.28524999999999995,1,0.3333333333333333,0.0,0,3
0.7596,0.00016666666666666666,1,0.3333333333333333,0.0,0,3
0.7596,0.49629999999999996,1,0.3333333333333333,0.0,0,3
0.7596,6.666666666666667e-05,1,0.25,0.0,0,3
0.7596,0.18056666666666665,1,0.25,0.0,0,3
0.7596,0.043816666666666663,1,0.2,0.0,0,4
0.3915,0.09956666666666666,1,0.0,0.0,0,3
0.5641,1.0177,1,0.0,0.0,0,3
0.2663,1.1988166666666666,1,0.0,0.0,0,0
0.3734,2.3174833333333336,1,0.0,0.0,0,3
0.3734,0.83525,1,0.0,0.0,0,3
0.3734,0.00013333333333333334,1,0.0,0.0,0,3
0.3734,0.09988333333333334,1,0.0,0.0,0,3
0.3734,0.00025,1,0.0,0.0,0,3
0.3734,0.00016666666666666666,1,0.0,0.0,0,0
0.3734,0.00013333333333333334,1,0.0,0.0,0,3
0.3734,0.00015,1,0.0,0.0,0,3
0.3734,0.00021666666666666666,1,0.0,0.0,0,3
0.3734,0.07980000000000001,1,0.0,0.0,0,3
0.3734,0.00011666666666666667,1,0.0,0.0,0,3
0.3734,0.00011666666666666667,1,0.0,0.0,0,3
0.3734,0.00011666666666666667,1,0.0,0.0,0,3
0.3734,0.00011666666666666667,1,0.0,0.0,0,3
0.3734,0.09991666666666667,1,0.0,0.0,0,3
0.3734,0.00205,1,0.0,0.0,0,3
0.5708,0.3642166666666667,1,0.0,0.0,0,0
0.5708,0.00011666666666666667,1,0.0,0.0,0,3
0.5708,0.0001,1,0.0,0.0,0,3
0.5708,0.00011666666666666667,1,0.0,0.0,0,3
0.5708,8.333333333333333e-05,1,0.0,0.0,0,3
0.5708,0.0002666666666666667,1,0.0,0.0,0,3
0.5708,6.666666666666667e-05,1,0.0,0.0,0,3
0.5708,0.09925,1,0.0,0.0,0,3
0.5708,0.00011666666666666667,1,0.0,0.0,0,3
0.5708,0.0001,1,0.0,0.0,0,3
0.5708,0.0001,1,0.0,0.0,0,3
0.5708,0.08345,1,0.0,0.0,0,3
0.5708,0.0004166666666666667,1,0.0,0.0,0,3
0.5708,0.00011666666666666667,1,0.0,0.0,0,3
0.5708,0.0001,1,0.0,0.0,0,3
0.5708,0.00013333333333333334,1,0.0,0.0,0,3
0.5708,0.18223333333333333,1,0.0,0.0,0,3
0.3915,33.15345,1,0.0,0.0,0,0
0.6523,305.94120000000004,1,0.0,0.0,0,3
0.6523,0.0004,1,0.0,0.0,0,3
0.6523,0.08808333333333333,1,0.0,0.0,0,3
0.6523,0.00018333333333333334,1,0.0,0.0,0,3
0.6523,0.00015,1,0.0,0.0,0,3
0.6523,0.0002,1,0.0,0.0,0,3
0.6523,0.0002666666666666667,1,0.0,0.0,0,3
0.6523,0.09138333333333333,1,0.0,0.0,0,3
0.6523,0.00065,1,0.0,0.0,0,3
0.6523,0.0002666666666666667,1,0.0,0.0,0,3
0.6523,0.0003,1,0.0,0.0,0,3
0.6523,0.0003,1,0.0,0.0,0,3
0.6523,0.18388333333333332,1,0.0,0.0,0,3
0.7626,0.18550000000000003,1,0.0,0.0,0,0
0.7626,1.9482,1,0.0,0.0,0,3
0.5386,0.09896666666666666,1,0.0,0.0,0,3
0.1994,0.0833,1,0.0,0.0,0,0
0.1994,0.46723333333333333,1,0.0,0.0,0,3
0.1994,0.00025,1,0.0,0.0,0,3
0.1994,0.00018333333333333334,1,0.0,0.0,0,3
0.1994,0.3659833333333333,1,0.0,0.0,0,3
0.1609,0.09988333333333334,1,0.0,0.0,0,3
0.1994,0.10005,1,0.0,0.0,0,0
0.1994,0.3665333333333333,1,0.0,0.0,0,3
0.2111,0.0836,1,0.0,0.0,0,0
0.2111,1.4833833333333333,1,0.0,0.0,0,3
0.6336,10.001916666666666,1,0.0,0.0,0,0
0.6336,0.09726666666666667,1,0.0,0.0,0,3
0.6336,0.00028333333333333335,1,0.0,0.0,0,3
0.6336,0.0024,1,0.0,0.0,0,3
0.6336,0.0003,1,0.0,0.0,0,3
0.6336,0.0803,1,0.0,0.0,0,3
0.6336,0.00025,1,0.0,0.0,0,3
0.6336,0.0002,1,0.0,0.0,0,3
0.6336,0.00016666666666666666,1,0.0,0.0,0,3
0.6336,0.0996,1,0.0,0.0,0,3
0.6336,0.00036666666666666667,1,0.0,0.0,0,3
0.6336,0.00021666666666666666,1,0.0,0.0,0,3
0.6336,0.00016666666666666666,1,0.0,0.0,0,3
0.6336,0.00028333333333333335,1,0.0,0.0,0,3
0.6336,0.00025,1,0.0,0.0,0,3
0.6336,0.08181666666666666,1,0.0,0.0,0,3
0.6336,0.00025,1,0.0,0.0,0,3
0.6336,0.00038333333333333334,1,0.0,0.0,0,3
0.6336,0.00031666666666666665,1,0.0,0.0,0,3
0.6336,0.00028333333333333335,1,0.0,0.0,0,3
0.6336,0.00023333333333333333,1,0.0,0.0,0,3
0.6336,0.0003,1,0.0,0.0,0,3
0.6336,0.09864999999999999,1,0.0,0.0,0,3
0.6336,0.00036666666666666667,1,0.0,0.0,0,3
0.6336,0.00023333333333333333,1,0.0,0.0,0,3
0.6336,0.00018333333333333334,1,0.0,0.0,0,3
0.6336,0.08233333333333334,1,0.0,0.0,0,3
0.6336,0.00038333333333333334,1,0.0,0.0,0,3
0.6336,0.00036666666666666667,1,0.0,0.0,0,3
0.6336,0.00028333333333333335,1,0.0,0.0,0,3
0.6336,0.09936666666666666,1,0.0,0.0,0,3
0.4898,1357.2866833333333,1,0.0,0.0,0,3
0.4898,0.00011666666666666667,1,0.0,0.0,0,3
0.4898,1.6666666666666667e-05,1,0.0,0.0,0,3
0.4898,0.00013333333333333334,1,0.0,0.0,0,3
0.4898,0.08313333333333334,1,0.0,0.0,0,3
0.4898,0.00013333333333333334,1,0.0,0.0,0,3
0.4898,0.00011666666666666667,1,0.0,0.0,0,3
0.4898,0.00011666666666666667,1,0.0,0.0,0,3
0.4898,0.00011666666666666667,1,0.0,0.0,0,3
0.4898,0.0001,1,0.0,0.0,0,3
0.4898,0.09941666666666667,1,0.0,0.0,0,3
0.4898,0.0,1,0.0,0.0,0,3
0.4898,0.00015,1,0.0,0.0,0,3
0.4898,8.333333333333333e-05,1,0.0,0.0,0,3
0.4898,0.08295000000000001,1,0.0,0.0,0,3
0.4898,0.00016666666666666666,1,0.0,0.0,0,3
0.4898,0.0001,1,0.0,0.0,0,3
0.8457,2.2005,1,0.0,0.0,0,3
0.8457,0.09941666666666667,1,0.0,0.0,0,3
0.8457,0.0,1,0.0,0.0,0,3
0.8457,0.00013333333333333334,1,0.0,0.0,0,3
0.8457,0.08335000000000001,1,0.0,0.0,0,3
0.8457,0.00013333333333333334,1,0.0,0.0,0,3
0.8457,3.2494333333333336,1,0.0,0.0,0,3
0.1924,0.65035,1,0.0,0.0,0,3
0.1924,0.0001,1,0.0,0.0,0,3
0.1924,0.0005666666666666667,1,0.0,0.0,0,3
0.1924,0.08268333333333334,1,0.0,0.0,0,3
0.1924,0.00028333333333333335,1,0.0,0.0,0,3
0.1924,0.00018333333333333334,1,0.0,0.0,0,3
0.1924,0.00018333333333333334,1,0.0,0.0,0,3
0.1924,0.00055,1,0.0,0.0,0,3
0.1924,0.00023333333333333333,1,0.0,0.0,0,3
0.1924,0.00018333333333333334,1,0.0,0.0,0,3
0.1924,0.00015,1,0.0,0.0,0,3
0.1924,0.00016666666666666666,1,0.0,0.0,0,3
0.1924,0.0977,1,0.0,0.0,0,3
0.1924,0.00018333333333333334,1,0.0,0.0,0,3
0.1924,0.00028333333333333335,1,0.0,0.0,0,3
0.1924,0.00023333333333333333,1,0.0,0.0,0,3
0.1924,0.00018333333333333334,1,0.0,0.0,0,3
0.1924,0.00015,1,0.0,0.0,0,3
0.1924,0.08248333333333333,1,0.0,0.0,0,3
0.1924,0.00085,1,0.0,0.0,0,3
0.1924,0.00018333333333333334,1,0.0,0.0,0,3
0.1924,0.00015,1,0.0,0.0,0,3
0.1924,0.00015,1,0.0,0.0,0,3
0.1924,0.09858333333333333,1,0.0,0.0,0,3
0.1924,0.00011666666666666667,1,0.0,0.0,0,3
0.1924,0.10021666666666666,1,0.0,0.0,0,3
0.6523,8.5673,1,0.0,0.0,0,3
0.6523,0.18213333333333334,1,0.0,0.0,0,3
0.6523,0.10018333333333333,1,0.0,0.0,0,3
0.6523,0.00021666666666666666,1,0.0,0.0,0,3
0.6523,0.00018333333333333334,1,0.0,0.0,0,3
0.6523,0.00015,1,0.0,0.0,0,3
0.6523,0.08236666666666667,1,0.0,0.0,0,3
0.6523,0.00011666666666666667,1,0.0,0.0,0,3
0.6523,8.333333333333333e-05,1,0.0,0.0,0,3
0.6523,8.333333333333333e-05,1,0.0,0.0,0,3
0.6523,8.333333333333333e-05,1,0.0,0.0,0,3
0.6523,0.1998666666666667,1,0.0,0.0,0,3
0.6523,0.00025,1,0.0,0.0,0,3
0.6523,0.00013333333333333334,1,0.0,0.0,0,3
0.6523,0.08271666666666667,1,0.0,0.0,0,3
0.6523,0.00023333333333333333,1,0.0,0.0,0,3
0.6523,1.6666666666666667e-05,1,0.0,0.0,0,3
0.6523,0.00015,1,0.0,0.0,0,3
0.6523,0.00016666666666666666,1,0.0,0.0,0,3
0.6523,6.482933333333333,1,0.0,0.0,0,3
0.2111,21.966216666666664,1,0.0,0.0,0,0
0.5473,1278.4951166666665,1,0.0,-0.83,0,0
0.6523,0.08411666666666666,1,0.0,4.16,0,3
0.3734,0.6490333333333334,1,0.0,6.84,0,3
0.3734,3.3333333333333335e-05,1,0.0,6.84,0,0
0.6185,0.10086666666666666,1,0.0,0.0,0,0
0.3915,0.46626666666666666,1,0.0,-1.07,0,3
0.3915,3.3333333333333335e-05,1,0.0,-1.07,0,3
0.3915,0.00015,1,0.0,-1.07,0,3
0.3915,5e-05,1,0.0,-1.07,0,3
0.3915,5e-05,1,0.0,-1.07,0,3
0.3915,0.0001,1,0.0,-1.07,0,3
0.3915,6.666666666666667e-05,1,0.0,-1.07,0,3
0.3915,6.666666666666667e-05,1,0.0,-1.07,0,3
0.3915,0.18255,1,0.0,-1.07,0,3
0.3915,0.00015,1,0.0,-1.07,0,3
0.3915,8.333333333333333e-05,1,0.0,-1.07,0,3
0.3915,8.333333333333333e-05,1,0.0,-1.07,0,3
0.3915,8.333333333333333e-05,1,0.0,-1.07,0,3
0.3915,0.0827,1,0.0,-1.07,0,3
0.3915,0.00013333333333333334,1,0.0,-1.07,0,3
0.3915,0.10086666666666666,1,0.0,-1.07,0,3
0.3915,0.00031666666666666665,1,0.0,-1.07,0,3
0.3915,0.0002,1,0.0,-1.07,0,3
0.3915,0.08175,1,0.0,-1.07,0,3
0.3915,0.1004,1,0.0,-1.07,0,3
0.3915,0.00013333333333333334,1,0.0,-1.07,0,3
0.3915,8.333333333333333e-05,1,0.0,-1.07,0,3
0.3915,8.333333333333333e-05,1,0.0,-1.07,0,3
0.3915,0.00013333333333333334,1,0.0,-1.07,0,3
0.3915,0.1832,1,0.0,-1.07,0,3
0.3915,0.09951666666666667,1,0.0,-1.07,0,3
0.3915,0.00011666666666666667,1,0.0,-1.07,0,3
0.3915,0.0001,1,0.0,-1.07,0,3
0.3915,0.08305,1,0.0,-1.07,0,3
0.3915,0.00011666666666666667,1,0.0,-1.07,0,3
0.3915,0.10008333333333333,1,0.0,-1.07,0,3
0.3915,0.00018333333333333334,1,0.0,-1.07,0,3
0.5117,0.18288333333333334,1,0.0,-0.57,0,0
0.2222,0.00018333333333333334,1,0.0,-1.13,0,3
0.2222,8.333333333333333e-05,1,0.0,-1.13,0,3
0.2222,0.08313333333333334,1,0.0,-1.13,0,3
0.2222,0.00011666666666666667,1,0.0,-1.13,0,3
0.2222,8.333333333333333e-05,1,0.0,-1.13,0,3
0.2222,0.09996666666666668,1,0.0,-1.13,0,3
0.2222,0.0001,1,0.0,-1.13,0,3
0.2222,0.18328333333333333,1,0.0,-1.13,0,3
0.2222,0.0001,1,0.0,-1.13,0,3
0.2222,0.00011666666666666667,1,0.0,-1.13,0,3
0.2222,0.09973333333333333,1,0.0,-1.13,0,3
0.2222,0.00011666666666666667,1,0.0,-1.13,0,3
0.2222,0.0001,1,0.0,-1.13,0,3
0.2222,0.0001,1,0.0,-1.13,0,3
0.2222,0.0001,1,0.0,-1.13,0,3
0.2222,0.18293333333333334,1,0.0,-1.13,0,3
0.2222,0.00016666666666666666,1,0.0,-1.13,0,3
0.2222,0.08368333333333333,1,0.0,-1.13,0,3
0.2222,0.0003333333333333333,1,0.0,-1.13,0,3
0.4357,0.09931666666666666,1,0.0,1.5,0,0
0.7596,0.08353333333333332,1,0.0,-0.86,0,0
0.6185,0.28278333333333333,1,0.0,0.0,0,0
0.527,0.2838333333333333,1,0.0,-1.62,0,3
0.527,0.00015,1,0.0,-1.62,0,3
0.527,0.0002,1,0.0,-1.62,0,3
0.527,0.0001,1,0.0,-1.62,0,3
0.527,0.08316666666666667,1,0.0,-1.62,0,3
0.527,0.00018333333333333334,1,0.0,-1.62,0,3
0.527,8.333333333333333e-05,1,0.0,-1.62,0,3
0.527,8.333333333333333e-05,1,0.0,-1.62,0,3
0.527,0.18244999999999997,1,0.0,-1.62,0,3
0.527,0.0007,1,0.0,-1.62,0,3
0.527,0.0001,1,0.0,-1.62,0,3
0.527,0.38251666666666667,1,0.0,-1.62,0,0
0.527,0.08346666666666666,1,0.0,-1.62,0,3
0.527,0.18308333333333332,1,0.0,-1.62,0,3
0.527,0.00013333333333333334,1,0.0,-1.62,0,3
0.527,0.0011500000000000002,1,0.0,-1.62,0,3
0.527,0.00011666666666666667,1,0.0,-1.62,0,3
0.527,0.00016666666666666666,1,0.0,-1.62,0,3
0.527,0.0001,1,0.0,-1.62,0,3
0.527,0.0001,1,0.0,-1.62,0,3
0.527,0.0001,1,0.0,-1.62,0,3
0.527,6.666666666666667e-05,1,0.0,-1.62,0,3
0.527,0.18223333333333333,1,0.0,-1.62,0,3
0.527,0.09938333333333334,1,0.0,-1.62,0,3
0.527,0.09993333333333335,1,0.0,-1.62,0,3
0.527,0.00013333333333333334,1,0.0,-1.62,0,3
0.527,8.333333333333333e-05,1,0.0,-1.62,0,3
0.527,0.0001,1,0.0,-1.62,0,3
0.527,0.08301666666666667,1,0.0,-1.62,0,3
0.1399,0.28335000000000005,1,0.0,1.17,0,0
0.2663,0.08326666666666667,1,0.0,-3.11,0,3
0.2663,0.00013333333333333334,1,0.0,-3.11,0,3
0.2663,0.0001,1,0.0,-3.11,0,3
0.2663,6.666666666666667e-05,1,0.0,-3.11,0,3
0.2663,0.00025,1,0.0,-3.11,0,3
0.2663,0.00013333333333333334,1,0.0,-3.11,0,3
0.2663,0.09978333333333333,1,0.0,-3.11,0,3
0.2663,0.00021666666666666666,1,0.0,-3.11,0,3
0.2663,0.00015,1,0.0,-3.11,0,3
0.2663,0.08253333333333333,1,0.0,-3.11,0,3
0.2663,8.333333333333333e-05,1,0.0,-3.11,0,3
0.2663,5e-05,1,0.0,-3.11,0,3
0.2663,0.00013333333333333334,1,0.0,-3.11,0,3
0.2663,0.4663833333333333,1,0.0,-3.11,0,3
0.5386,0.18461666666666668,1,0.0,-0.51,0,0
0.6675,6963.404983333333,1,0.0,2.8,0,3
0.6675,0.08318333333333333,1,0.0,2.8,0,3
0.7626,0.10006666666666666,1,0.0,0.42,0,3
0.7626,1.6676333333333335,1,0.0,0.42,0,3
0.2111,2.5001499999999997,1,0.0,1.44,0,3
0.2111,0.2695,1,0.0,1.44,0,3
0.3734,259.3070833333333,1,0.0,0.8,0,0
0.1379,201.31255000000002,1,0.0,0.0,0,3
0.7626,968.3255166666667,1,0.0,0.0,0,3
0.7626,3.0503666666666667,1,0.0,0.0,0,3
0.7596,0.09963333333333332,1,0.0,0.29,0,0
0.6675,0.18368333333333334,1,0.0,-0.51,0,3
0.7626,220.16825,1,0.0,-0.42,0,3
0.7626,0.08218333333333333,1,0.0,-0.42,0,3
0.6523,0.10331666666666667,1,0.0,-2.47,0,3
0.6523,0.2741166666666667,1,0.0,-2.47,0,3
0.6336,0.2505,1,0.0,-1.58,0,3
0.6336,0.16823333333333332,1,0.0,-1.58,0,3
0.5641,1.6155833333333334,1,0.0,0.0,0,3
0.4357,0.36633333333333334,1,0.0,-0.35,0,3
0.4357,1.3829500000000001,1,0.0,-0.35,0,3
0.7626,0.38320000000000004,1,0.0,-0.42,0,3
0.7626,0.0843,1,0.0,-0.42,0,3
0.6185,44.28216666666666,1,0.0,0.81,0,0
0.6552,0.18256666666666668,1,0.0,-1.37,0,0
0.6523,0.2678333333333333,1,0.0,5.28,0,3
0.6523,0.00013333333333333334,1,0.0,5.28,0,3
0.6523,0.0002666666666666667,1,0.0,5.28,0,3
0.6523,3.3333333333333335e-05,1,0.0,5.28,0,3
0.6523,0.00018333333333333334,1,0.0,5.28,0,3
0.6523,0.00018333333333333334,1,0.0,5.28,0,0
0.6523,0.0981,1,0.0,5.28,0,3
0.6523,0.18331666666666668,1,0.0,5.28,0,3
0.6523,0.10024999999999999,1,0.0,5.28,0,3
0.6523,0.0,1,0.0,5.28,0,3
0.6523,0.00045,1,0.0,5.28,0,3
0.6523,0.00023333333333333333,1,0.0,5.28,0,3
0.6523,0.00025,1,0.0,5.28,0,3
0.3333,0.08205,1,0.0,1.53,0,0
0.7626,166.67396666666667,1,0.0,-0.63,0,3
0.7626,0.29100000000000004,1,0.0,-0.63,0,3
0.5641,970.5987833333334,1,0.0,0.0,0,0
0.5386,0.267,1,0.0,0.0,0,0
0.7626,21.616433333333337,1,0.0,-0.21,0,3
0.7626,0.18308333333333332,1,0.0,-0.21,0,3
0.6675,2.4833,1,0.0,1.17,0,0
0.6675,0.18316666666666667,1,0.0,1.17,0,3
0.6523,0.4666166666666667,1,0.0,1.13,0,0
0.6523,0.08326666666666667,1,0.0,1.13,0,3
0.6185,0.18403333333333333,1,0.0,0.32,0,0
0.3333,3.0490333333333335,1,0.0,0.0,0,0
0.5473,34.265883333333335,1,0.0,4.04,0,0
0.5473,0.18395,1,0.0,4.04,0,0
0.8457,10.499616666666666,1,0.0,2.61,0,3
0.8457,0.00018333333333333334,1,0.0,2.61,0,3
0.8457,3.3333333333333335e-05,1,0.0,2.61,0,3
0.8457,0.00016666666666666666,1,0.0,2.61,0,3
0.8457,1.6666666666666667e-05,1,0.0,2.61,0,3
0.8457,0.1825166666666667,1,0.0,2.61,0,3
0.4919,0.08376666666666667,1,0.0,-0.31,0,0
0.6523,0.20013333333333333,1,0.0,0.0,0,0
0.8759,314.4484333333333,1,0.0,14.96,0,3
0.8759,0.0001,1,0.0,14.96,0,3
0.8759,0.001,1,0.0,14.96,0,3
0.8759,0.0001,1,0.0,14.96,0,3
0.8759,0.0929,1,0.0,14.96,0,3
0.8759,0.0002,1,0.0,14.96,0,3
0.8759,0.00021666666666666666,1,0.0,14.96,0,3
0.8759,0.08298333333333334,1,0.0,14.96,0,3
0.8264,0.09991666666666667,1,0.0,4.85,0,3
0.8264,6.85025,1,0.0,4.85,0,3
0.7626,0.08286666666666667,1,0.0,-0.42,0,3
0.5117,0.20005,1,0.0,0.19,0,0
0.6336,0.26665,1,0.0,-1.42,0,0
0.5117,0.09971666666666666,1,0.0,0.19,0,0
0.6523,1388.8736666666666,1,0.0,-5.23,0,3
0.6523,0.0005833333333333334,1,0.0,-5.23,0,3
0.6523,0.0003,1,0.0,-5.23,0,3
0.6523,0.09958333333333333,1,0.0,-5.23,0,3
0.3734,0.18256666666666668,1,0.0,-1.12,0,3
0.3734,0.18285,1,0.0,-1.12,0,3
0.7626,18484.3675,1,0.0,-0.43,0,3
0.7626,0.18278333333333335,1,0.0,-0.43,0,3
0.8276,0.0836,1,0.0,-0.75,0,3
0.8276,0.10013333333333334,1,0.0,-0.75,0,3
0.7626,36.433033333333334,1,0.0,-0.65,0,3
0.2663,201.4954833333333,1,0.0,-1.9,0,3
0.2222,1.1497833333333332,1,0.0,0.19,0,3
0.7626,8.566283333333333,1,0.0,-0.87,0,3
0.7626,1489.1552000000001,1,0.0,-0.22,0,0
0.7626,0.08368333333333333,1,0.0,-0.22,0,0
0.7626,0.18316666666666667,1,0.0,-0.22,0,0
0.1994,3969.4414833333335,1,0.0,0.0,0,0
0.3915,0.26665,1,0.0,-1.25,0,3
0.1924,0.18293333333333334,1,0.0,-0.6,0,0
0.2111,25.396283333333333,1,0.0,-1.51,0,3
0.2089,0.7869666666666667,1,0.0,-1.73,0,3
0.6951,279.31005,1,0.0,0.0,0,3
0.6951,0.009449999999999998,1,0.0,0.0,0,3
0.6951,0.00021666666666666666,1,0.0,0.0,0,3
0.6951,0.09015,1,0.0,0.0,0,3
0.6951,0.00015,1,0.0,0.0,0,3
0.6951,0.5499166666666666,1,0.0,0.0,0,3
0.6951,0.00011666666666666667,1,0.0,0.0,0,3
0.6951,0.0001,1,0.0,0.0,0,3
0.6951,0.0997,1,0.0,0.0,0,3
0.6951,0.00011666666666666667,1,0.0,0.0,0,3
0.6951,0.0001,1,0.0,0.0,0,3
0.6951,8.333333333333333e-05,1,0.0,0.0,0,3
0.6951,0.0001,1,0.0,0.0,0,3
0.6951,8.333333333333333e-05,1,0.0,0.0,0,3
0.6951,0.08558333333333333,1,0.0,0.0,0,3
0.6951,0.0002,1,0.0,0.0,0,3
0.6951,0.00015,1,0.0,0.0,0,3
0.6951,0.00015,1,0.0,0.0,0,3
0.6951,0.00016666666666666666,1,0.0,0.0,0,3
0.6951,0.00016666666666666666,1,0.0,0.0,0,3
0.6951,0.00016666666666666666,1,0.0,0.0,0,3
0.6951,0.00016666666666666666,1,0.0,0.0,0,3
0.6951,0.0959,1,0.0,0.0,0,3
0.6951,0.00015,1,0.0,0.0,0,3
0.6951,0.0001,1,0.0,0.0,0,3
0.6951,0.0001,1,0.0,0.0,0,3
0.6951,0.1836,1,0.0,0.0,0,3
0.6951,0.00021666666666666666,1,0.0,0.0,0,3
0.6951,0.18348333333333333,1,0.0,0.0,0,3
0.6523,15.18305,1,0.0,-1.83,0,3
0.7596,0.09956666666666666,0,0.0,0.0,0,3
0.7596,0.47561666666666663,0,0.0,0.0,0,3
0.7596,0.00013333333333333334,0,0.0,0.0,0,3
0.7596,0.12005,0,0.0,0.0,0,3
0.7596,0.0,0,0.0,0.0,0,3
0.7596,0.09956666666666666,1,0.0,0.0,0,0
0.83,10263.753716666666,1,0.0,0.42,0,3
0.83,0.18325,1,0.0,0.42,0,3
0.83,0.20003333333333334,1,0.0,0.42,0,3
0.83,0.18313333333333331,1,0.0,0.42,0,3
0.83,0.08311666666666667,1,0.0,0.42,0,3
0.83,0.0006333333333333333,1,0.0,0.42,0,3
0.4949,54.11595,1,0.0,0.57,0,0
0.4949,0.00036666666666666667,1,0.0,0.57,0,3
0.4949,0.00021666666666666666,1,0.0,0.57,0,3
0.4949,0.00016666666666666666,1,0.0,0.57,0,3
0.4949,0.0002666666666666667,1,0.0,0.57,0,3
0.4949,0.8326833333333333,1,0.0,0.57,0,3
0.83,2.1833666666666667,1,0.0,0.42,0,3
0.1071,6.666666666666667e-05,1,0.0,0.0,0,0
0.83,0.08316666666666667,1,0.0,0.42,0,3
0.83,0.00015,1,0.0,0.42,0,3
0.3506,0.3841333333333333,1,0.0,0.0,0,3
0.375,0.08231666666666666,1,0.0,-0.96,0,3
0.83,0.10058333333333333,1,0.0,0.42,0,3
0.83,0.00016666666666666666,1,0.0,0.42,0,3
0.375,0.7326833333333334,1,0.0,-0.96,0,0
0.3506,1.1170833333333334,1,0.0,0.0,0,3
0.3506,0.00016666666666666666,1,0.0,0.0,0,3
0.3506,0.0826,1,0.0,0.0,0,3
0.3506,0.00031666666666666665,1,0.0,0.0,0,3
0.3506,0.0002666666666666667,1,0.0,0.0,0,3
0.3506,0.00018333333333333334,1,0.0,0.0,0,3
0.3506,0.09916666666666667,1,0.0,0.0,0,3
0.3506,0.00023333333333333333,1,0.0,0.0,0,3
0.3506,0.10001666666666667,1,0.0,0.0,0,3
0.3506,0.0003333333333333333,1,0.0,0.0,0,3
0.3506,0.0002666666666666667,1,0.0,0.0,0,3
0.3506,0.00035,1,0.0,0.0,0,3
0.3506,0.00025,1,0.0,0.0,0,3
0.3506,0.0002666666666666667,1,0.0,0.0,0,3
0.1071,0.08175,1,0.0,0.0,0,3
0.6504,0.3672,1,0.0,0.54,0,0
0.375,0.38275,1,0.0,-0.96,0,3
0.1379,0.18371666666666667,1,0.0,-0.89,0,0
0.375,0.08285000000000001,1,0.0,-0.96,0,3
0.375,0.1003,1,0.0,-0.96,0,3
0.375,0.0002666666666666667,1,0.0,-0.96,0,3
0.375,0.0005166666666666667,1,0.0,-0.96,0,3
0.3506,0.2658833333333333,1,0.0,0.0,0,3
0.7596,0.9336166666666668,1,0.0,-0.75,0,0
0.1228,0.09995,1,0.0,1.23,0,3
0.1228,0.00025,1,0.0,1.23,0,3
0.83,0.08291666666666667,1,0.0,0.42,0,3
0.83,0.10045,1,0.0,0.42,0,3
0.83,0.0003,1,0.0,0.42,0,3
0.83,0.00025,1,0.0,0.42,0,3
0.83,0.00025,1,0.0,0.42,0,3
0.83,0.08220000000000001,1,0.0,0.42,0,3
0.83,0.00018333333333333334,1,0.0,0.42,0,3
0.83,0.09978333333333333,1,0.0,0.42,0,3
0.83,0.00031666666666666665,1,0.0,0.42,0,3
0.83,0.00023333333333333333,1,0.0,0.42,0,3
0.83,0.00025,1,0.0,0.42,0,3
0.83,0.08288333333333334,1,0.0,0.42,0,3
0.83,0.0005833333333333334,1,0.0,0.42,0,3
0.83,0.00028333333333333335,1,0.0,0.42,0,3
0.83,0.00036666666666666667,1,0.0,0.42,0,3
0.83,0.00036666666666666667,1,0.0,0.42,0,3
0.83,0.18146666666666667,1,0.0,0.42,0,3
0.83,0.0003333333333333333,1,0.0,0.42,0,3
0.83,0.09953333333333333,1,0.0,0.42,0,3
0.83,0.1835,1,0.0,0.42,0,3
0.83,0.09985,1,0.0,0.42,0,3
0.83,0.00018333333333333334,1,0.0,0.42,0,3
0.83,0.08301666666666667,1,0.0,0.42,0,3
0.83,0.00035,1,0.0,0.42,0,3
0.83,0.00018333333333333334,1,0.0,0.42,0,3
0.83,0.00018333333333333334,1,0.0,0.42,0,3
0.83,0.18263333333333334,1,0.0,0.42,0,3
0.83,0.00028333333333333335,1,0.0,0.42,0,3
0.83,0.00018333333333333334,1,0.0,0.42,0,3
0.83,0.09973333333333333,1,0.0,0.42,0,3
0.83,0.28318333333333334,1,0.0,0.42,0,3
0.83,0.00023333333333333333,1,0.0,0.42,0,3
0.83,0.00021666666666666666,1,0.0,0.42,0,3
0.1228,0.08371666666666666,1,0.0,1.23,0,3
0.1228,0.00031666666666666665,1,0.0,1.23,0,3
0.1228,0.00023333333333333333,1,0.0,1.23,0,3
0.1228,0.00025,1,0.0,1.23,0,3
0.1228,0.0002666666666666667,1,0.0,1.23,0,3
0.4949,1.7985833333333334,1,0.0,0.57,0,3
0.83,0.2826666666666667,1,0.0,0.42,0,3
0.83,0.4671,1,0.0,0.42,0,3
0.83,0.08349999999999999,1,0.0,0.42,0,3
0.83,3.3333333333333335e-05,1,0.0,0.42,0,3
0.83,0.00031666666666666665,1,0.0,0.42,0,3
0.83,0.00021666666666666666,1,0.0,0.42,0,3
0.83,0.00023333333333333333,1,0.0,0.42,0,3
0.83,0.09921666666666668,1,0.0,0.42,0,3
0.83,0.00036666666666666667,1,0.0,0.42,0,3
0.83,0.00038333333333333334,1,0.0,0.42,0,3
0.83,0.0821,1,0.0,0.42,0,3
0.83,0.0004166666666666667,1,0.0,0.42,0,3
0.83,0.09961666666666667,1,0.0,0.42,0,3
0.83,0.0003,1,0.0,0.42,0,3
0.83,0.09985,1,0.0,0.42,0,3
0.83,0.00031666666666666665,1,0.0,0.42,0,3
0.83,0.0002,1,0.0,0.42,0,3
0.83,0.08276666666666667,1,0.0,0.42,0,3
0.83,0.0002,1,0.0,0.42,0,3
0.83,0.00018333333333333334,1,0.0,0.42,0,3
0.83,0.00018333333333333334,1,0.0,0.42,0,3
0.83,0.00018333333333333334,1,0.0,0.42,0,3
0.83,0.00018333333333333334,1,0.0,0.42,0,3
0.83,0.09881666666666668,1,0.0,0.42,0,3
0.83,0.00031666666666666665,1,0.0,0.42,0,3
0.83,0.0002,1,0.0,0.42,0,3
0.83,0.0002666666666666667,1,0.0,0.42,0,3
0.83,0.00015,1,0.0,0.42,0,3
0.83,0.0002666666666666667,1,0.0,0.42,0,0
0.83,0.00018333333333333334,1,0.0,0.42,0,3
0.83,0.00016666666666666666,1,0.0,0.42,0,3
0.83,0.08238333333333332,1,0.0,0.42,0,3
0.83,0.0004333333333333333,1,0.0,0.42,0,3
0.83,0.00023333333333333333,1,0.0,0.42,0,3
0.83,0.00028333333333333335,1,0.0,0.42,0,3
0.83,0.0003333333333333333,1,0.0,0.42,0,3
0.83,0.00023333333333333333,1,0.0,0.42,0,3
0.83,0.0002666666666666667,1,0.0,0.42,0,3
0.83,0.09798333333333333,1,0.0,0.42,0,3
0.83,0.00021666666666666666,1,0.0,0.42,0,3
0.83,0.08325,1,0.0,0.42,0,3
0.83,0.00031666666666666665,1,0.0,0.42,0,3
0.6504,0.2826166666666667,1,0.0,0.54,0,3
0.83,0.10056666666666667,1,0.0,0.42,0,3
0.83,0.00025,1,0.0,0.42,0,3
0.6504,0.18271666666666667,1,0.0,0.54,0,3
0.6504,0.00023333333333333333,1,0.0,0.54,0,3
0.6504,0.08308333333333334,1,0.0,0.54,0,3
0.6504,0.10133333333333333,1,0.0,0.54,0,3
0.6504,0.0003333333333333333,1,0.0,0.54,0,3
0.6504,0.00023333333333333333,1,0.0,0.54,0,3
0.6504,0.08165,1,0.0,0.54,0,3
0.6504,0.0003,1,0.0,0.54,0,3
0.6504,0.0002,1,0.0,0.54,0,3
0.6504,0.00016666666666666666,1,0.0,0.54,0,3
0.6504,0.09913333333333334,1,0.0,0.54,0,3
0.6504,0.0002666666666666667,1,0.0,0.54,0,0
0.6504,0.00021666666666666666,1,0.0,0.54,0,3
0.6504,0.0003,1,0.0,0.54,0,3
0.6504,0.00016666666666666666,1,0.0,0.54,0,3
0.6504,0.08256666666666666,1,0.0,0.54,0,3
0.6504,0.0004333333333333333,1,0.0,0.54,0,3
0.6504,0.00028333333333333335,1,0.0,0.54,0,3
0.6504,0.0002,1,0.0,0.54,0,3
0.6504,0.00015,1,0.0,0.54,0,3
0.6504,0.09874999999999999,1,0.0,0.54,0,3
0.6504,0.00031666666666666665,1,0.0,0.54,0,3
0.6504,0.4661166666666666,1,0.0,0.54,0,3
0.6504,0.00023333333333333333,1,0.0,0.54,0,3
0.6504,0.0002666666666666667,1,0.0,0.54,0,3
0.6504,0.0002,1,0.0,0.54,0,3
0.7596,11.850216666666666,1,0.0,0.0,0,0
0.7596,1.9512166666666666,1,0.0,5.48,0,0
0.7596,2.6828166666666666,1,0.0,0.0,0,0
0.7596,2.9486,1,0.0,0.0,0,0
0.83,1344.1898333333334,1,0.0,0.42,0,3
0.83,0.07,1,0.0,0.42,0,4
0.1379,0.23031666666666667,1,0.07142857142857142,-0.89,0,3
0.1379,0.0997,1,0.07142857142857142,0.29,0,3
0.1379,0.18378333333333333,1,0.06666666666666667,-1.2,0,3
0.6504,0.18265,1,0.0625,0.54,0,3
0.6504,0.46676666666666666,1,0.0625,0.54,0,3
0.6504,0.08346666666666666,1,0.0625,0.54,0,3
0.6504,6.666666666666667e-05,1,0.0625,0.54,0,4
0.6504,0.48318333333333335,1,0.125,0.54,0,3
0.6504,0.0001,1,0.125,0.54,0,4
0.5833,0.2670333333333333,1,0.125,1.58,0,3
0.5833,0.00011666666666666667,1,0.11764705882352941,1.58,0,4
0.83,0.44920000000000004,1,0.17647058823529413,0.42,0,3
0.83,0.0001,1,0.17647058823529413,0.42,0,4
0.83,0.08385,1,0.17647058823529413,0.42,0,3
0.5833,0.9667,1,0.17647058823529413,0.78,0,3
0.5833,0.032850000000000004,1,0.16666666666666666,0.78,0,4
0.83,13.585966666666668,1,0.2222222222222222,0.42,0,0
0.83,4193.570933333333,1,0.2222222222222222,0.0,0,3
0.83,0.00016666666666666666,1,0.2222222222222222,0.0,0,3
0.83,0.0002666666666666667,1,0.2222222222222222,0.0,0,3
0.83,0.0007333333333333333,1,0.2222222222222222,0.0,0,3
0.83,0.00028333333333333335,1,0.2222222222222222,0.0,0,0
0.83,0.00021666666666666666,1,0.2222222222222222,0.0,0,3
0.83,0.08149999999999999,1,0.2222222222222222,0.0,0,3
0.83,0.00021666666666666666,1,0.2222222222222222,0.0,0,3
0.83,7.500233333333333,1,0.2222222222222222,0.0,0,3
0.6504,5637.309933333334,1,0.2222222222222222,-0.18,0,0
0.9315,2.0335666666666667,1,0.2222222222222222,0.45,0,3
0.9315,0.0001,1,0.21052631578947367,0.45,0,3
0.9315,0.09978333333333333,1,0.21052631578947367,0.45,0,3
0.9315,0.0004333333333333333,1,0.21052631578947367,0.45,0,3
0.9315,0.09923333333333333,1,0.21052631578947367,0.45,0,3
0.9315,0.08336666666666666,1,0.21052631578947367,0.45,0,3
0.9315,0.00015,1,0.21052631578947367,0.45,0,3
0.9315,0.00013333333333333334,1,0.21052631578947367,0.45,0,3
0.9315,8.333333333333333e-05,1,0.21052631578947367,0.45,0,3
0.9315,8.333333333333333e-05,1,0.21052631578947367,0.45,0,3
0.9315,8.333333333333333e-05,1,0.21052631578947367,0.45,0,3
0.9315,0.09966666666666667,1,0.21052631578947367,0.45,0,3
0.9315,1.9347999999999999,1,0.21052631578947367,0.45,0,3
0.6504,3.4319333333333333,1,0.21052631578947367,-0.18,0,0
0.83,9038.242833333332,1,0.21052631578947367,-1.7,0,3
0.83,0.08283333333333333,1,0.21052631578947367,-1.7,0,3
0.83,2.683866666666667,1,0.21052631578947367,-1.7,0,3
0.83,0.09958333333333333,1,0.21052631578947367,-1.7,0,3
0.83,0.00013333333333333334,1,0.21052631578947367,-1.7,0,3
0.83,0.00013333333333333334,1,0.21052631578947367,-1.7,0,3
0.83,0.0001,1,0.21052631578947367,-1.7,0,3
0.83,0.18266666666666667,1,0.21052631578947367,-1.7,0,3
0.83,0.00011666666666666667,1,0.21052631578947367,-1.7,0,3
0.83,0.08349999999999999,1,0.21052631578947367,-1.7,0,3
0.83,2.05055,1,0.21052631578947367,-1.7,0,0
0.7596,1399.82605,1,0.21052631578947367,-0.19,0,0
0.6504,0.09565,1,0.2,-1.09,0,0
0.83,1486.7884666666666,1,0.2,2.21,0,0
0.83,2810.6961166666665,1,0.2,-0.22,0,3
0.83,0.00016666666666666666,1,0.2,-0.22,0,3
0.83,0.00021666666666666666,1,0.2,-0.22,0,3
0.7596,0.09956666666666666,1,0.0,0.14,0,0
0.1749,0.7649833333333333,1,0.0,0.0,0,0
0.7596,1.7308999999999999,1,0.0,0.62,0,0
0.1749,0.38261666666666666,1,0.0,0.0,0,0
0.131,5.1954,1,0.0,0.38,0,0
0.1749,13.259366666666667,1,0.0,-0.17,0,0
0.1749,4.698916666666666,1,0.0,-0.17,0,0
0.0657,99.1369,1,0.0,-0.55,0,0
0.1749,0.1852,1,0.0,-0.5,0,0
0.5335,0.8345666666666667,1,0.0,-1.44,0,0
0.7596,0.37043333333333334,1,0.0,1.53,0,0
0.7596,2.6915,1,0.0,0.0,0,0
0.7596,0.18511666666666665,1,0.0,0.0,0,0
0.7596,0.18583333333333335,1,0.0,0.0,0,0
0.7596,0.18673333333333333,1,0.0,0.59,0,0
0.1156,3.43325,1,0.0,-1.58,0,0
0.7596,0.37128333333333335,1,0.0,-0.66,0,0
0.7596,2.96935,1,0.0,-0.18,0,0
0.7596,14.377933333333335,1,0.0,-0.18,0,0
0.1014,63.4372,1,0.0,-1.31,0,0
0.7596,0.30033333333333334,1,0.0,-1.71,0,0
0.7596,0.8987166666666667,1,0.0,-1.71,0,0
0.7596,1.7627166666666667,1,0.0,-2.47,0,0
0.7596,61.0093,1,0.0,-0.18,0,0
0.7596,1.2047333333333334,1,0.0,0.81,0,0
0.7596,0.7411166666666666,1,0.0,-0.12,0,0
0.131,0.18535000000000001,1,0.0,-0.38,0,0
0.1931,1.8562166666666668,1,0.0,-0.19,0,0
0.7596,0.09288333333333335,1,0.0,-0.6,0,0
0.131,3.896083333333333,1,0.0,-0.38,0,0
0.1156,0.38475000000000004,1,0.0,-1.58,0,0
0.7596,78.45593333333333,1,0.0,-0.67,0,3
0.7596,0.09295,1,0.0,-0.67,0,3
0.7596,0.09276666666666666,1,0.0,-0.67,0,3
0.7596,0.00031666666666666665,1,0.0,-0.67,0,3
0.1667,0.09956666666666666,0,0.0,0.0,0,3
0.1667,5e-05,0,0.0,0.0,0,3
0.7596,13.004283333333332,0,0.0,0.0,0,3
0.2647,91.54365,0,0.0,0.0,0,3
0.2647,1.6666666666666667e-05,0,0.0,0.0,0,3
0.8756,101.99338333333334,0,0.0,0.0,0,3
0.8756,0.33805,0,0.0,0.0,0,4
0.8756,0.8866499999999999,0,0.25,0.0,0,3
0.8756,0.0353,0,0.25,0.0,0,4
0.3872,3.285283333333333,0,0.25,0.0,0,3
0.2647,37.04255,0,0.2,0.0,0,3
0.2647,0.00013333333333333334,0,0.16666666666666666,0.0,0,3
0.7596,0.09956666666666666,1,0.0,0.0,0,3
0.7596,0.00015,1,0.0,0.0,0,3
0.7596,0.25051666666666667,1,0.0,0.0,0,3
0.7596,1.6666666666666667e-05,1,0.0,0.0,0,3
0.7596,0.29736666666666667,1,0.0,0.0,0,3
0.7596,0.0,1,0.0,0.0,0,3
0.7596,0.30996666666666667,1,0.0,0.0,0,3
0.7596,0.0,1,0.0,0.0,0,3
0.7596,0.78325,1,0.0,0.0,0,3
0.7596,3.3333333333333335e-05,1,0.0,0.0,0,3
0.7596,0.35385000000000005,1,0.0,0.0,0,3
0.7596,6.666666666666667e-05,1,0.0,0.0,0,3
0.7596,0.8164,1,0.0,0.0,0,3
0.7596,0.0006666666666666666,1,0.0,0.0,0,3
0.7596,0.5200166666666667,1,0.0,0.0,0,3
0.7596,8.333333333333333e-05,1,0.0,0.0,0,3
0.7596,0.3706,1,0.0,0.0,0,3
0.7596,0.0001,1,0.0,0.0,0,3
0.9513,0.09956666666666666,0,0.0,0.42,0,3
0.72,384.4454833333333,0,0.0,-2.97,0,3
0.7596,0.09956666666666666,1,0.0,0.0,0,3
0.7596,8.333333333333333e-05,1,0.0,0.0,0,3
0.7596,120.01203333333333,1,0.0,0.0,0,3
0.7596,0.66025,1,0.0,0.0,0,3
0.7596,0.00016666666666666666,1,0.0,0.0,0,3
0.7596,3368.59195,1,0.0,0.0,0,3
0.7596,8.333333333333333e-05,1,0.0,0.0,0,3
0.7596,1.5386,1,0.0,0.0,0,3
0.7596,0.00018333333333333334,1,0.0,0.0,0,3
0.7596,0.19424999999999998,1,0.0,0.0,0,3
0.7596,0.00016666666666666666,1,0.0,0.0,0,3
0.7596,0.6651666666666666,1,0.0,0.0,0,3
0.7596,1.6666666666666667e-05,1,0.0,0.0,0,3
0.7596,0.36973333333333336,1,0.0,0.0,0,3
0.7596,941.9594666666667,1,0.0,0.0,0,3
0.7596,3.3333333333333335e-05,1,0.0,0.0,0,3
0.7596,0.0384,1,0.0,0.0,0,3
0.7596,5e-05,1,0.0,0.0,0,3
0.7596,0.09815,1,0.0,0.0,0,3
0.7596,1.6666666666666667e-05,1,0.0,0.0,0,3
0.7596,0.3453666666666667,1,0.0,0.0,0,3
0.7596,1.6666666666666667e-05,1,0.0,0.0,0,3
0.7596,0.19748333333333334,1,0.0,0.0,0,3
0.7596,1.6666666666666667e-05,1,0.0,0.0,0,3
0.7596,0.3641666666666667,1,0.0,0.0,0,3
0.7596,0.0007666666666666667,1,0.0,0.0,0,3
0.7596,0.17556666666666668,1,0.0,0.0,0,3
0.7596,0.00023333333333333333,1,0.0,0.0,0,3
0.7596,6.663799999999999,1,0.0,0.0,0,3
0.7596,0.00028333333333333335,1,0.0,0.0,0,3
0.7596,0.12553333333333333,1,0.0,0.0,0,3
0.7596,1.6666666666666667e-05,1,0.0,0.0,0,3
0.7596,0.07496666666666667,1,0.0,0.0,0,3
0.7596,0.0,1,0.0,0.0,0,3
0.7596,0.09631666666666666,1,0.0,0.0,0,3
0.7596,8.333333333333333e-05,1,0.0,0.0,0,3
0.7596,0.12601666666666667,1,0.0,0.0,0,3
0.7596,0.0002,1,0.0,0.0,0,3
0.7596,0.07773333333333333,1,0.0,0.0,0,3
0.7596,3.3333333333333335e-05,1,0.0,0.0,0,3
0.7596,0.025566666666666668,1,0.0,0.0,0,3
0.7596,0.00011666666666666667,1,0.0,0.0,0,3
0.7596,224.03498333333334,1,0.0,0.0,0,3
0.7596,0.09956666666666666,0,0.0,0.0,0,0
0.7596,24.57255,0,0.0,-1.79,0,0
0.7596,0.7433833333333334,0,0.0,3.79,0,0
0.8787,0.09956666666666666,1,0.0,0.0,0,3
0.8787,0.13385,1,0.0,0.0,0,3
0.8787,0.0229,1,0.0,0.0,0,3
0.8787,0.008916666666666666,1,0.0,0.0,0,3
0.8787,0.01668333333333333,1,0.0,0.0,0,3
0.8787,0.27588333333333337,1,0.0,0.0,0,3
0.8787,0.009516666666666666,1,0.0,0.0,0,3
0.8787,0.055883333333333333,1,0.0,0.0,0,3
0.8787,0.0073,1,0.0,0.0,0,3
0.8787,0.0253,1,0.0,0.0,0,3
0.8787,0.09383333333333334,1,0.0,0.0,0,3
0.676,0.27315,1,0.0,0.0,0,3
0.676,0.019216666666666667,1,0.0,0.0,0,3
0.676,0.016766666666666666,1,0.0,0.0,0,3
0.4721,0.39966666666666667,1,0.0,0.0,0,3
0.4721,3.8192999999999997,1,0.0,0.0,0,3
0.4721,0.015816666666666666,1,0.0,0.0,0,3
0.4721,0.5422833333333333,1,0.0,0.0,0,3
0.4721,0.7157333333333333,1,0.0,0.0,0,3
0.4721,0.06016666666666667,1,0.0,0.0,0,3
0.4721,0.01891666666666667,1,0.0,0.0,0,3
0.4721,0.019533333333333333,1,0.0,0.0,0,3
0.4721,0.015300000000000001,1,0.0,0.0,0,3
0.4721,0.019,1,0.0,0.0,0,3
0.4721,0.0317,1,0.0,0.0,0,3
0.4721,0.01608333333333333,1,0.0,0.0,0,3
0.4721,0.023450000000000002,1,0.0,0.0,0,3
0.4721,0.00385,1,0.0,0.0,0,3
0.4721,0.13246666666666668,1,0.0,0.0,0,3
0.4721,0.007866666666666666,1,0.0,0.0,0,3
0.6588,0.17725,1,0.0,0.0,0,3
0.6588,0.0002,1,0.0,0.0,0,3
0.6588,0.04223333333333333,1,0.0,0.0,0,3
0.6588,0.054150000000000004,1,0.0,0.0,0,3
0.6588,0.0132,1,0.0,0.0,0,3
0.6588,0.020399999999999998,1,0.0,0.0,0,3
0.6588,0.006483333333333333,1,0.0,0.0,0,3
0.8787,31.629666666666665,1,0.0,0.0,0,3
0.8787,0.0,1,0.0,0.0,0,3
0.5784,2.1311833333333334,1,0.0,0.0,0,3
0.5784,1.6666666666666667e-05,1,0.0,0.0,0,3
0.3513,0.17435,1,0.0,0.0,0,3
0.3513,0.0001,1,0.0,0.0,0,3
0.4721,912.47575,1,0.0,0.0,0,3
0.4721,0.34798333333333337,1,0.0,0.0,0,3
0.4721,0.008283333333333334,1,0.0,0.0,0,3
0.4721,0.0145,1,0.0,0.0,0,3
0.4721,0.08406666666666666,1,0.0,0.0,0,3
0.4721,0.014733333333333333,1,0.0,0.0,0,3
0.4721,0.08406666666666666,1,0.0,0.0,0,3
0.8787,271.64395,1,0.0,0.0,0,3
0.8787,0.19291666666666665,1,0.0,0.0,0,3
0.8787,0.026216666666666666,1,0.0,0.0,0,3
0.8787,0.003916666666666666,1,0.0,0.0,0,3
0.8787,0.21826666666666666,1,0.0,0.0,0,3
0.8787,0.01215,1,0.0,0.0,0,3
0.8787,0.15573333333333333,1,0.0,0.0,0,3
0.8787,0.01145,1,0.0,0.0,0,3
0.8787,0.7032833333333334,1,0.0,0.0,0,3
0.8787,0.0136,1,0.0,0.0,0,3
0.8787,9825.468016666668,1,0.0,0.42,0,3
0.8787,0.1047,1,0.0,0.42,0,3
0.8787,0.1358,1,0.0,0.42,0,3
0.8787,0.09996666666666668,1,0.0,0.42,0,3
0.8787,0.015716666666666667,1,0.0,0.42,0,3
0.8787,0.010316666666666667,1,0.0,0.42,0,3
0.8787,0.026183333333333333,1,0.0,0.42,0,3
0.8787,0.009983333333333334,1,0.0,0.42,0,3
0.8787,0.041100000000000005,1,0.0,0.42,0,3
0.8787,0.01345,1,0.0,0.42,0,3
0.8787,0.05305,1,0.0,0.42,0,3
0.8787,1.8620166666666667,1,0.0,0.42,0,3
0.6588,2.1571166666666666,1,0.0,0.0,0,3
0.8787,4.126433333333334,1,0.0,0.42,0,3
0.8787,0.5793333333333333,1,0.0,0.42,0,3
0.8787,0.044649999999999995,1,0.0,0.42,0,3
0.8787,0.011583333333333333,1,0.0,0.42,0,3
0.8787,0.013033333333333334,1,0.0,0.42,0,3
0.8787,0.27398333333333336,1,0.0,0.42,0,3
0.8787,0.016733333333333333,1,0.0,0.42,0,3
0.8787,0.06571666666666667,1,0.0,0.42,0,3
0.8787,0.0207,1,0.0,0.42,0,3
0.8787,0.027299999999999998,1,0.0,0.42,0,3
0.8787,0.034699999999999995,1,0.0,0.42,0,3
0.8787,0.3842166666666667,1,0.0,0.42,0,3
0.8787,0.10844999999999999,1,0.0,0.42,0,3
0.8787,0.04181666666666666,1,0.0,0.42,0,3
0.8787,0.014983333333333333,1,0.0,0.42,0,3
0.8787,0.053316666666666665,1,0.0,0.42,0,3
0.8787,0.1995333333333333,1,0.0,0.42,0,3
0.8787,0.010033333333333333,1,0.0,0.42,0,3
0.8787,0.03428333333333333,1,0.0,0.42,0,3
0.8787,0.011066666666666667,1,0.0,0.42,0,3
0.8787,0.5708833333333333,1,0.0,0.42,0,3
0.8787,2.23105,1,0.0,0.42,0,3
0.8787,1.03875,1,0.0,0.42,0,3
0.8787,0.9212166666666667,1,0.0,0.42,0,3
0.8787,5.176733333333333,1,0.0,0.42,0,3
0.8787,0.11800000000000001,1,0.0,0.42,0,3
0.8787,0.022266666666666667,1,0.0,0.42,0,3
0.8787,0.013566666666666666,1,0.0,0.42,0,3
0.8787,0.010616666666666667,1,0.0,0.42,0,3
0.8787,0.023066666666666666,1,0.0,0.42,0,3
0.8787,29.3161,1,0.0,0.42,0,3
0.8787,5.139283333333334,1,0.0,0.42,0,3
0.8787,82.64908333333332,1,0.0,0.42,0,3
0.8787,0.028933333333333332,1,0.0,0.42,0,3
0.8787,0.014016666666666667,1,0.0,0.42,0,3
0.8787,0.051783333333333334,1,0.0,0.42,0,3
0.8787,0.0,1,0.0,0.42,0,3
0.8787,33.11725,1,0.0,0.42,0,3
0.8787,80.24274999999999,1,0.0,0.42,0,3
0.8787,0.5407666666666666,1,0.0,0.42,0,3
0.8787,0.34915,1,0.0,0.42,0,3
0.8787,0.021833333333333333,1,0.0,0.42,0,3
0.8787,0.026600000000000002,1,0.0,0.42,0,3
0.8787,0.015133333333333334,1,0.0,0.42,0,3
0.8787,0.01895,1,0.0,0.42,0,3
0.8787,0.019266666666666665,1,0.0,0.42,0,3
0.8787,0.006216666666666666,1,0.0,0.42,0,3
0.8787,0.05436666666666667,1,0.0,0.42,0,3
0.8787,1.7472833333333333,1,0.0,0.42,0,3
0.8787,11.560583333333334,1,0.0,0.42,0,3
0.375,9.5349,1,0.0,0.14,0,3
0.375,1.2642,1,0.0,0.14,0,3
0.375,0.01805,1,0.0,0.14,0,3
0.8787,99.48365,1,0.0,-0.84,0,3
0.8787,8.333333333333333e-05,1,0.0,-0.84,0,3
0.6588,0.26045,1,0.0,-0.37,0,3
0.6588,6.666666666666667e-05,1,0.0,-0.37,0,3
0.5784,0.06534999999999999,1,0.0,-1.52,0,3
0.5784,0.0,1,0.0,-1.52,0,3
0.2646,0.13368333333333335,1,0.0,-1.06,0,3
0.2646,0.00045,1,0.0,-1.06,0,3
0.4444,5.585183333333333,1,0.0,0.31,0,3
0.7596,0.00011666666666666667,1,0.0,-0.91,0,3
0.4444,3.4526499999999998,1,0.0,0.31,0,3
0.4444,0.0,1,0.0,0.31,0,3
0.4444,13.011283333333333,1,0.0,0.31,0,3
0.4444,0.028166666666666666,1,0.0,0.31,0,3
0.4444,1.6666666666666667e-05,1,0.0,0.31,0,3
0.1667,6.546483333333333,1,0.0,0.31,0,3
0.1667,0.0,1,0.0,0.31,0,3
0.8787,16.454233333333335,1,0.0,-0.84,0,3
0.8787,1.6666666666666667e-05,1,0.0,-0.84,0,3
0.8787,0.5931166666666667,1,0.0,-0.84,0,3
0.8787,0.3486166666666667,1,0.0,-0.84,0,3
0.8787,0.01985,1,0.0,-0.84,0,3
0.8787,0.022833333333333334,1,0.0,-0.84,0,3
0.8787,0.02928333333333333,1,0.0,-0.84,0,3
0.8787,0.01951666666666667,1,0.0,-0.84,0,3
0.8787,0.0249,1,0.0,-0.84,0,3
0.8787,0.015566666666666668,1,0.0,-0.84,0,3
0.8787,0.0059,1,0.0,-0.84,0,3
0.8787,0.3832833333333333,1,0.0,-0.84,0,3
0.8787,0.015866666666666664,1,0.0,-0.84,0,3
0.8787,0.028566666666666667,1,0.0,-0.84,0,3
0.8787,0.016216666666666667,1,0.0,-0.84,0,3
0.8787,0.021133333333333334,1,0.0,-0.84,0,3
0.8787,0.007533333333333334,1,0.0,-0.84,0,3
0.8787,0.010383333333333333,1,0.0,-0.84,0,3
0.8787,0.1176,1,0.0,-0.84,0,3
0.8787,2.17335,1,0.0,-0.84,0,3
0.8787,0.07456666666666667,1,0.0,-0.84,0,3
0.8787,0.014366666666666666,1,0.0,-0.84,0,3
0.8787,0.015266666666666668,1,0.0,-0.84,0,3
0.8787,0.01455,1,0.0,-0.84,0,3
0.8787,0.0688,1,0.0,-0.84,0,3
0.8787,0.010733333333333334,1,0.0,-0.84,0,3
0.8787,0.027116666666666667,1,0.0,-0.84,0,3
0.8787,0.018116666666666666,1,0.0,-0.84,0,3
0.8787,0.030716666666666666,1,0.0,-0.84,0,3
0.8787,0.00735,1,0.0,-0.84,0,3
0.8787,0.05816666666666667,1,0.0,-0.84,0,3
0.8787,0.010583333333333333,1,0.0,-0.84,0,3
0.8787,0.00825,1,0.0,-0.84,0,3
0.8787,0.03075,1,0.0,-0.84,0,3
0.8787,0.012316666666666667,1,0.0,-0.84,0,3
0.8787,0.020483333333333336,1,0.0,-0.84,0,3
0.8787,0.012266666666666667,1,0.0,-0.84,0,3
0.8787,0.022083333333333333,1,0.0,-0.84,0,3
0.8787,0.015083333333333334,1,0.0,-0.84,0,3
0.8787,0.0165,1,0.0,-0.84,0,3
0.8787,0.005266666666666667,1,0.0,-0.84,0,3
0.8787,0.02215,1,0.0,-0.84,0,3
0.8787,0.016116666666666665,1,0.0,-0.84,0,3
0.8787,0.05863333333333333,1,0.0,-0.84,0,3
0.8787,0.009516666666666666,1,0.0,-0.84,0,3
0.8787,0.014283333333333334,1,0.0,-0.84,0,3
0.8787,0.045616666666666666,1,0.0,-0.84,0,3
0.8787,0.0251,1,0.0,-0.84,0,3
0.8787,0.013616666666666666,1,0.0,-0.84,0,3
0.8787,0.025249999999999998,1,0.0,-0.84,0,3
0.8787,0.015300000000000001,1,0.0,-0.84,0,3
0.8787,0.018283333333333332,1,0.0,-0.84,0,3
0.8787,0.017216666666666665,1,0.0,-0.84,0,3
0.8787,0.006183333333333333,1,0.0,-0.84,0,3
0.8787,0.015500000000000002,1,0.0,-0.84,0,3
0.8787,0.021366666666666666,1,0.0,-0.84,0,3
0.8787,0.08771666666666667,1,0.0,-0.84,0,3
0.8787,0.01265,1,0.0,-0.84,0,3
0.8787,0.0222,1,0.0,-0.84,0,3
0.8787,0.011250000000000001,1,0.0,-0.84,0,3
0.8787,0.026783333333333333,1,0.0,-0.84,0,3
0.8787,0.05035,1,0.0,-0.84,0,3
0.8787,0.019783333333333333,1,0.0,-0.84,0,3
0.8787,0.01465,1,0.0,-0.84,0,3
0.8787,0.0318,1,0.0,-0.84,0,3
0.8787,0.024733333333333333,1,0.0,-0.84,0,3
0.8787,0.012533333333333334,1,0.0,-0.84,0,3
0.8787,0.02555,1,0.0,-0.84,0,3
0.8787,0.009683333333333332,1,0.0,-0.84,0,3
0.8787,0.021566666666666668,1,0.0,-0.84,0,3
0.8787,0.0487,1,0.0,-0.84,0,3
0.8787,0.010266666666666667,1,0.0,-0.84,0,3
0.8787,0.0232,1,0.0,-0.84,0,3
0.8787,0.0068,1,0.0,-0.84,0,3
0.8787,0.03813333333333333,1,0.0,-0.84,0,3
0.8787,0.016833333333333332,1,0.0,-0.84,0,3
0.8787,0.15421666666666667,1,0.0,-0.84,0,3
0.8787,0.01295,1,0.0,-0.84,0,3
0.8787,0.027899999999999998,1,0.0,-0.84,0,3
0.8787,0.024733333333333333,1,0.0,-0.84,0,3
0.8787,0.014199999999999999,1,0.0,-0.84,0,3
0.8787,0.009699999999999999,1,0.0,-0.84,0,3
0.8787,0.05276666666666666,1,0.0,-0.84,0,3
0.8787,0.022683333333333333,1,0.0,-0.84,0,3
0.8787,0.020716666666666668,1,0.0,-0.84,0,3
0.8787,0.005166666666666667,1,0.0,-0.84,0,3
0.8787,2.6426833333333333,1,0.0,-0.84,0,3
0.8787,0.07971666666666667,1,0.0,-0.84,0,3
0.8787,0.008833333333333334,1,0.0,-0.84,0,3
0.8787,0.3605,1,0.0,-0.84,0,3
0.8787,0.007783333333333334,1,0.0,-0.84,0,3
0.8787,0.028466666666666664,1,0.0,-0.84,0,3
0.8787,0.004166666666666667,1,0.0,-0.84,0,3
0.8787,0.06013333333333334,1,0.0,-0.84,0,3
0.75,17.714366666666667,1,0.0,-12.12,0,2
0.75,0.0178,1,0.0,-12.12,0,2
0.75,0.009966666666666667,1,0.0,-12.12,0,2
0.75,0.015483333333333333,1,0.0,-12.12,0,2
0.75,0.04473333333333333,1,0.0,-12.12,0,3
0.75,1.6666666666666667e-05,1,0.0,-12.12,0,3
0.8787,0.3792,1,0.0,-0.84,0,2
0.8787,0.09671666666666666,1,0.0,-0.84,0,3
0.8787,0.0002,1,0.0,-0.84,0,3
0.8787,0.09001666666666666,1,0.0,-0.84,0,3
0.8787,1.6666666666666667e-05,1,0.0,-0.84,0,3
0.75,1.2003166666666667,1,0.0,-12.12,0,3
0.75,0.017,1,0.0,-12.12,0,3
0.75,0.011133333333333334,1,0.0,-12.12,0,3
0.75,0.3157333333333333,1,0.0,-12.12,0,3
0.8787,26.688566666666667,1,0.0,-0.84,0,3
0.8787,1.6666666666666667e-05,1,0.0,-0.84,0,3
0.1667,0.11643333333333333,1,0.0,0.31,0,2
0.1667,0.00835,1,0.0,0.31,0,2
0.1667,0.05608333333333334,1,0.0,0.31,0,2
0.1667,0.010316666666666667,1,0.0,0.31,0,2
0.1667,0.009766666666666667,1,0.0,0.31,0,2
0.1667,0.011933333333333332,1,0.0,0.31,0,2
0.1667,0.0151,1,0.0,0.31,0,2
0.1667,0.011816666666666666,1,0.0,0.31,0,2
0.1667,0.047266666666666665,1,0.0,0.31,0,3
0.1667,6.666666666666667e-05,1,0.0,0.31,0,3
0.75,1.0134,1,0.0,-12.12,0,3
0.75,0.0005833333333333334,1,0.0,-12.12,0,3
0.0909,9.162166666666668,1,0.0,0.0,0,3
0.75,15.601116666666666,1,0.0,-12.12,0,3
0.75,0.0078000000000000005,1,0.0,-12.12,0,3
0.75,0.009366666666666667,1,0.0,-12.12,0,3
0.75,0.11420000000000001,1,0.0,-12.12,0,3
0.75,0.0024,1,0.0,-12.12,0,3
0.75,0.008016666666666667,1,0.0,-12.12,0,3
0.75,0.017566666666666668,1,0.0,-12.12,0,3
0.75,0.005216666666666666,1,0.0,-12.12,0,3
0.75,0.05885,1,0.0,-12.12,0,3
0.75,0.005683333333333334,1,0.0,-12.12,0,3
0.75,0.0072,1,0.0,-12.12,0,3
0.75,0.0057666666666666665,1,0.0,-12.12,0,3
0.75,0.01805,1,0.0,-12.12,0,3
0.75,0.0032833333333333334,1,0.0,-12.12,0,3
0.75,0.01923333333333333,1,0.0,-12.12,0,3
0.75,0.00015,1,0.0,-12.12,0,3
0.8787,930.2970833333333,1,0.0,-0.84,0,3
0.8787,9.10235,1,0.0,-0.84,0,3
0.8787,0.013216666666666666,1,0.0,-0.84,0,3
0.8787,0.4452666666666667,1,0.0,0.0,0,3
0.8787,1.7720666666666667,1,0.0,0.0,0,3
0.8787,0.24054999999999999,1,0.0,0.0,0,3
0.8787,0.0039833333333333335,1,0.0,0.0,0,3
0.8787,0.09303333333333333,1,0.0,0.0,0,3
0.8787,0.017849999999999998,1,0.0,0.0,0,3
0.8787,0.0076500000000000005,1,0.0,0.0,0,3
0.8787,0.11598333333333333,1,0.0,0.0,0,3
0.8787,0.017483333333333333,1,0.0,0.0,0,3
0.8787,3.1160666666666668,1,0.0,0.0,0,3
0.8787,0.0508,1,0.0,0.0,0,3
0.8787,0.0167,1,0.0,0.0,0,3
0.8787,0.0289,1,0.0,0.0,0,3
0.8787,0.0034,1,0.0,0.0,0,3
0.8787,0.6811166666666666,1,0.0,0.0,0,3
0.8787,0.43951666666666667,1,0.0,0.0,0,3
0.8787,0.02015,1,0.0,0.0,0,3
0.8787,0.020716666666666668,1,0.0,0.0,0,3
0.8787,0.003766666666666667,1,0.0,0.0,0,3
0.8787,0.03426666666666667,1,0.0,0.0,0,3
0.8787,0.025533333333333335,1,0.0,0.0,0,3
0.8787,0.5533833333333333,1,0.0,0.0,0,3
0.8787,1.8519166666666667,1,0.0,0.0,0,3
0.0909,4.4261333333333335,1,0.0,0.0,0,3
0.8787,1.0235166666666666,1,0.0,0.0,0,3
0.8787,8.333333333333333e-05,1,0.0,0.0,0,3
0.676,8.310466666666667,1,0.0,0.53,0,3
0.676,0.04996666666666667,1,0.0,0.53,0,3
0.676,0.00705,1,0.0,0.53,0,3
0.3925,2.418066666666667,1,0.0,0.11,0,2
0.3925,0.018116666666666666,1,0.0,0.11,0,2
0.3925,0.05973333333333333,1,0.0,0.11,0,3
0.3925,8.333333333333333e-05,1,0.0,0.11,0,3
0.1667,0.7814333333333334,1,0.0,0.56,0,3
0.1667,0.00023333333333333333,1,0.0,0.56,0,3
0.1667,0.3173166666666667,1,0.0,-0.31,0,3
0.1667,0.0001,1,0.0,-0.31,0,3
0.9598,0.4103,1,0.0,0.59,0,3
0.1667,10.288066666666667,1,0.0,0.0,0,3
0.1667,3.3333333333333335e-05,1,0.0,0.0,0,3
0.9598,0.6333833333333333,1,0.0,0.59,0,3
0.9598,1.6666666666666667e-05,1,0.0,0.59,0,3
0.9598,4.9902500000000005,1,0.0,0.59,0,3
0.9598,1.6666666666666667e-05,1,0.0,0.59,0,3
0.9598,0.037116666666666666,1,0.0,0.59,0,3
0.8787,17.298333333333336,1,0.0,-0.42,0,3
0.7826,52.28425,1,0.0,0.0,0,3
0.7826,0.02901666666666667,1,0.0,0.0,0,3
0.7826,0.027816666666666667,1,0.0,0.0,0,3
0.7826,0.08203333333333333,1,0.0,0.0,0,3
0.7826,0.013383333333333334,1,0.0,0.0,0,3
0.7826,0.012766666666666667,1,0.0,0.0,0,3
0.7826,0.06938333333333334,1,0.0,0.0,0,3
0.7826,0.012783333333333334,1,0.0,0.0,0,3
0.7826,0.009116666666666667,1,0.0,0.0,0,3
0.7826,0.017733333333333334,1,0.0,0.0,0,3
0.7826,0.00835,1,0.0,0.0,0,3
0.7826,0.11041666666666666,1,0.0,0.0,0,3
0.7826,0.01045,1,0.0,0.0,0,3
0.7826,0.010866666666666667,1,0.0,0.0,0,3
0.7826,0.0765,1,0.0,0.0,0,3
0.7826,0.8856666666666667,1,0.0,0.0,0,3
0.7826,0.023399999999999997,1,0.0,0.0,0,3
0.7826,0.013083333333333334,1,0.0,0.0,0,3
0.7826,0.019716666666666667,1,0.0,0.0,0,3
0.9598,10.248383333333333,1,0.0,1.18,0,3
0.9598,0.020266666666666665,1,0.0,1.18,0,3
0.9598,0.05338333333333333,1,0.0,1.18,0,3
0.9598,0.01415,1,0.0,1.18,0,3
0.9598,0.0121,1,0.0,1.18,0,3
0.9598,0.02325,1,0.0,1.18,0,3
0.9598,0.018233333333333334,1,0.0,1.18,0,3
0.9598,0.017616666666666666,1,0.0,1.18,0,3
0.9598,0.010383333333333333,1,0.0,1.18,0,3
0.375,27.746583333333334,1,0.0,-1.31,0,3
0.375,0.11188333333333333,1,0.0,-1.31,0,3
0.375,0.11436666666666667,1,0.0,-1.31,0,3
0.676,0.4409166666666666,1,0.0,-1.07,0,3
0.676,0.05645,1,0.0,-1.07,0,3
0.676,0.06918333333333333,1,0.0,-1.07,0,3
0.676,0.23451666666666665,1,0.0,-1.07,0,3
0.676,0.036333333333333336,1,0.0,-1.07,0,3
0.676,0.23498333333333335,1,0.0,-1.07,0,3
0.375,1.6666666666666667e-05,1,0.0,-1.31,0,3
0.8787,2.1703166666666664,1,0.0,-0.42,0,3
0.8787,1.6666666666666667e-05,1,0.0,-0.42,0,3
0.3513,0.5623833333333333,1,0.0,-1.44,0,3
0.3513,0.0002,1,0.0,-1.44,0,3
0.3513,0.05413333333333334,1,0.0,-1.44,0,3
0.9598,2.1279500000000002,1,0.0,0.59,0,3
0.6588,16.94633333333333,1,0.0,-0.25,0,3
0.6588,0.2831,1,0.0,-0.25,0,3
0.6588,0.024783333333333334,1,0.0,-0.25,0,3
0.6588,0.4246666666666667,1,0.0,-0.25,0,3
0.6588,0.010016666666666667,1,0.0,-0.25,0,3
0.6588,0.011816666666666666,1,0.0,-0.25,0,3
0.6588,0.02706666666666667,1,0.0,-0.25,0,3
0.6588,0.09798333333333333,1,0.0,-0.25,0,3
0.6588,1.6666666666666667e-05,1,0.0,-0.25,0,3
0.6588,2.2112,1,0.0,-0.25,0,3
0.375,90.75583333333334,1,0.0,-0.14,0,3
0.375,0.020833333333333332,1,0.0,-0.14,0,3
0.375,0.021916666666666664,1,0.0,-0.14,0,3
0.375,0.27935,1,0.0,-0.14,0,3
0.7596,1.4058,1,0.0,0.0,0,3
0.9598,0.9030833333333333,1,0.0,1.18,0,3
0.676,1.8702666666666665,1,0.0,-0.67,0,3
0.676,0.08206666666666668,1,0.0,-0.67,0,3
0.676,0.017516666666666666,1,0.0,-0.67,0,3
0.676,0.07416666666666667,1,0.0,-0.67,0,3
0.8787,5.5016,1,0.0,-0.42,0,3
0.8787,8.333333333333333e-05,1,0.0,-0.42,0,3
0.4648,0.12494999999999999,1,0.0,2.58,0,3
0.4648,8.333333333333333e-05,1,0.0,2.58,0,3
0.1667,13.4682,1,0.0,0.14,0,3
0.1667,8.333333333333333e-05,1,0.0,0.14,0,3
0.3293,30.750083333333336,1,0.0,-1.4,0,3
0.3293,0.0003333333333333333,1,0.0,-1.4,0,3
0.1667,11.685033333333333,1,0.0,-0.18,0,3
0.1667,6.666666666666667e-05,1,0.0,-0.18,0,3
0.6172,2.2115333333333336,1,0.0,0.47,0,3
0.6172,0.03213333333333333,1,0.0,0.47,0,3
0.6172,0.06881666666666666,1,0.0,0.47,0,3
0.6172,0.04625,1,0.0,0.47,0,3
0.6172,0.015233333333333333,1,0.0,0.47,0,3
0.6172,0.5485333333333333,1,0.0,0.47,0,3
0.6172,1.6666666666666667e-05,1,0.0,0.47,0,3
0.9598,11.8474,1,0.0,0.59,0,3
0.9598,0.03843333333333333,1,0.0,0.59,0,3
0.4648,56.502516666666665,1,0.0,6.97,0,3
0.4648,0.0001,1,0.0,6.97,0,3
0.375,10.616950000000001,1,0.0,-0.28,0,3
0.375,0.10341666666666667,1,0.0,-0.28,0,3
0.375,0.00013333333333333334,1,0.0,-0.28,0,3
0.7596,0.08065000000000001,1,0.0,2.22,0,3
0.7596,0.020433333333333335,1,0.0,2.22,0,3
0.7596,0.022516666666666667,1,0.0,2.22,0,3
0.7596,0.11658333333333333,1,0.0,2.22,0,3
0.7596,0.17671666666666666,1,0.0,2.22,0,3
0.1667,0.30050000000000004,1,0.0,0.0,0,3
0.1667,3.3333333333333335e-05,1,0.0,0.0,0,3
0.7596,0.20820000000000002,1,0.0,0.32,0,3
0.7596,1.6666666666666667e-05,1,0.0,0.32,0,3
0.7596,0.48058333333333336,1,0.0,2.22,0,3
0.7596,0.0,1,0.0,2.22,0,3
0.9598,0.22391666666666668,1,0.0,0.59,0,3
0.9598,0.00015,1,0.0,0.59,0,3
0.8787,1.6671333333333334,1,0.0,-0.63,0,3
0.8787,0.00036666666666666667,1,0.0,-0.63,0,3
0.8787,0.33945000000000003,1,0.0,-0.63,0,3
0.7596,0.75355,1,0.0,-0.34,0,3
0.7596,5e-05,1,0.0,-0.34,0,3
0.8787,3.1443,1,0.0,-0.63,0,3
0.8787,0.024766666666666666,1,0.0,-0.63,0,3
0.8787,2.48355,1,0.0,-0.63,0,3
0.8787,0.062150000000000004,1,0.0,-0.63,0,3
0.8787,0.21313333333333334,1,0.0,-0.63,0,3
0.8787,0.012133333333333333,1,0.0,-0.63,0,3
0.8787,0.023950000000000003,1,0.0,-0.63,0,3
0.8787,0.008416666666666666,1,0.0,-0.63,0,3
0.8787,0.14033333333333334,1,0.0,-0.63,0,3
0.8787,0.018283333333333332,1,0.0,-0.63,0,3
0.8787,0.0073,1,0.0,-0.63,0,3
0.8787,0.0107,1,0.0,-0.63,0,3
0.8787,0.023316666666666666,1,0.0,-0.63,0,3
0.8787,0.015633333333333332,1,0.0,-0.63,0,3
0.8787,0.02041666666666667,1,0.0,-0.63,0,3
0.8787,0.011433333333333334,1,0.0,-0.63,0,3
0.9598,0.08823333333333333,1,0.0,0.59,0,3
0.9598,0.020966666666666668,1,0.0,0.59,0,3
0.9598,0.009683333333333332,1,0.0,0.59,0,3
0.9598,0.037283333333333335,1,0.0,0.59,0,3
0.9598,0.0064,1,0.0,0.59,0,3
0.9598,0.03958333333333333,1,0.0,0.59,0,3
0.9598,0.013583333333333333,1,0.0,0.59,0,3
0.9598,0.026433333333333333,1,0.0,0.59,0,3
0.9598,0.019166666666666665,1,0.0,0.59,0,3
0.9598,0.010016666666666667,1,0.0,0.59,0,3
0.8787,0.6938,1,0.0,-0.63,0,3
0.8787,0.28845,1,0.0,-0.63,0,3
0.8787,0.09004999999999999,1,0.0,-0.63,0,3
0.8787,0.009316666666666668,1,0.0,-0.63,0,3
0.8787,0.021683333333333332,1,0.0,-0.63,0,3
0.8787,0.014383333333333333,1,0.0,-0.63,0,3
0.8787,0.0207,1,0.0,-0.63,0,3
0.8787,0.00705,1,0.0,-0.63,0,3
0.8787,0.16863333333333333,1,0.0,-0.63,0,3
0.8787,1.0934833333333331,1,0.0,-0.63,0,3
0.8787,19.86165,1,0.0,-0.63,0,3
0.8787,0.010116666666666666,1,0.0,-0.63,0,3
0.3513,15.3606,1,0.0,-0.72,0,3
0.3513,6.666666666666667e-05,1,0.0,-0.72,0,3
0.8787,12.209983333333334,1,0.0,-0.63,0,3
0.8787,0.7514500000000001,1,0.0,-0.63,0,3
0.8787,0.4467333333333333,1,0.0,-0.63,0,3
0.878,1029.9897333333333,1,0.0,-0.26,0,3
0.878,19.565099999999997,1,0.0,1.02,0,3
0.9598,62.10411666666666,1,0.0,0.59,0,3
0.9598,6.7694,1,0.0,0.59,0,3
0.9598,3.0471833333333334,1,0.0,0.59,0,3
0.9598,0.5055833333333334,1,0.0,0.59,0,3
0.9598,0.014066666666666667,1,0.0,0.59,0,3
0.9598,0.5624,1,0.0,0.59,0,3
0.9598,0.26648333333333335,1,0.0,0.59,0,3
0.9598,0.6136833333333332,1,0.0,0.59,0,3
0.9598,2.0921166666666666,1,0.0,0.59,0,3
0.9598,8.158683333333334,1,0.0,0.59,0,3
0.9598,0.47645,1,0.0,0.59,0,3
0.9598,261.29541666666665,1,0.0,0.0,0,3
0.9598,0.06878333333333334,1,0.0,0.0,0,3
0.9598,0.016366666666666665,1,0.0,0.0,0,3
0.9598,10.358116666666666,1,0.0,0.0,0,3
0.9117,0.09956666666666666,1,0.0,0.0,0,3
0.9117,0.02948333333333333,1,0.0,0.0,0,3
0.767,3.3847,1,0.0,0.0,0,3
0.767,0.01885,1,0.0,0.0,0,3
0.9117,23.130916666666668,1,0.0,0.0,0,3
0.9117,0.028133333333333333,1,0.0,0.0,0,3
0.9117,0.28846666666666665,1,0.0,0.0,0,3
0.9117,0.018333333333333333,1,0.0,0.0,0,3
0.9117,3.5655666666666668,1,0.0,0.0,0,3
0.9117,0.014733333333333333,1,0.0,0.0,0,3
0.9117,5.757066666666666,1,0.0,0.0,0,3
0.9117,1.55055,1,0.0,0.0,0,3
0.767,1024.19665,1,0.0,0.0,0,3
0.767,0.014783333333333334,1,0.0,0.0,0,3
0.767,0.41041666666666665,1,0.0,0.0,0,3
0.767,0.020816666666666667,1,0.0,0.0,0,3
0.767,0.8512000000000001,1,0.0,0.0,0,3
0.767,0.026233333333333334,1,0.0,0.0,0,3
0.2647,1.4745333333333333,1,0.0,0.0,0,3
0.2647,0.018283333333333332,1,0.0,0.0,0,3
0.2647,0.14753333333333335,1,0.0,0.0,0,3
0.2647,0.020733333333333333,1,0.0,0.0,0,3
0.7953,12.145033333333334,1,0.0,0.0,0,3
0.7953,1.6666666666666667e-05,1,0.0,0.0,0,3
0.9117,0.16908333333333334,1,0.0,0.0,0,3
0.9117,3.3333333333333335e-05,1,0.0,0.0,0,3
0.2647,0.33041666666666664,1,0.0,0.0,0,3
0.2647,0.0001,1,0.0,0.0,0,3
0.9117,4.533266666666666,1,0.0,0.0,0,3
0.9117,8.333333333333333e-05,1,0.0,0.0,0,3
0.9117,192.0169,1,0.0,0.0,0,3
0.9117,0.21565,1,0.0,0.0,0,3
0.9117,3.53835,1,0.0,0.0,0,3
0.9117,0.017166666666666667,1,0.0,0.0,0,4
0.5833,65.23106666666666,1,0.2,0.0,1,3
0.5833,0.01775,1,0.16666666666666666,0.0,1,4
0.767,1372.2614666666666,1,0.3333333333333333,0.0,0,3
0.767,0.0,1,0.3333333333333333,0.0,0,3
0.9117,8784.091966666667,1,0.3333333333333333,0.0,0,3
0.9117,0.062033333333333336,1,0.3333333333333333,0.0,0,4
0.5833,1296.26025,1,0.3333333333333333,0.0,0,3
0.5833,0.09926666666666667,1,0.2857142857142857,0.0,0,4
0.9117,3.3154166666666667,1,0.42857142857142855,0.0,0,3
0.9117,0.06323333333333334,1,0.42857142857142855,0.0,0,4
0.767,5.817833333333334,1,0.42857142857142855,0.0,0,3
0.767,0.09808333333333333,1,0.42857142857142855,0.0,0,4
0.767,86.63995,1,0.5714285714285714,0.0,0,3
0.767,0.11531666666666666,1,0.5714285714285714,0.0,0,4
0.4186,3.18115,1,0.5714285714285714,0.0,0,3
0.4186,1.6666666666666667e-05,1,0.5,0.0,0,3
0.4186,0.5320166666666667,1,0.5,0.0,0,3
0.4186,1.6666666666666667e-05,1,0.5,0.0,0,3
0.9117,11.333816666666667,1,0.5,0.0,0,3
0.9117,0.07926666666666667,1,0.5,0.0,0,4
0.9117,0.13495,1,0.5,0.0,0,3
0.9117,0.022716666666666666,1,0.5,0.0,0,3
0.767,0.8387833333333333,1,0.5,0.0,0,3
0.767,5e-05,1,0.5,0.0,0,3
0.2647,10.55705,1,0.5,0.0,0,3
0.2647,1.6666666666666667e-05,1,0.4444444444444444,0.0,0,3
0.9117,5690.649816666667,1,0.4444444444444444,0.0,0,3
0.9117,0.022983333333333335,1,0.4444444444444444,0.0,0,4
0.767,67.63913333333333,1,0.4444444444444444,0.0,0,3
0.767,0.0001,1,0.4444444444444444,0.0,0,3
0.1667,10.2675,1,0.4444444444444444,0.0,0,3
0.1667,0.00015,1,0.4,0.0,0,3
0.2857,59.992,1,0.4,0.0,0,3
0.2857,0.39786666666666665,1,0.36363636363636365,0.0,0,3
0.767,4227.787283333333,1,0.36363636363636365,0.0,0,3
0.767,0.017866666666666666,1,0.36363636363636365,0.0,0,3
0.767,0.017416666666666667,1,0.36363636363636365,0.0,0,3
0.767,0.03718333333333333,1,0.36363636363636365,0.0,0,3
0.767,0.0161,1,0.36363636363636365,0.0,0,3
0.767,2.778116666666667,1,0.36363636363636365,0.0,0,3
